"Phys. Inventory Doc.","Material","Description","Plant","Storage Location","Book quantity (MB52)","Qty Counted","Difference Quantity","Base Unit of Measure","Net Cost Difference"
"100317043","75C141114P502D","SPECTRA RENEWAL PARTS","","FLOR","320","0","0","H87","0"
"100324108","10054980P2","SIDE FR.","","FLOR","5","0","0","H87","0"
"100324109","10081114P11","SC SPLT NEUT LINE STUB 40A","","FLOR","24","0","0","H87","0"
"100325130","10081114P12","SC SPLT NEUT LINE STUB 30A","","FLOR","6","0","0","H87","0"
"100325131","10081114P7","SC SPLT NEUT LINE STUB 12A","","FLOR","1","0","0","H87","0"
"100325132","10081114P8","AUX NEUTRAL","","FLOR","2","0","0","H87","0"
"100325133","10081117P13","SC SPLT NEUT LOAD GF 25A","","FLOR","2","0","0","H87","0"
"100325134","10081117P14","AUX NEUTRAL","","FLOR","2","0","0","H87","0"
"100325135","10081117P16","SC SPLT NEUT LOAD GF 30A","","FLOR","1","0","0","H87","0"
"100325136","10081117P19","SC SPLT NEUT LOAD GF 40A","","FLOR","2","0","0","H87","0"
"100325137","10081125P15","SC SPLT NEUT LOAD SE 30A","","FLOR","2","0","0","H87","0"
"100325138","10081127P1","SA SPLT NEUT LINE STUB 80/16A","","FLOR","2","0","0","H87","0"
"100325139","10081127P10","SA SPLT NEUT LINE STUB 30A","","FLOR","4","0","0","H87","0"
"100325140","10081127P11","SPLIT NEUTRAL","","FLOR","10","0","0","H87","0"
"100325141","10081127P5","SA SPLT NEUT LINE STUB 80/16A","","FLOR","11","0","0","H87","0"
"100325142","10081127P8","SA SPLT NEUT LINE STUB 25A","","FLOR","8","0","0","H87","0"
"100325143","10081127P9","SA SPLT NEUT LINE STUB 25A","","FLOR","4","0","0","H87","0"
"100325144","10081128P13","SA SPLT NEUT LOAD 35W 25A","","FLOR","2","0","0","H87","0"
"100313760","B334P135A10A","AL BUS 35W 10A/20A","","FLOR","284","0","0","H87","0"
"100325146","10081129P11","SA SPLT NEUT LOAD 40W 25A","","FLOR","4","0","0","H87","0"
"100325147","10081129P15","SA SPLT NEUT LOAD 40W 30A","","FLOR","10","0","0","H87","0"
"100325148","10081129P4","SA SPLT NEUT LOAD 40W 80/16A","","FLOR","2","0","0","H87","0"
"100325149","10081134P1","SA SPLT NEUT LOAD 35W 80/16A","","FLOR","11","0","0","H87","0"
"100325150","10081134P15","SA SPLT NEUT LOAD 40W 30A","","FLOR","2","0","0","H87","0"
"100325151","10081134P6","SA SPLT NEUT LOAD 40W 12A","","FLOR","4","0","0","H87","0"
"100313861","10081658P2","B12H60C 0.25 X 4 X 144 SE ALUM","","FLOR","648.94","0","0","DB","0"
"100313561","CDEH1175","0.25 X 0.75 X 144 SE BARE","","FLOR","174649.22","12380","12380","DB","85422"
"100325154","10081833P634","SI HOR BAR 30W A3 C4","","FLOR","3","0","0","H87","0"
"100325155","10081833P662N","SI HOR BAR 30W A6 C2 W/NEU R","","FLOR","1","0","0","H87","0"
"100325156","10081833P772","SI HOR BAR 35W A7 C2","","FLOR","1","0","0","H87","0"
"100325157","10081833P782","SI HOR BAR 35W A8 C2","","FLOR","1","0","0","H87","0"
"100325158","10081833P784","SI HOR BAR 35W A8 C4","","FLOR","2","0","0","H87","0"
"100325159","10081833P854","COVER","","FLOR","1","0","0","H87","0"
"100325160","10081833P867","SI HOR BAR 40W A6 C7","","FLOR","1","0","0","H87","0"
"100325161","10081833P869N","SI HOR BAR 40W A6 C9 W/NEU R","","FLOR","1","0","0","H87","0"
"100325162","10081833P874N","SI HOR BAR 40W A7 C4 W/NEU R","","FLOR","1","0","0","H87","0"
"100325163","10081881P2","SC LUG STRAP 12A BCPS 65K","","FLOR","6","0","0","H87","0"
"100325164","10081882P2","SA LUG STRAP 12A BCPS 65K","","FLOR","1","0","0","H87","0"
"100325165","10081882P4","LUG STRAP","","FLOR","68","0","0","H87","0"
"100325166","10081900P2","SC LUG STRAP 25A BCPS","","FLOR","6","0","0","H87","0"
"100325167","10081900P3","SC LUG STRAP 30A BCPS","","FLOR","5","0","0","H87","0"
"100325168","10081901P1","LUG STRAP","","FLOR","18","0","0","H87","0"
"100325169","10081901P2","SA LUG STRAP 25A BCPS","","FLOR","6","0","0","H87","0"
"100325170","10081901P4","SA LUG STRAP 40A BCPS","","FLOR","3","0","0","H87","0"
"100325171","10081906P3","SC L LUG STRAPS 65K (CU-LH)","","FLOR","3","0","0","H87","0"
"100325172","10081906P5","SC L LUG STRAPS 65K (CU-LH)","","FLOR","13","0","0","H87","0"
"100325173","10081906P7","SC L LUG STRAPS 65K (CU-LH)","","FLOR","1","0","0","H87","0"
"100325174","10081938P1","SM PLATE ANTI-TURN 2 LUGS","","FLOR","5","0","0","H87","0"
"100325175","10081938P2","STRAP","","FLOR","24","0","0","H87","0"
"100325176","10081938P4","SM PLATE ANTI-TURN 5 LUGS","","FLOR","9","0","0","H87","0"
"100325177","10081938P5","SM PLATE ANTI-TURN 7 LUGS","","FLOR","6","0","0","H87","0"
"100325178","10082466P21","PC BUS","","FLOR","6","0","0","H87","0"
"100325179","10082466P3","PC BUS","","FLOR","3","0","0","H87","0"
"100325180","10082512P16","PC CONN MN BUS CU15AT20 B PH","","FLOR","2","0","0","H87","0"
"100325181","10082512P2","PC CONN MN BUS CU15AT20 A/C L","","FLOR","2","0","0","H87","0"
"100325182","10082512P8","PC CONN MN BUS CU15AT20 A/C R","","FLOR","2","0","0","H87","0"
"100325183","10083134P5","II SPACER 2.00","","FLOR","16","0","0","H87","0"
"100325184","10084259P2","S BRKT FOR SEALING COR POST","","FLOR","29","0","0","H87","0"
"100325185","10084408P3","SI C/T COMP INSUL BARR T5 40W","","FLOR","1","0","0","H87","0"
"100325186","10084408P8","SI CT COMP INSUL BARR T10 40W","","FLOR","4","0","0","H87","0"
"100325187","10084416P2","SM BRACKET MIDDLE BARRIER","","FLOR","96","0","0","H87","0"
"100325188","10084775P7","SA BUS BCPS HOR 08A 30W AL400","","FLOR","8","0","0","H87","0"
"100325189","10085198P10","SM HORIZ BRK XFRM 30W","","FLOR","54","0","0","H87","0"
"100325190","10085199P10","SM STRINGER XFRM","","FLOR","142","0","0","H87","0"
"100325191","10085205P1","S A SERIES MNT BKT 20W","","FLOR","22","0","0","H87","0"
"100325192","10085205P3","S A SERIES MNT BKT 30W","","FLOR","46","0","0","H87","0"
"100325193","10085205P5","S A SERIES MNT BKT 40W","","FLOR","9","0","0","H87","0"
"100325194","10085209P12","SM BRKT","","FLOR","1","0","0","H87","0"
"100325195","10085209P9","SM BRKT","","FLOR","1","0","0","H87","0"
"100325196","10085228P33","SM A SERIES CVR S 40W44H40","","FLOR","2","0","0","H87","0"
"100325197","10085228P35","SM A SERIES CVR S 4","","FLOR","8","0","0","H87","0"
"100325198","10085237P2","SM A SERIES BKT","","FLOR","51","0","0","H87","0"
"100325199","10085237P3","SM A SERIES BKT","","FLOR","41","0","0","H87","0"
"100325200","10085280P4","SM COVER 30W 84H W/SEAL PROV","","FLOR","1","0","0","H87","0"
"100325201","10085327P4","BRACKET","","FLOR","4","0","0","H87","0"
"100325202","10085741P18","SM COVER AUXILIARY","","FLOR","1","0","0","H87","0"
"100325203","10085953P10","PBII LINE SIDE BARR.35W 08-20A","","FLOR","1","0","0","H87","0"
"100325204","10085953P11","PBII LINE SIDE BARR.40W 08-20A","","FLOR","6","0","0","H87","0"
"100325205","10085953P9","PBII LINE SIDE BARR.30W 08-20A","","FLOR","4","0","0","H87","0"
"100325206","10086016P5","SM SENSOR LUG ADAPTOR","","FLOR","1","0","0","H87","0"
"100325207","10086016P6","SM SENSOR LUG ADAPTOR","","FLOR","1","0","0","H87","0"
"100325208","10086078P1","SM ISOLATION BARRIER BKT. 60W","","FLOR","8","0","0","H87","0"
"100325209","10086369P18","SM BRACKET AUX NEUTRAL R HAND","","FLOR","18","0","0","H87","0"
"100325210","10086369P23","SM BRACKET SUPPORT MAIN BUS","","FLOR","270","0","0","H87","0"
"100325211","10086369P31","SM BOTTOM BRKT SIDE BARRIER","","FLOR","97","0","0","H87","0"
"100325212","10086369P8","SM ACCESS PANEL COVER 35W","","FLOR","60","0","0","H87","0"
"100325213","10086536P4","SM TRAY BARRIER 30W S08","","FLOR","1","0","0","H87","0"
"100325214","10086548P100","SM MOUNTING PLATE 6","","FLOR","1","0","0","H87","0"
"100325215","10086548P13","MTG PLATE 12 X 25","","FLOR","2","0","0","H87","0"
"100325216","10086548P14","MTG PLATE","","FLOR","11","0","0","H87","0"
"100325217","10086548P15","SM MOUNTING PLATE 35W 12H","","FLOR","5","0","0","H87","0"
"100325218","10086548P16","MTG PLATE 12 X 40","","FLOR","1","0","0","H87","0"
"100325219","10086548P17","SM MOUNTING PLATE 45W 12H","","FLOR","1","0","0","H87","0"
"100325220","10086548P25","SM MOUNTING PLATE 35W 16H","","FLOR","9","0","0","H87","0"
"100325221","10086548P26","BRACE","","FLOR","1","0","0","H87","0"
"100325222","10086548P31","SM MOUNTING PLATE 15W 20H","","FLOR","3","0","0","H87","0"
"100325223","10086548P34","SM MOUNTING PLATE 30W 20H","","FLOR","3","0","0","H87","0"
"100325224","10086548P35","SM MOUNTING PLATE 35W 20H","","FLOR","8","0","0","H87","0"
"100325225","10086548P4","MTG PLATE","","FLOR","2","0","0","H87","0"
"100325226","10086548P46","SM MOUNTING PLATE 40W 24H","","FLOR","2","0","0","H87","0"
"100325227","10086548P54","SM MOUNTING PLATE 30W 28H","","FLOR","1","0","0","H87","0"
"100325228","10086548P56","SM MOUNTING PLATE 40W 28H","","FLOR","5","0","0","H87","0"
"100325229","10086548P64","SM MOUNTING PLATE 30W 32H","","FLOR","25","0","0","H87","0"
"100325230","10086548P74","SM MOUNTING PLATE 30W 36H","","FLOR","2","0","0","H87","0"
"100325231","10086548P80","SM MOUNTING PLATE 6","","FLOR","1","0","0","H87","0"
"100325232","10086548P86","SM MOUNTING PLATE 40W 40H","","FLOR","2","0","0","H87","0"
"100325233","10086559P17","SM MOUNTING PLATE 45W 12H","","FLOR","1","0","0","H87","0"
"100325234","10086559P26","MTG PLATE","","FLOR","2","0","0","H87","0"
"100325235","10086559P36","MOUNTING PLATE","","FLOR","3","0","0","H87","0"
"100325236","10086559P4","SM MOUNTING PLATE 30W 08H","","FLOR","4","0","0","H87","0"
"100325237","10086559P44","SM MOUNTING PLATE 30W 24H","","FLOR","1","0","0","H87","0"
"100325238","10086559P46","SM MOUNTING PLATE 40W 24H","","FLOR","1","0","0","H87","0"
"100325239","10086559P5","SM MOUNTING PLATE 35W 08H","","FLOR","2","0","0","H87","0"
"100325240","10086559P8","SM MOUNTING PLATE 50W 08H","","FLOR","3","0","0","H87","0"
"100325241","10086559P87","SM MOUNTING PLATE 4","","FLOR","1","0","0","H87","0"
"100325242","10086582P10","COVER SHARK 40X8","","FLOR","5","0","0","EA","0"
"100325243","10086582P11","SM CVR 5200 MTR 8X45 W&W/OCPT","","FLOR","15","0","0","H87","0"
"100325244","10086582P12","SM CVR 5200 MTR 8X50 W&W/OCPT","","FLOR","3","0","0","H87","0"
"100325245","10086582P22","SM CVR 5200 MTR 8X30 W/O PTS","","FLOR","1","0","0","H87","0"
"100325246","10086582P29","COVER PS SIN RELT 30X8","","FLOR","80","0","0","EA","0"
"100325247","10086582P32","SM COVER PS UNIT 8H X 45W","","FLOR","4","0","0","H87","0"
"100325248","10086582P33","SM COVER PS UNIT 8H X 50W","","FLOR","8","0","0","H87","0"
"100325249","10086582P75","&SM RELT DR HGD 40WX8H, R0","","FLOR","2","0","0","H87","0"
"100325250","10086582P83","COVER PS CON RELT 30X8","","FLOR","27","0","0","EA","0"
"100325251","10086582P84","&SM RELT DR HGD 35WX8H","","FLOR","42","0","0","H87","0"
"100325252","10086582P85","COVER PS CON RELT 40X8","","FLOR","7","0","0","EA","0"
"100325253","10086582P87","&SM RELT DR HGD 50WX8H","","FLOR","1","0","0","H87","0"
"100325254","10086582P9","COVER SHARK 35X8","","FLOR","25","0","0","EA","0"
"100325255","10086628P1","SM CVR MTR 9650 12X30 W&/OCPT","","FLOR","11","0","0","H87","0"
"100325256","10086628P3","SM CVR MTR 9650 12X40 W&/OCPT","","FLOR","4","0","0","H87","0"
"100325257","10086628P4","SM CVR MTR 9650 12X45 W&/OCPT","","FLOR","1","0","0","H87","0"
"100325258","10086644P1","SM GND BRKT","","FLOR","54","0","0","H87","0"
"100325259","10086767P11","SM BASE PLATE","","FLOR","459","0","0","H87","0"
"100325260","10086767P3","SM MNTG. PLATE 8H COVER","","FLOR","110","0","0","H87","0"
"100325261","10086830P1","LUG TAP","","FLOR","96","0","0","H87","0"
"100325262","10086831P11","SM 12H 40W DOOR W/BPHP","","FLOR","30","0","0","H87","0"
"100325263","10086889P11","SM 14H 40W DOOR W/BPHP","","FLOR","1","0","0","H87","0"
"100325264","10086889P4","SM 14H 30W DOOR W/BPHP","","FLOR","9","0","0","H87","0"
"100325265","10086890P11","SM 16H 40W DOOR W/BPHP","","FLOR","3","0","0","H87","0"
"100325266","10086890P4","COVER","","FLOR","8","0","0","H87","0"
"100325267","10086890P7","SM 16H 35W DOOR W/BPHP","","FLOR","1","0","0","H87","0"
"100325268","10086895P3","SM HOUSING ACT TVSS 35W","","FLOR","1","0","0","H87","0"
"100325269","10086895P5","SM HOUSING ACT TVSS 45W","","FLOR","25","0","0","H87","0"
"100325270","10086895P8","SM HOUSING ACT TVSS 60W","","FLOR","1","0","0","H87","0"
"100325271","10086896P1","SM CVR HINGED ACT TVSS 25W12H","","FLOR","2","0","0","H87","0"
"100325272","10086896P4","SM CVR HINGED ACT TVSS 40W12H","","FLOR","47","0","0","H87","0"
"100325273","10086917P1","SM BRACKET SDG&E BARRIER","","FLOR","25","0","0","H87","0"
"100325274","10086934P1","SM BRACKET BARRIER","","FLOR","246","0","0","H87","0"
"100325275","10086940P1","SM BRACKET BARRIER","","FLOR","167","0","0","H87","0"
"100325276","10086944P01","SM 06H 30W DOOR","","FLOR","1","0","0","H87","0"
"100325277","10086944P02","SM 06H 40W DOOR","","FLOR","1","0","0","H87","0"
"100325278","10086944P04","SM 06H 50W DOOR","","FLOR","1","0","0","H87","0"
"100325279","10086944P1","SM 08H 25W DOOR W/BPHP","","FLOR","1","0","0","H87","0"
"100325280","10086944P19","SM 08H 50W DOOR W/BPHP","","FLOR","7","0","0","H87","0"
"100325281","10086944P23","SM 08H 55W DOOR W/BPHP","","FLOR","2","0","0","H87","0"
"100325282","10086944P27","SM 08H 60W DOOR W/BPHP","","FLOR","1","0","0","H87","0"
"100325283","10086980P1","UC NEUT TAP W/1/4-20","","FLOR","1","0","0","H87","0"
"100325284","10086980P2","SC GND TAP CONN","","FLOR","7","0","0","H87","0"
"100325285","10086980P3","SC ADAPTER GROUND","","FLOR","7","0","0","H87","0"
"100325286","10086981P24","UC NEUT VERT STRAP CU TP 51H","","FLOR","1","0","0","H87","0"
"100325287","10086981P56","10086981P56.PRT","","FLOR","6","0","0","H87","0"
"100325288","10086992P2","COVER","","FLOR","1","0","0","H87","0"
"100325289","10087017P1","SC AUX NEUTRAL 600A CU","","FLOR","2","0","0","H87","0"
"100325290","10087017P3","SA AUX NEUTRAL 600A AL","","FLOR","8","0","0","H87","0"
"100325291","10087017P4","SA AUX NEUTRAL 1200A AL","","FLOR","9","0","0","H87","0"
"100325292","10087031P1","SC NEUTRAL EXTENSION 600A","","FLOR","2","0","0","H87","0"
"100325293","10087031P3","SA NEUTRAL EXTENSION 600A","","FLOR","11","0","0","H87","0"
"100325294","10087031P4","SA NEUTRAL EXTENSION 1200A","","FLOR","4","0","0","H87","0"
"100325295","10087032P1","SM TOP BRKT BARRIER LH","","FLOR","199","0","0","H87","0"
"100325296","10087032P2","SM TOP BRKT BARRIER RH","","FLOR","26","0","0","H87","0"
"100325297","10087044P1","SI TOP BARRIER","","FLOR","5","0","0","H87","0"
"100325298","10087044P2","SI TOP BARRIER","","FLOR","2","0","0","H87","0"
"100325299","10087044P3","SI TOP BARRIER","","FLOR","1","0","0","H87","0"
"100325300","10087050P3","SI EU CT BARRIER 12-20A C","","FLOR","2","0","0","H87","0"
"100325301","10087050P4","SI EU CT BARRIER 04-10A C","","FLOR","15","0","0","H87","0"
"100325302","10087051P1","SM EU CT 04A-10A BRKT LH","","FLOR","11","0","0","H87","0"
"100325303","10087051P2","SM EU CT 04A-10A BRKT RH","","FLOR","13","0","0","H87","0"
"100325304","10087051P3","SM EU CT 12A-20A BRKT LH","","FLOR","2","0","0","H87","0"
"100325305","10087051P4","SM EU CT 12A-20A BRKT RH","","FLOR","2","0","0","H87","0"
"100325306","10087051P5","SM EU CT 04-10A BRKT LH","","FLOR","1","0","0","H87","0"
"100325307","10087051P6","SM EU CT 04-10A BRKT RH","","FLOR","1","0","0","H87","0"
"100325308","10087052P1","SC NEUTRAL BUS 08/16A 35W","","FLOR","4","0","0","H87","0"
"100325309","10087052P11","SA NEUTRAL BUS 08/16A 35W","","FLOR","10","0","0","H87","0"
"100325310","10087052P13","SA NEUTRAL BUS 12/25A 35W","","FLOR","3","0","0","H87","0"
"100325311","10087052P14","SA NEUTRAL BUS 15/30A 35W","","FLOR","6","0","0","H87","0"
"100325312","10087052P18","SA NEUTRAL BUS 12/25A 40W","","FLOR","6","0","0","H87","0"
"100325313","10087052P20","SA NEUTRAL BUS 20/40A 40W","","FLOR","1","0","0","H87","0"
"100325314","10087062P1","SC AUX NEUTRAL CON 08/16A","","FLOR","4","0","0","H87","0"
"100325315","10087062P4","SA AUX NEUTRAL CON 08/16A","","FLOR","14","0","0","H87","0"
"100325316","10087087P1","SC HORIZ AUX NEUT 08A","","FLOR","5","0","0","H87","0"
"100325317","10087087P4","SA HORIZ AUX NEUT 08A","","FLOR","4","0","0","H87","0"
"100325318","10087087P6","SA HORIZ AUX NEUT 12A","","FLOR","2","0","0","H87","0"
"100325319","10087097P1","SI BOTTOM BARRIER INS","","FLOR","2","0","0","H87","0"
"100325320","10087112P1","SC NEUTRAL PLATE DISCON 600A","","FLOR","2","0","0","H87","0"
"100325321","10087112P3","SA NEUTRAL PLATE DISCON 600A","","FLOR","6","0","0","H87","0"
"100325322","10087114P1","SC EXT NEUTRAL 600A 4 BUS","","FLOR","2","0","0","H87","0"
"100325323","10087114P10","SA EXT NEUTRAL 1200A 4 BUS","","FLOR","4","0","0","H87","0"
"100325324","10087114P11","SA EXT NEUTRAL 1200A 4 BUS","","FLOR","2","0","0","H87","0"
"100325325","10087114P7","SA EXT NEUTRAL 600A 4 BUS","","FLOR","5","0","0","H87","0"
"100325326","10087114P8","SA EXT NEUTRAL 600A 5 BUS","","FLOR","1","0","0","H87","0"
"100325327","10087123P3","SM BRACKET VERTICAL RISER","","FLOR","365","0","0","H87","0"
"100325328","10087201P12","SM SIDE BARR EUSERC 40D M NEU","","FLOR","4","0","0","H87","0"
"100325329","10087201P14","SM SIDE BARR EUSERC 50D M NEU","","FLOR","7","0","0","H87","0"
"100325330","10087201P15","SM SIDE BARR EUSERC 55D M NEU","","FLOR","2","0","0","H87","0"
"100325331","10087201P4","SM SIDE BARR EUSERC 40D B NEU","","FLOR","1","0","0","H87","0"
"100325332","10087202P11","SI SIDE INS BARRIER 35D M NEU","","FLOR","4","0","0","H87","0"
"100325333","10087202P12","SI SIDE INS BARRIER 40D M NEU","","FLOR","11","0","0","H87","0"
"100325334","10087261P1","SM MTG BRACKET GROUND","","FLOR","502","0","0","H87","0"
"100325335","10087262P1","SM MTG BRACKET NEUTRAL","","FLOR","334","0","0","H87","0"
"100325336","10087289P1","SM SIDE BRACKET NEUTRAL SF","","FLOR","4","0","0","H87","0"
"100325337","10087291P1","SM COVER NON SOCKET METER","","FLOR","38","0","0","H87","0"
"100325338","10087298P1","MTG PLATE","","FLOR","2713","0","0","H87","0"
"100325339","10087298P11","SM DOOR HINGED, 30WX12H","","FLOR","50","0","0","H87","0"
"100325340","10087298P12","SM DOOR HINGED","","FLOR","10","0","0","H87","0"
"100325341","10087298P13","SM DOOR HINGED","","FLOR","22","0","0","H87","0"
"100325342","10087298P2","SM DOOR HINGED","","FLOR","2","0","0","H87","0"
"100325343","10087298P21","SM BASE PLATE","","FLOR","87","0","0","H87","0"
"100325344","10087298P35","SM BASE PL W/PUNCH","","FLOR","3","0","0","H87","0"
"100325345","10087298P36","SM BASE PL W/PUNCH","","FLOR","8","0","0","H87","0"
"100325346","10087298P37","SM BASE PL W/PUNCH","","FLOR","7","0","0","H87","0"
"100325347","10087298P40","SM BASE PL W/PUNCH","","FLOR","4","0","0","H87","0"
"100325348","10087298P43","SM BASE PL W/PUNCH, 30WX12H","","FLOR","32","0","0","H87","0"
"100325349","10087298P44","SM BASE PL W/PUNCH","","FLOR","10","0","0","H87","0"
"100325350","10087298P45","SM BASE PL W/PUNCH","","FLOR","27","0","0","H87","0"
"100325351","10087298P8","M DOOR HINGED","","FLOR","2","0","0","H87","0"
"100325352","10087390P12","POTENTIAL TAP 50D","","FLOR","2","0","0","H87","0"
"100325353","10087390P8","POTENTIAL TAP 30D","","FLOR","1","0","0","H87","0"
"100325354","10087390P9","POTENTIAL TAP 35D","","FLOR","2","0","0","H87","0"
"100325355","10087391P2","SC POT NEUTRAL 12-20A 40D","","FLOR","3","0","0","H87","0"
"100325356","10087399P1","SC AUX NEUTRAL 08A 30D","","FLOR","4","0","0","H87","0"
"100325357","10087399P33","SA AUX NEUTRAL 08A 30D","","FLOR","5","0","0","H87","0"
"100325358","10087399P35","SA AUX NEUTRAL 08A 40D","","FLOR","2","0","0","H87","0"
"100325359","10087399P36","SA AUX NEUTRAL 08A 45D","","FLOR","2","0","0","H87","0"
"100325360","10087399P50","SA AUX NEUTRAL 12A 50D","","FLOR","2","0","0","H87","0"
"100325361","10087399P54","SA AUX NEUTRAL 16A 40D","","FLOR","2","0","0","H87","0"
"100325362","10087404P1","SM NEUTRAL POT BRKT","","FLOR","19","0","0","H87","0"
"100325363","10087406P2","SM AUX NEUTRAL BRKT","","FLOR","486","0","0","H87","0"
"100325364","10087406P3","SM AUX NEUTRAL BRKT","","FLOR","151","0","0","H87","0"
"100325365","10087412P45","SM BARRIER EUC CT 04-10A 55D","","FLOR","2","0","0","H87","0"
"100325366","10087412P50","SM BARRIER EUC CT 12-20A 50D","","FLOR","1","0","0","H87","0"
"100325367","10087415P2","SI MAIN INSULATOR","","FLOR","3","0","0","H87","0"
"100325368","10087415P4","SI MAIN INSULATOR","","FLOR","18","0","0","H87","0"
"100325369","10087415P6","SI MAIN INSULATOR","","FLOR","1","0","0","H87","0"
"100325370","10087461P15","SA AUX NEUTRAL 16A","","FLOR","2","0","0","H87","0"
"100325371","10087461P20","SA AUX NEUTRAL 20A","","FLOR","1","0","0","H87","0"
"100325372","10087474P1","SI SIDE BARRIER 18D 40H 20A","","FLOR","2","0","0","H87","0"
"100325373","10087474P2","UI VERTICAL SIDE BARRIER","","FLOR","2","0","0","H87","0"
"100325374","10087475P1","SA SIDE BARRIER 18D 40H 20A","","FLOR","4","0","0","H87","0"
"100325375","10087475P2","UA VERTICAL SIDE BARRIER","","FLOR","2","0","0","H87","0"
"100325376","10087488P26","10087488P26.PRT","","FLOR","7","0","0","H87","0"
"100325377","10087488P8","UC NEUT CONN STD 10D TP","","FLOR","1","0","0","H87","0"
"100325378","10087509P1","CHANNEL BRC CU 45W 13T 16-30A","","FLOR","4","0","0","H87","0"
"100325379","10087803P23","SI BARRIER SUPPORT 40W","","FLOR","2","0","0","H87","0"
"100325380","10087803P26","SI BARRIER SUPPORT 13H","","FLOR","2","0","0","H87","0"
"100325381","10087803P30","SI REAR BARRIER HOR 30D 40W","","FLOR","2","0","0","H87","0"
"100325382","10087809P31","SC NEUTRAL DISC BUS 10A","","FLOR","7","0","0","H87","0"
"100325383","10087809P32","SC NEUTRAL DISC BUS 10/20A","","FLOR","7","0","0","H87","0"
"100325384","10087809P59","SC NEUTRAL DISC LINK 8A NO GF","","FLOR","8","0","0","H87","0"
"100325385","10087809P80","SC NEUTRAL SPLIT LOAD 08A 30D","","FLOR","1","0","0","H87","0"
"100325386","10087809P81","SC NEUTRAL SPLIT LOAD 08A 35D","","FLOR","2","0","0","H87","0"
"100325387","10087958P155","SM FLOOR PLATE STD RH 40D 35W","","FLOR","2","0","0","H87","0"
"100325388","10087958P55","SM FLOOR PLATE STD LH 40D 35W","","FLOR","2","0","0","H87","0"
"100325389","10088058P10","SA SPLICE NEUT OFF 08/16A 5","","FLOR","2","0","0","H87","0"
"100325390","10088058P11","SA BUS SPLICE OFFSET 08/16A","","FLOR","6","0","0","H87","0"
"100325391","10088058P13","SA BUS SPLICE OFFSET 08/16A","","FLOR","1","0","0","H87","0"
"100325392","10088058P2","SA BUS SPLICE OFFSET 16A","","FLOR","5","0","0","H87","0"
"100325393","10088058P4","SA BUS SPLICE OFFSET 16A","","FLOR","1","0","0","H87","0"
"100325395","10088058P47","SA BUS SPLICE OFFSET 12/25A","","FLOR","1","0","0","H87","0"
"100325397","10088058P55","SA BUS SPLICE OFFSET 30A","","FLOR","1","0","0","H87","0"
"100325398","10088058P60","SA BUS SPLICE OFFSET 30A","","FLOR","3","0","0","H87","0"
"100325399","10088058P64","SA BUS SPLICE OFFSET 30A","","FLOR","1","0","0","H87","0"
"100325400","10088058P69","SA BUS SPLICE OFFSET 30A","","FLOR","3","0","0","H87","0"
"100325401","10088058P78","SA BUS SPLICE OFFSET 40A","","FLOR","2","0","0","H87","0"
"100325402","10088058P87","SA BUS SPLICE OFFSET 40A","","FLOR","3","0","0","H87","0"
"100325403","10088094P1","SM BRKT, WIRE WAY","","FLOR","46","0","0","H87","0"
"100325404","10088096P13","SM SIDE BARR EUSERC 40D TB20","","FLOR","3","0","0","H87","0"
"100325405","10088096P14","SM SIDE BARR EUSERC 40D TB25","","FLOR","1","0","0","H87","0"
"100325406","10088096P2","SM SIDE BARR EUSERC 25D TB10","","FLOR","1","0","0","H87","0"
"100325407","10088096P25","SM SIDE BARR EUSERC 50D TB25","","FLOR","1","0","0","H87","0"
"100325408","10088096P26","SM SIDE BARR EUSERC 50D TB30","","FLOR","1","0","0","H87","0"
"100325409","10088096P27","SM SIDE BARR EUSERC 50D TB35","","FLOR","5","0","0","H87","0"
"100325410","10088096P4","SM SIDE BARR EUSERC 30D TB10","","FLOR","1","0","0","H87","0"
"100325411","10088096P45","SI MAIN BUS BARRIER INSUL 5D","","FLOR","1","0","0","H87","0"
"100325412","10088096P5","SM SIDE BARR EUSERC 30D TB15","","FLOR","17","0","0","H87","0"
"100325413","10088096P53","SI NEUTRAL BARRIER INSUL 5D","","FLOR","1","0","0","H87","0"
"100325414","10088114P28","SI SERV ENTR HOR BARR 30W 40D","","FLOR","2","0","0","H87","0"
"100325415","10088118P10","SI BARRIER CTR 40D CT 04-10A","","FLOR","7","0","0","H87","0"
"100325416","10088118P12","SI BARRIER CTR 50D CT 04-10A","","FLOR","2","0","0","H87","0"
"100325417","10088118P21","SI BARRIER CTR 35D CT 12-20A","","FLOR","1","0","0","H87","0"
"100325418","10088118P22","SI BARRIER CTR 40D CT 12-20A","","FLOR","4","0","0","H87","0"
"100325419","10088118P23","SI BARRIER CTR 45D CT 12-20A","","FLOR","1","0","0","H87","0"
"100325420","10088118P8","SI BARRIER CTR 30D CT 04-10A","","FLOR","14","0","0","H87","0"
"100325421","10088118P9","SI BARRIER CTR 35D CT 04-10A","","FLOR","7","0","0","H87","0"
"100325422","10088127P30","SC ABB XFMR XTION SPL 40A C/A","","FLOR","1","0","0","H87","0"
"100325423","10088127P36","SC ABB XFMR XTION SPL 40A CU","","FLOR","1","0","0","H87","0"
"100313501","75C143990P464","TIER CU 40A T3 TOP B","","FLOR","99","0","0","H87","0"
"100325425","10088128P1","SM ABB MTG BRKT NEUT TO GND","","FLOR","5","0","0","H87","0"
"100325426","10088128P2","SM ABB XTION MTG BRKT","","FLOR","14","0","0","H87","0"
"100325427","10088129P18","SM ABB ADPT GND TO NEUT 30/40","","FLOR","2","0","0","H87","0"
"100325428","10088129P20","SM ABB ADPT GND TO NEUT CU/AL","","FLOR","2","0","0","H87","0"
"100325429","10088129P21","SM ABB ADPT GND TO NEUT CU/AL","","FLOR","1","0","0","H87","0"
"100325430","10088129P4","SM ABB GND CON OUT 05-10A 45D","","FLOR","1","0","0","H87","0"
"100325431","10088130P2","SM ABB FULL HGT BARRIER 35D","","FLOR","1","0","0","H87","0"
"100325432","10088130P4","SM ABB FULL HGT BARRIER 45D","","FLOR","1","0","0","H87","0"
"100325433","10088130P5","SM ABB FULL HGT BARR 50-60D","","FLOR","1","0","0","H87","0"
"100325434","10088130P6","SM ABB NEUTRAL BARRIER","","FLOR","2","0","0","H87","0"
"100325435","10088150P1","SA BONDING JUMPER","","FLOR","2","0","0","H87","0"
"100325436","10088158P1","SA A PHASE LUG PAD 16-20A","","FLOR","6","0","0","H87","0"
"100325437","10088158P15","SA A PHA PBII TIER","","FLOR","2","0","0","H87","0"
"100325438","10088158P16","SA A PHA PBII TIER","","FLOR","1","0","0","H87","0"
"100325439","10088158P19","SA B PHA PII TIER","","FLOR","2","0","0","H87","0"
"100325440","10088158P2","SA B","","FLOR","6","0","0","H87","0"
"100325441","10088158P20","SA B PHA PII TIER","","FLOR","2","0","0","H87","0"
"100325442","10088158P23","SA C PHA PBII TIER","","FLOR","2","0","0","H87","0"
"100325443","10088158P24","SA C PHA PBII TIER","","FLOR","1","0","0","H87","0"
"100325444","10088158P3","SA NEUT LUG PAD 16-20A","","FLOR","7","0","0","H87","0"
"100325445","10088158P55","SA GROUND RISER 20A 42H","","FLOR","1","0","0","H87","0"
"100325446","10088158P57","SA AUX GND RISER 20A 6H","","FLOR","1","0","0","H87","0"
"100325447","10088158P79","SA AUX GND EXTEND 20A 30D","","FLOR","1","0","0","H87","0"
"100325448","10088158P88","SA GND DISCONN LINK 20A","","FLOR","1","0","0","H87","0"
"100325449","10088158P96","SA B","","FLOR","7","0","0","H87","0"
"100325450","10088266P1","SM BRACKET MAIN BUS","","FLOR","262","0","0","H87","0"
"100325451","10088284P1","SI BOTTOM BARRIER 35W T2","","FLOR","1","0","0","H87","0"
"100325452","10088343P1","SA VERTICAL RISER","","FLOR","1","0","0","H87","0"
"100325453","10088343P2","SA VERTICAL RISER","","FLOR","4","0","0","H87","0"
"100325454","10088343P5","SA VERTICAL RISER","","FLOR","6","0","0","H87","0"
"100325455","10088347P1","SC NEUT SPLIT BUS 08/16A 35W","","FLOR","1","0","0","H87","0"
"100325456","10088347P13","SA NEUT SPLIT BUS 12/25A 35W","","FLOR","3","0","0","H87","0"
"100325457","10088347P15","SA NEUT SPLIT BUS 20/40A 35W","","FLOR","2","0","0","H87","0"
"100325458","10088348P1","SC NEUT SPLIT BUS 08/16A","","FLOR","1","0","0","H87","0"
"100325459","10088348P10","SA NEUT SPLIT BUS 20/40A","","FLOR","2","0","0","H87","0"
"100325460","10088348P6","SA NEUT SPLIT BUS 08/16A","","FLOR","1","0","0","H87","0"
"100325461","10088348P8","SA NEUT SPLIT BUS 12/25A","","FLOR","3","0","0","H87","0"
"100325462","10088368P1","SC NEUT RISER 30-60D","","FLOR","1","0","0","H87","0"
"100325463","10088386P25","SA NEUT RISER 20/40A 50D","","FLOR","1","0","0","H87","0"
"100325464","10088386P30","SA NEUT RISER 20/40A 55D","","FLOR","1","0","0","H87","0"
"100325465","10088386P5","SA NEUT RISER 20/40A 30D","","FLOR","1","0","0","H87","0"
"100325466","10088388P25","SA NEUTRAL RISER 20/40A 50D","","FLOR","1","0","0","H87","0"
"100325467","10088388P30","SA NEUTRAL RISER 20/40A 55D","","FLOR","1","0","0","H87","0"
"100325468","10088388P8","SA NEUTRAL RISER 12/25A 35D","","FLOR","1","0","0","H87","0"
"100325469","10088389P25","SA NEUTRAL RISER 20/40A 50D","","FLOR","1","0","0","H87","0"
"100325470","10088389P30","SA NEUTRAL RISER 20/40A 55D","","FLOR","1","0","0","H87","0"
"100325471","10088391P1","SC BND JUMPER M/N DISC 30D","","FLOR","2","0","0","H87","0"
"100325472","10088391P2","SC BND JUMPER M/N DISC 35D","","FLOR","1","0","0","H87","0"
"100325473","10088391P3","SC BND JUMPER M/N DISC 40D","","FLOR","1","0","0","H87","0"
"100325474","10088391P5","SC BND JUMPER M/N DISC 50D","","FLOR","1","0","0","H87","0"
"100325475","10088391P6","SC BND JUMPER M/N DISC 55D","","FLOR","1","0","0","H87","0"
"100325476","10088394P1","SC BND JUMPER M/N DISC","","FLOR","3","0","0","H87","0"
"100325477","10088394P2","SC BND JUMPER M/N DISC","","FLOR","2","0","0","H87","0"
"100325478","10088395P1","SC MAIN NEUT CON 08/16A","","FLOR","1","0","0","H87","0"
"100325479","10088395P10","SA MAIN NEUT CON 20/40A","","FLOR","2","0","0","H87","0"
"100325480","10088395P6","SA MAIN NEUT CON 08/16A","","FLOR","1","0","0","H87","0"
"100325481","10088395P8","SA MAIN NEUT CON 12/25A","","FLOR","3","0","0","H87","0"
"100325482","10088397P1","SM BRKT VERT BRACING","","FLOR","8","0","0","H87","0"
"100325483","10088398P1","VERT NEUT SUPPORT BRACING 35W","","FLOR","2","0","0","H87","0"
"100325484","10088416P2","PM FILLER COLLECTOR 18X","","FLOR","33","0","0","H87","0"
"100325485","10088416P3","BRACKET","","FLOR","18","0","0","H87","0"
"100325486","10088416P6","PM FILLER COLLECTOR 38X","","FLOR","12","0","0","H87","0"
"100325487","10090069P2","SA VERTICAL RISER","","FLOR","22","0","0","H87","0"
"100325488","10090069P3","SA VERTICAL RISER","","FLOR","1","0","0","H87","0"
"100325489","10090069P5","SA VERTICAL RISER","","FLOR","3","0","0","H87","0"
"100325490","10090069P6","SA VERTICAL RISER-AL 600A","","FLOR","12","0","0","H87","0"
"100325491","10090069P7","SA VERTICAL RISER-AL 1200A","","FLOR","7","0","0","H87","0"
"100325492","10090070P2","SC VERTICAL RISER","","FLOR","4","0","0","H87","0"
"100325493","10090070P6","SC VERTICAL RISER-CU 600A","","FLOR","2","0","0","H87","0"
"100325494","10090097P10","BM SIDE TRIM 36","","FLOR","6","0","0","H87","0"
"100325495","10090097P11","BM SIDE TRIM 36","","FLOR","52","0","0","H87","0"
"100325496","10090097P12","BM SIDE TRIM 36","","FLOR","2","0","0","H87","0"
"100325497","10090097P13","BM SIDE TRIM 36","","FLOR","14","0","0","H87","0"
"100325498","10090097P8","BM SIDE TRIM 36","","FLOR","2","0","0","H87","0"
"100325499","10090203P3","LABEL FILLER","","FLOR","1","0","0","H87","0"
"100325500","10090242P1","SM BRACKET BARRIER","","FLOR","1","0","0","H87","0"
"100325501","10090260P2","SA HORIZONTAL BARRIER","","FLOR","1","0","0","H87","0"
"100325502","10090317P15","SM BARRIER EUC CT 04-10A 35D","","FLOR","7","0","0","H87","0"
"100325503","10090317P16","SM BARRIER EUC CT 04-10A 40D","","FLOR","14","0","0","H87","0"
"100325504","10090317P17","SM BARRIER EUC CT 04-10A 45D","","FLOR","2","0","0","H87","0"
"100325505","10090317P24","SM BARRIER EUC CT 12-20A 50D","","FLOR","4","0","0","H87","0"
"100325506","10090360P1","SA BARRIER PROTECTOR","","FLOR","2","0","0","H87","0"
"100325507","10090390P122","SM COVER GUTT ADS 45W 28X 42H","","FLOR","2","0","0","H87","0"
"100325508","10090390P125","SM COVER GUTT ADS 45W 43X 63H","","FLOR","4","0","0","H87","0"
"100325509","10090390P14","GUTTER COVER","","FLOR","1","0","0","H87","0"
"100325510","10090390P35","SM COVER","","FLOR","4","0","0","H87","0"
"100325511","10090390P6","GUTTER COVER - 38X","","FLOR","2","0","0","H87","0"
"100325512","10090390P7","GUTTER COVER - 43X","","FLOR","4","0","0","H87","0"
"100325513","10090423P6","SM SHIPPING BRACE","","FLOR","1","0","0","H87","0"
"100325514","10090436P1","45W 18D INSUL BARR","","FLOR","6","0","0","H87","0"
"100325515","10090564P5","PM DOOR","","FLOR","6","0","0","H87","0"
"100325516","10090842P1","SI SUPPORT CHANNEL LUG","","FLOR","8","0","0","H87","0"
"100325517","10091788P4","SC CORNER MAIN BUS","","FLOR","8","0","0","H87","0"
"100325518","10091821P12","S CORNER LINK BUS 12A AL","","FLOR","15","0","0","H87","0"
"100325519","10091821P16","S CORNER LINK BUS 25A AL","","FLOR","15","0","0","H87","0"
"100325520","10091822P12","S CORNER BUS LINK 12A AL","","FLOR","5","0","0","H87","0"
"100325521","10091822P16","S CORNER BUS LINK 25A AL","","FLOR","5","0","0","H87","0"
"100325522","10091823P1","SM NEUTRAL BRACKET","","FLOR","4","0","0","H87","0"
"100325523","10091824P1","SM MAIN BUS BRACKET","","FLOR","3","0","0","H87","0"
"100325524","10091962P1","SM CS GND BRKT","","FLOR","1","0","0","H87","0"
"100325525","10092018P1","SC N3R GROUND RISER ABB XFMR","","FLOR","1","0","0","H87","0"
"100325526","10092020P2","SC GND SPLICE ABB XTION N3R","","FLOR","3","0","0","H87","0"
"100325527","10092269P6","S ST MAIN BUS 20W 08/16A AL","","FLOR","44","0","0","H87","0"
"100325528","10092269P7","S ST MAIN BUS 20W 10/20A AL","","FLOR","14","0","0","H87","0"
"100325529","10092294P1","SM CHANNEL SUPPORT RH","","FLOR","1","0","0","H87","0"
"100325530","10092295P1","SM CHANNEL SUPPORT LH","","FLOR","1","0","0","H87","0"
"100325531","10092297P1","SC SOCKET METER CAP","","FLOR","3","0","0","H87","0"
"100325532","10092297P2","SC SOCKET METER CAP","","FLOR","3","0","0","H87","0"
"100325533","10092299P1","SA ST TOP BARRIER","","FLOR","2","0","0","H87","0"
"100325534","10092300P1","SA ST REAR BARRIER","","FLOR","2","0","0","H87","0"
"100325535","10092316P1","SA ST BOTTOM BARRIER SF","","FLOR","2","0","0","H87","0"
"100325536","10092412P1","SM BRKT MAIN BUS 60A 100KAIC","","FLOR","2","0","0","H87","0"
"100325537","10092816P1","SM BOTTOM BRKT ST","","FLOR","16","0","0","H87","0"
"100325538","10092816P2","SM BOTTOM BRKT ST","","FLOR","2","0","0","H87","0"
"100325539","10092816P5","SM BRACKET BARRIER","","FLOR","23","0","0","H87","0"
"100325540","10092817P1","SM SOCKET BACK PLATE","","FLOR","27","0","0","H87","0"
"100325541","10092932P1","SM BRKT AUX NEUTRAL","","FLOR","4","0","0","H87","0"
"100325542","10093071P1","SHEET MTL STRIP","","FLOR","8","0","0","H87","0"
"100325543","10093071P3","SC SHT MTL STRP","","FLOR","4","0","0","H87","0"
"100325544","10093071P4","SM SH-MTL STRIP","","FLOR","1","0","0","H87","0"
"100325545","10093100P1","SC VERT RISER","","FLOR","27","0","0","H87","0"
"100325546","10093100P2","SC VERT RISER RECEP GENTOWER","","FLOR","160","0","0","H87","0"
"100325547","10093100P3","SC VERT RISER RECP CU 25A","","FLOR","42","0","0","H87","0"
"100325548","10093100P4","SC VERT RISER RECP CU 30A","","FLOR","16","0","0","H87","0"
"100325549","10093101P19","SC RECP TIER C-PH INN 16A","","FLOR","1","0","0","H87","0"
"100325550","10093101P20","SC RECP TIER C-PH OUT 16A","","FLOR","1","0","0","H87","0"
"100325551","10093101P21","SC RECP TIER B-PH INN 16A","","FLOR","1","0","0","H87","0"
"100325552","10093101P22","SC RECP TIER B-PH OUT 16A","","FLOR","1","0","0","H87","0"
"100325553","10093101P23","SC RECP TIER A-PH INN 16A","","FLOR","1","0","0","H87","0"
"100325554","10093101P24","SC RECP TIER A-PH OUT 16A","","FLOR","1","0","0","H87","0"
"100325555","10093101P3","SC RECP TIER B-PH","","FLOR","2","0","0","H87","0"
"100325556","10093101P4","SC RECP TIER B-PH","","FLOR","2","0","0","H87","0"
"100325557","10093103P2","SHT MTL STR","","FLOR","11","0","0","H87","0"
"100325558","10093104P1","SC AUX NEUTRAL","","FLOR","2","0","0","H87","0"
"100325559","10093106P1","SM BARRIER EUC 30D","","FLOR","2","0","0","H87","0"
"100325560","10093110P1","SC GRND BUS RECEP 16-20A","","FLOR","4","0","0","H87","0"
"100325561","10093111P2","SC GND RISER","","FLOR","1","0","0","H87","0"
"100325562","10093112P1","SC FLAT RISER RECP GQC 20A","","FLOR","16","0","0","H87","0"
"100325563","10093112P2","SC FLAT RISER RECP CU 25A","","FLOR","8","0","0","H87","0"
"100325564","10093114P1","SC NEUT RISER","","FLOR","1","0","0","H87","0"
"100325565","10093114P2","SC NEUT RISER","","FLOR","1","0","0","H87","0"
"100325566","10093117P1","SM RECP GLAST BRKT TOP","","FLOR","1","0","0","H87","0"
"100325567","10093117P2","SM RECP GLAST BRKT BOT","","FLOR","1","0","0","H87","0"
"100325568","10093117P3","SM RECP GLAST BRKT T&B","","FLOR","6","0","0","H87","0"
"100325569","10093118P1","SM RECP BRACING BRKT","","FLOR","3","0","0","H87","0"
"100325570","10093118P4","SM RECP BRACING BRKT","","FLOR","6","0","0","H87","0"
"100325571","10093120P1","SC AUX GROUND 16A & 20A","","FLOR","1","0","0","H87","0"
"100325572","10093122P1","SC AUX NEUTRAL STRAP","","FLOR","1","0","0","H87","0"
"100325573","10093122P2","SC AUX NEUTRAL STRAP","","FLOR","1","0","0","H87","0"
"100325574","10093124P1","SM RECP BRKT CRNR PST","","FLOR","6","0","0","H87","0"
"100325575","10093124P2","SM RECP BRKT CRNR PST","","FLOR","4","0","0","H87","0"
"100325576","10093125P1","SC NEUTRAL DISCONNECT","","FLOR","2","0","0","H87","0"
"100325577","10093127P1","SC NEUT STRP RECEP","","FLOR","2","0","0","H87","0"
"100325578","10093129P1","SM RECEP CVR WITH HANDLE 16A","","FLOR","2","0","0","H87","0"
"100325579","10093129P4","SM RECEP COVER W HANDLE 30A","","FLOR","1","0","0","H87","0"
"100325580","10093129P5","SM RECEP COVER W HANDLE 40A","","FLOR","2","0","0","H87","0"
"100325581","10093134P10","SM STEEL BARRIER TOP NEUT 40D","","FLOR","2","0","0","H87","0"
"100325582","10093134P16","SM STEEL BARRIER TOP NEUT 50D","","FLOR","4","0","0","H87","0"
"100325583","10093134P27","SM STEEL BARRIER TOP NEUT 55D","","FLOR","2","0","0","H87","0"
"100325584","10093143P3","SI INS BARRIER TOP NEUT 30D","","FLOR","12","0","0","H87","0"
"100325585","10093143P6","SI INS BARRIER TOP NEUT 35D","","FLOR","2","0","0","H87","0"
"100325586","10093226P10","SC SPLICE GROUND 25-30A 5D","","FLOR","1","0","0","H87","0"
"100325587","10093226P4","SC SPLICE GROUND 08-20A 20D","","FLOR","3","0","0","H87","0"
"100325589","10093227P2","SA SPLICE GROUND 08-20A 10D","","FLOR","3","0","0","H87","0"
"100325590","10093227P21","SA SPLICE GROUND 40A 15D","","FLOR","1","0","0","H87","0"
"100325591","10093227P4","SA SPLICE GROUND 08-20A 20D","","FLOR","2","0","0","H87","0"
"100325592","10093297P1","SM BOTTOM BRKT ST 6P","","FLOR","8","0","0","H87","0"
"100325593","10093346P1","SM BRACKET VERT BARRIER","","FLOR","12","0","0","H87","0"
"100325594","10093950P1","SI INSULATION SIDE BARRIER","","FLOR","12","0","0","H87","0"
"100325595","10093950P3","SI INSULATION SIDE BARRIER","","FLOR","4","0","0","H87","0"
"100325596","10094028P1","SM XCEL METER COVER LATCH","","FLOR","18","0","0","H87","0"
"100325597","10094032P1","SEALING PROVISION MOUNTING BKT","","FLOR","12","0","0","H87","0"
"100325598","10094227P2","SM FRONT COVER 6PACK","","FLOR","23","0","0","H87","0"
"100325599","10094228P3","SM BRACKET SF TF 20W","","FLOR","1","0","0","H87","0"
"100325600","10094228P4","SM BRACKET SF TF 35W","","FLOR","8","0","0","H87","0"
"100325601","10094230P7","SSM BRKT DISCONN","","FLOR","96","0","0","H87","0"
"100325602","10094231P10","EM DOOR ITI GFR 14H30W","","FLOR","2","0","0","H87","0"
"100325603","10094231P14","EM DOOR ITI GFR 14H50W","","FLOR","2","0","0","H87","0"
"100325604","10094231P3","EM DOOR ITI GFR 12H35W","","FLOR","3","0","0","H87","0"
"100325605","10094231P4","EM DOOR ITI GFR 12H40W","","FLOR","9","0","0","H87","0"
"100325606","10094275P1","SM PLATE COVER BLIND","","FLOR","59","0","0","H87","0"
"100325607","10094275P5","SSM COVER PLATE","","FLOR","1","0","0","H87","0"
"100325608","10094305P13","SSI BOTTOM BARRIER 6P","","FLOR","2","0","0","H87","0"
"100325609","10094305P14","SSI BOTTOM BARRIER 3P","","FLOR","8","0","0","H87","0"
"100325610","10094325P1","SM BRACKET BARRIER","","FLOR","11","0","0","H87","0"
"100325611","10094334P1","SA CT LOAD BUS PH A T1","","FLOR","2","0","0","H87","0"
"100325612","10094336P1","SA CT LOAD BUS PH C T1","","FLOR","2","0","0","H87","0"
"100325613","10094341p1","GUSSET SPACER - BOTTOM","","FLOR","64","0","0","H87","0"
"100325614","10094342p1","GUSSET SPACER - TOP","","FLOR","4","0","0","H87","0"
"100325615","10094883P1","PG HIGH RES GND BARRIER WYE","","FLOR","3","0","0","H87","0"
"100325616","10095004P8","COVER, FB 27W","","FLOR","1","0","0","H87","0"
"100325617","10095231P10","SC HORIZ BUS TAP 30/60A 15W","","FLOR","6","0","0","H87","0"
"100325618","10095231P13","SC HORIZ BUS TAP 40A 15W","","FLOR","1","0","0","H87","0"
"100325619","10095231P29","SA HORIZ BUS TAP 30A 20W","","FLOR","5","0","0","H87","0"
"100325620","10095231P31","SA HORIZ BUS TAP 40A 15W","","FLOR","3","0","0","H87","0"
"100325621","10095231P34","SC LUG STRAP EMERGENCY 10A","","FLOR","4","0","0","H87","0"
"100325622","10095231P35","SA LUG STRAP EMERGENCY 10A","","FLOR","5","0","0","H87","0"
"100325623","10095231P7","SC HORIZ BUS TAP 12/25A 15W","","FLOR","4","0","0","H87","0"
"100325624","10095302P1","SM XCEL METER COVER LATCH RH","","FLOR","18","0","0","H87","0"
"100325625","10095421P3","SM PLATE ANTI-TURN","","FLOR","2","0","0","H87","0"
"100325626","10096550P8","S-RAIL","","FLOR","4","0","0","H87","0"
"100325627","10096983P1","SM ISB ANGLE BKT TRANS 6CL","","FLOR","62","0","0","H87","0"
"100325628","10100838P2","SM TOP BARRIER 6P","","FLOR","2","0","0","H87","0"
"100325629","10100840P1","SM BRACKET BARRIER TRBL","","FLOR","338","0","0","H87","0"
"100325630","10100840P2","SM BRACKET BARRIER TLBR","","FLOR","184","0","0","H87","0"
"100325631","10100841P1","SM TOP BRACKET BARRIER 3P","","FLOR","1","0","0","H87","0"
"100325632","10100841P2","SM TOP BRACKET BARRIER 6P","","FLOR","10","0","0","H87","0"
"100325633","10100884P1","SM VERTICAL BARRIER ST 3P","","FLOR","2","0","0","H87","0"
"100325634","10100884P2","SM VERTICAL BARRIER ST 6P","","FLOR","7","0","0","H87","0"
"100325635","10100893P1","SM RAIL CHANNEL SUPPORT","","FLOR","5","0","0","H87","0"
"100325636","10101047P3","SM BRKT SOCKT MTR 2","","FLOR","21","0","0","H87","0"
"100325637","10101946P124","SC C/T TIER T1 20A 5 OFF LF","","FLOR","1","0","0","H87","0"
"100325638","10101946P125","SC C/T TIER T1 20A 5 OFF LF","","FLOR","1","0","0","H87","0"
"100325639","10101946P126","SC C/T TIER T2 20A 5 OFF LF","","FLOR","1","0","0","H87","0"
"100325640","10101946P127","SC C/T TIER T2 20A 5 OFF LF","","FLOR","1","0","0","H87","0"
"100325641","10101946P136","SC C/T TIER T1 20A 5 OFF RH","","FLOR","1","0","0","H87","0"
"100325642","10101946P137","SC C/T TIER T1 20A 5 OFF RH","","FLOR","1","0","0","H87","0"
"100325643","10101946P138","SC C/T TIER T2 20A 5 OFF RH","","FLOR","1","0","0","H87","0"
"100325644","10101946P139","SC C/T TIER T2 20A 5 OFF RH","","FLOR","1","0","0","H87","0"
"100325645","10101946P31","SC C/T TIER T1 20A 0 OFF LF","","FLOR","23","0","0","H87","0"
"100325646","10101946P32","SC C/T TIER T2 20A 0 OFF LF","","FLOR","1","0","0","H87","0"
"100325647","10101946P43","SC C/T TIER T1 20A 0 OFF RH","","FLOR","23","0","0","H87","0"
"100325648","10101946P44","SC C/T TIER T2 20A 0 OFF RH","","FLOR","1","0","0","H87","0"
"100325649","10101946P6","SC C/T TIER T3 10A 0 OFF","","FLOR","1","0","0","H87","0"
"100325650","10101965P1","SA C/T TIER T1 08A 0 OFF","","FLOR","4","0","0","H87","0"
"100325651","10101965P28","SA C/T TIER T1 16A 0 OFF LF","","FLOR","3","0","0","H87","0"
"100325652","10101965P29","SA C/T TIER T2 16A 0 OFF LF","","FLOR","3","0","0","H87","0"
"100325653","10101965P31","SA C/T TIER T1 16A 0 OFF RH","","FLOR","3","0","0","H87","0"
"100325654","10101965P32","SA C/T TIER T2 16A 0 OFF RH","","FLOR","3","0","0","H87","0"
"100325655","10102285P1","SC L LUG STRAPS 65K (CU-RH)","","FLOR","2","0","0","H87","0"
"100325656","10102285P3","SC L LUG STRAPS 65K (CU-RH)","","FLOR","1","0","0","H87","0"
"100325657","10102285P5","SC L LUG STRAPS 65K (CU-RH)","","FLOR","10","0","0","H87","0"
"100325658","10102285P6","SC L LUG STRAPS 65K (CU-RH)","","FLOR","4","0","0","H87","0"
"100325659","10102285P7","STRAP","","FLOR","4","0","0","H87","0"
"100325660","10102287P3","SA L LUG STRAPS 65K (AL-LH)","","FLOR","3","0","0","H87","0"
"100325661","10102287P4","SA L LUG STRAPS 65K (AL-LH)","","FLOR","4","0","0","H87","0"
"100325662","10102287P6","SA L LUG STRAPS 65K (AL-LH)","","FLOR","1","0","0","H87","0"
"100325663","10102287P7","SA L LUG STRAPS 65K (AL-LH)","","FLOR","23","0","0","H87","0"
"100325664","10102288P2","SA L LUG STRAPS 65K (AL-RH)","","FLOR","1","0","0","H87","0"
"100325665","10102288P3","SA L LUG STRAPS 65K (AL-RH)","","FLOR","2","0","0","H87","0"
"100325666","10102288P6","SA L LUG STRAPS 65K (AL-RH)","","FLOR","27","0","0","H87","0"
"100325667","10102288P7","SA L LUG STRAPS 65K (AL-RH)","","FLOR","25","0","0","H87","0"
"100325668","10106694P1","SM MOUNTING BRACKET","","FLOR","16","0","0","H87","0"
"100325669","10107228P1","SM BRKT","","FLOR","540","0","0","H87","0"
"100325670","10112831P1","HPC2 4KA BARRIER BRACKET","","FLOR","4","0","0","H87","0"
"100325671","110C1011P1","DIE WING PLATE","","FLOR","15","0","0","H87","0"
"100325672","110C1011P7","DIE WING PLATE","","FLOR","1","0","0","H87","0"
"100325673","110C1020P1","G FRAME BASE","","FLOR","86","0","0","H87","0"
"100325674","110C1024P1","200A QMW HANDLE BRACKET","","FLOR","42","0","0","H87","0"
"100325675","110C1024P2","BRACKET","","FLOR","1","0","0","H87","0"
"100325676","110C1024P4","BRACKET","","FLOR","1","0","0","H87","0"
"100325677","110C1029P5","COVER SIDE ENCLOSURE","","FLOR","16","0","0","H87","0"
"100325678","110C1030P10","PLATE FLOOR FRONT","","FLOR","4","0","0","H87","0"
"100325679","110C1030P11","PLATE FLOOR FRONT","","FLOR","1","0","0","H87","0"
"100325680","110C1030P18","FLOOR PLATE","","FLOR","68","0","0","H87","0"
"100325681","110C1030P20","PLATE, FLOOR FRONT,FORMED SIDE","","FLOR","19","0","0","H87","0"
"100325682","110C1030P3","FR FLOOR PLATE - 24","","FLOR","1","0","0","H87","0"
"100325683","110C1043P10","FLOOR SILLS","","FLOR","4","0","0","H87","0"
"100325684","110C1043P14","FLOOR SILLS","","FLOR","2","0","0","H87","0"
"100325685","110C1043P16","FLOOR SILLS","","FLOR","3","0","0","H87","0"
"100325686","110C1043P2","FLOOR SILL","","FLOR","4","0","0","H87","0"
"100325687","110C1043P22","FLOOR SILLS","","FLOR","22","0","0","H87","0"
"100325688","110C1043P27","FLOOR SILLS","","FLOR","2","0","0","H87","0"
"100325689","110C1043P31","FLOOR SILLS","","FLOR","1","0","0","H87","0"
"100325690","110C1043P32","FLOOR SILL 24X24X24","","FLOR","13","0","0","H87","0"
"100325691","110C1043P37","FLOOR SILLS","","FLOR","2","0","0","H87","0"
"100325692","110C1043P4","FLOOR SILLS","","FLOR","2","0","0","H87","0"
"100325693","110C1043P43","FLOOR SILLS","","FLOR","56","0","0","H87","0"
"100325694","110C1043P46","FLOOR SILLS","","FLOR","2","0","0","H87","0"
"100325695","110C1043P56","FLOOR SILLS","","FLOR","3","0","0","H87","0"
"100325696","110C1043P57","FLOOR SILL 30X30X24","","FLOR","2","0","0","H87","0"
"100325697","110C1043P58","FLOOR SILLS","","FLOR","2","0","0","H87","0"
"100325698","110C1043P64","FLOOR SILL 36","","FLOR","10","0","0","H87","0"
"100325699","110C1043P7","FLOOR SILL 20X20X24","","FLOR","2","0","0","H87","0"
"100325700","110C1043P8","FLOOR SILL 20X20X30","","FLOR","1","0","0","H87","0"
"100325701","110C1060P1","FLOOR PLATE","","FLOR","4","0","0","H87","0"
"100325702","110C1060P25","FLOOR PLATE","","FLOR","31","0","0","H87","0"
"100325703","110C1060P26","PLATE,FLOOR REAR 20X22,NEW SID","","FLOR","25","0","0","H87","0"
"100325704","110C1060P28","FLOOR PLATE","","FLOR","3","0","0","H87","0"
"100325705","110C1060P31","PLATE,FLOOR REAR 30X20,NEW SID","","FLOR","29","0","0","H87","0"
"100325706","110C1060P33","PLATE","","FLOR","2","0","0","H87","0"
"100325707","110C1060P38","PLATE","","FLOR","8","0","0","H87","0"
"100325708","110C1140KKP1","DOORS","","FLOR","8","0","0","H87","0"
"100325709","110C1140KKP10","DOOR","","FLOR","9","0","0","H87","0"
"100325710","110C1140KKP11","DOOR UNIT LH","","FLOR","2","0","0","H87","0"
"100325711","110C1140KKP13","DOOR","","FLOR","6","0","0","H87","0"
"100325712","110C1140KKP14","DOOR","","FLOR","4","0","0","H87","0"
"100325713","110C1140KKP16","DOOR","","FLOR","1","0","0","H87","0"
"100325714","110C1140KKP2","DOORS","","FLOR","32","0","0","H87","0"
"100325715","110C1140KKP20","DOOR","","FLOR","2","0","0","H87","0"
"100325716","110C1140KKP24","DOOR","","FLOR","2","0","0","H87","0"
"100325717","110C1140KKP25","DOOR","","FLOR","12","0","0","H87","0"
"100325718","110C1140KKP26","DOOR","","FLOR","4","0","0","H87","0"
"100325719","110C1140KKP3","DOORS","","FLOR","2","0","0","H87","0"
"100325720","110C1140KKP32","DOOR","","FLOR","3","0","0","H87","0"
"100325721","110C1140KKP37","DOOR","","FLOR","2","0","0","H87","0"
"100325722","110C1140KKP38","DOOR","","FLOR","5","0","0","H87","0"
"100325723","110C1140KKP4","FH DOOR","","FLOR","39","0","0","H87","0"
"100325724","110C1140KKP40","DOOR","","FLOR","3","0","0","H87","0"
"100325725","110C1140KKP44","DOOR","","FLOR","2","0","0","H87","0"
"100325726","110C1140KKP5","MTO NEED DESCRIPTION","","FLOR","1","0","0","H87","0"
"100325727","110C1140KKP7","DOOR","","FLOR","1","0","0","H87","0"
"100325728","110C1140KKP8","MISSING DESCRIPTION","","FLOR","1","0","0","H87","0"
"100325729","110C1140KKP9","DOOR UNIT LH","","FLOR","3","0","0","H87","0"
"100325730","110C1146P1","MLO BARRIER","","FLOR","80","0","0","H87","0"
"100325731","110C1146P18","BUS BARRIER","","FLOR","2","0","0","H87","0"
"100325732","110C1162P1","DOOR","","FLOR","1","0","0","H87","0"
"100325733","110C1162P10","DOOR WIRE TROUGH","","FLOR","6","0","0","H87","0"
"100325734","110C1162P11WC","DOOR","","FLOR","3","0","0","H87","0"
"100325735","110C1162P12WC","DOOR","","FLOR","2","0","0","H87","0"
"100325736","110C1162P16","VERT WIREWAY DOOR","","FLOR","3","0","0","H87","0"
"100325737","110C1162P2","DOOR WIRE TROUGH","","FLOR","19","0","0","H87","0"
"100325738","110C1162P29","VERT WIREWAY DOOR","","FLOR","1","0","0","H87","0"
"100325739","110C1162P3","DOOR WIRE TROUGH","","FLOR","8","0","0","H87","0"
"100325740","110C1162P36","VERT WIREWAY DOOR","","FLOR","2","0","0","H87","0"
"100325741","110C1162P5WC","DOOR","","FLOR","1","0","0","H87","0"
"100325742","110C1162P7","DOOR WIRE TROUGH","","FLOR","9","0","0","H87","0"
"100325743","110C1162P7WC","DOOR","","FLOR","2","0","0","H87","0"
"100325744","110C1162P9","DOOR WIRE TROUGH","","FLOR","9","0","0","H87","0"
"100325745","110C1170P1","WIREWAY SINGAL SEPARATOR","","FLOR","457","0","0","H87","0"
"100325746","110C1170P4","WIRE GUARD 24","","FLOR","55","0","0","H87","0"
"100325747","110C1170P5","SEPARATOR","","FLOR","25","0","0","H87","0"
"100325748","110C1185P5","PLATE","","FLOR","9","0","0","H87","0"
"100325749","110C1276P1","MLO WT BARRIER","","FLOR","12","0","0","H87","0"
"100325750","110C1439P1","DOOR WIREWAY","","FLOR","73","0","0","H87","0"
"100325751","110C1439P127","DOOR","","FLOR","3","0","0","H87","0"
"100325752","110C1439P13","MTO NEED DESCRIPTION","","FLOR","1","0","0","H87","0"
"100325753","110C1439P14","MTO NEED DESCRIPTION","","FLOR","13","0","0","H87","0"
"100325754","110C1439P145","DOOR","","FLOR","1","0","0","H87","0"
"100325755","110C1439P155","110c1439p155","","FLOR","1","0","0","H87","0"
"100325756","110C1439P155WC","110c1439p155","","FLOR","1","0","0","H87","0"
"100325757","110C1439P16","MTO NEED DESCRIPTION","","FLOR","10","0","0","H87","0"
"100325758","110C1439P1WC","DOOR","","FLOR","3","0","0","H87","0"
"100325759","110C1439P3","MTO NEED DESCRIPTION","","FLOR","4","0","0","H87","0"
"100325760","110C1439P34","DOOR","","FLOR","25","0","0","H87","0"
"100325761","110C1439P43","DOOR","","FLOR","10","0","0","H87","0"
"100325762","110C1439P52WC","DOOR","","FLOR","1","0","0","H87","0"
"100325763","110C1449P1","DOOR WIREWAY","","FLOR","11","0","0","H87","0"
"100325764","110C1449P12WC","DOOR BOTTOM WIREWAY","","FLOR","3","0","0","H87","0"
"100325765","110C1449P13","DOOR BOTTOM WIREWAY","","FLOR","2","0","0","H87","0"
"100325766","110C1449P131","DOOR","","FLOR","1","0","0","H87","0"
"100325767","110C1449P139","DOOR","","FLOR","1","0","0","H87","0"
"100325768","110C1449P140","DOOR","","FLOR","17","0","0","H87","0"
"100325769","110C1449P15","DOOR","","FLOR","1","0","0","H87","0"
"100325770","110C1449P1WC","DOOR","","FLOR","2","0","0","H87","0"
"100325771","110C1449P3","DOOR BOTTOM WIREWAY","","FLOR","8","0","0","H87","0"
"100325772","110C1449P54","MTO NEED DESCRIPTION","","FLOR","13","0","0","H87","0"
"100325773","110C1449P6","DOOR BOTTOM WIREWAY","","FLOR","17","0","0","H87","0"
"100325774","110C1449P6WC","DOOR BOTTOM WIREWAY","","FLOR","2","0","0","H87","0"
"100325775","110C1449P71","DOOR","","FLOR","6","0","0","H87","0"
"100325776","110C1449P99","DOOR BOTTOM WIRE WAY 30X12","","FLOR","2","0","0","H87","0"
"100325777","110C1500P14","SHELF BARRIER","","FLOR","7","0","0","H87","0"
"100325778","110C1500P15","SHELF BARRIER","","FLOR","25","0","0","H87","0"
"100325779","110C1500P16","SHELF","","FLOR","2","0","0","H87","0"
"100325780","110C1500P19","SHELF","","FLOR","9","0","0","H87","0"
"100325781","110C1500P4","SPECIAL SHELF","","FLOR","10","0","0","H87","0"
"100325782","110C1539AAP1","DOOR","","FLOR","27","0","0","H87","0"
"100325783","110C1539AAP11","DOOR","","FLOR","120","0","0","H87","0"
"100325784","110C1539AAP13","DOOR UNIT LEFT HINGE","","FLOR","13","0","0","H87","0"
"100325785","110C1539AAP22","DOOR UNIT LEFT HINGE","","FLOR","7","0","0","H87","0"
"100325786","110C1539AAP22WC","DOOR","","FLOR","2","0","0","H87","0"
"100325787","110C1539AAP23","DOOR UNIT LEFT HINGE","","FLOR","12","0","0","H87","0"
"100325788","110C1539AAP24WC","DOOR UNIT LEFT HINGE","","FLOR","6","0","0","H87","0"
"100325789","110C1539AAP25WC","DOOR","","FLOR","3","0","0","H87","0"
"100325790","110C1539AAP41","DOOR UNIT LEFT HINGE","","FLOR","13","0","0","H87","0"
"100325791","110C1539AAP41WC","DOOR UNIT LEFT HINGE","","FLOR","35","0","0","H87","0"
"100325792","110C1539AAP42","DOOR-UNIT","","FLOR","3","0","0","H87","0"
"100325793","110C1539AAP44","DOOR UNIT LEFT HINGE","","FLOR","4","0","0","H87","0"
"100325794","110C1539AAP45","DOOR UNIT LEFT HINGE","","FLOR","12","0","0","H87","0"
"100325795","110C1539AAP51","DOOR UNIT LEFT HINGE","","FLOR","55","0","0","H87","0"
"100325796","110C1539AAP52","DOOR UNIT LEFT HINGE","","FLOR","7","0","0","H87","0"
"100325797","110C1539ABP12","MTO NEED DESCRIPTION","","FLOR","26","0","0","H87","0"
"100325798","110C1539ABP2","MTO NEED DESCRIPTION","","FLOR","3","0","0","H87","0"
"100325799","110C1539ABP65WC","DOOR-UNIT","","FLOR","2","0","0","H87","0"
"100325800","110C1539AFP1","METERING DOOR","","FLOR","4","0","0","H87","0"
"100325801","110C1539AFP2","METERING DOOR","","FLOR","1","0","0","H87","0"
"100325802","110C1539AFP3","METERING DOOR","","FLOR","1","0","0","H87","0"
"100325803","110C1539AZP13","MTO NEED DESCRIPTION","","FLOR","9","0","0","H87","0"
"100325804","110C1539BAP12","MTO NEED DESCRIPTION","","FLOR","11","0","0","H87","0"
"100325805","110C1539BAP2","MTO NEED DESCRIPTION","","FLOR","9","0","0","H87","0"
"100325806","110C1539BAP66","MTO NEED DESCRIPTION","","FLOR","6","0","0","H87","0"
"100325807","110C1539BBP13","MTO NEED DESCRIPTION","","FLOR","1","0","0","H87","0"
"100325808","110C1539DAP1","DOOR UNIT","","FLOR","14","0","0","H87","0"
"100325809","110C1539DAP2","DOOR UNIT","","FLOR","11","0","0","H87","0"
"100325810","110C1539DAP4","DOOR UNIT","","FLOR","19","0","0","H87","0"
"100325811","110C1539EAP43","DOOR LEFT HINGE","","FLOR","1","0","0","H87","0"
"100325812","110C1539NLP3","DOOR UNIT","","FLOR","1","0","0","H87","0"
"100325813","110C1539NLP4","DOOR UNIT","","FLOR","1","0","0","H87","0"
"100325814","110C1539NLP7","DOOR UNIT","","FLOR","2","0","0","H87","0"
"100325815","110C1539NMP10WC","DOOR","","FLOR","6","0","0","H87","0"
"100325816","110C1539NMP4","DOOR UNIT","","FLOR","2","0","0","H87","0"
"100325817","110C1539NMP8","DOOR","","FLOR","11","0","0","H87","0"
"100325818","110C1539TUP1","DOOR-UNIT","","FLOR","16","0","0","H87","0"
"100325819","110C1542P11","LEXAN BARRIER","","FLOR","2","0","0","H87","0"
"100315301","190B3213P11","L-STIFFENER","","FLOR","152","0","0","H87","0"
"100325821","110C1557P1","SHROUD PLATE","","FLOR","29","0","0","H87","0"
"100325822","110C1566P2","PLATE","","FLOR","187","0","0","H87","0"
"100325823","110C1567P1","BACKPLATE BOLT-ON","","FLOR","2","0","0","H87","0"
"100325824","110C1617P5","BRACKET","","FLOR","4","0","0","H87","0"
"100325825","110C1623P1","BRKT F FRAME","","FLOR","4","0","0","H87","0"
"100325826","110C1639AVP18","DOOR","","FLOR","1","0","0","H87","0"
"100325827","110C1639BBP18","DOOR","","FLOR","5","0","0","H87","0"
"100325828","110C1639BBP8","DOOR","","FLOR","1","0","0","H87","0"
"100325829","110C1639BCP18","DOOR","","FLOR","1","0","0","H87","0"
"100325830","110C1639BDP18","DOOR","","FLOR","4","0","0","H87","0"
"100325831","110C1639BDP8","DOOR","","FLOR","2","0","0","H87","0"
"100325832","110C1639SAP11","DOOR-UNIT","","FLOR","5","0","0","H87","0"
"100325833","110C1639SAP41","DOOR-UNIT","","FLOR","1","0","0","H87","0"
"100325834","110C1656P1","FILLER PLATE","","FLOR","33","0","0","H87","0"
"100325835","110C1656P2","FILLER PLATE","","FLOR","4","0","0","H87","0"
"100325836","110C1656P3","FILLER PLATE","","FLOR","8","0","0","H87","0"
"100325837","110C1656P4","FILLER PLATE","","FLOR","3","0","0","H87","0"
"100325838","110C1709P2","PLATE METER PB","","FLOR","6","0","0","H87","0"
"100325839","110C1709P4","PLATE METERING","","FLOR","1","0","0","H87","0"
"100325840","110C1712P37","METERING PLATE","","FLOR","6","0","0","H87","0"
"100325841","110C1712P59","METERING PAN","","FLOR","1","0","0","H87","0"
"100325842","110C1712P75","METERING PAN","","FLOR","2","0","0","H87","0"
"100325843","110C1712P89","METERING PLATE","","FLOR","1","0","0","H87","0"
"100325844","110C1714P1","BARRIER","","FLOR","1","0","0","H87","0"
"100325845","110C1715P1","BARRIER","","FLOR","1","0","0","H87","0"
"100325846","110C1739AAP150","DOOR","","FLOR","4","0","0","H87","0"
"100325847","110C1739AHP1005","110c1739ahp1005","","FLOR","2","0","0","H87","0"
"100325848","110C1739AHP1005WC","110c1739ahp1005","","FLOR","2","0","0","H87","0"
"100325849","110C1739AKP36WC","DR_90X30_SSS_SZ5_XX_XT5_SB_PRT_T1/T12","","FLOR","5","0","0","H87","0"
"100325850","110C1739AXP108","DOOR","","FLOR","1","0","0","H87","0"
"100325851","110C1739AXP28","DOOR LEFT 66H X 30W","","FLOR","12","0","0","H87","0"
"100325852","110C1739BBP418","DOOR","","FLOR","2","0","0","H87","0"
"100325853","110C1739DAP6","DOOR-UNIT","","FLOR","1","0","0","H87","0"
"100325854","110C1739FKP1000WC","XT5 DOOR","","FLOR","1","0","0","H87","0"
"100325855","110C1739FKP1002WC","DOOR","","FLOR","3","0","0","H87","0"
"100325856","110C1739FKP1027WC","110c1739fkp1027","","FLOR","2","0","0","H87","0"
"100325857","110C1739GNP57","110c1739gnp57","","FLOR","3","0","0","H87","0"
"100325858","110C1739HLP1012WC","110c1739hlp1012","","FLOR","1","0","0","H87","0"
"100325859","110C1739HLP1WC","XT7 DR 800-3200A","","FLOR","2","0","0","H87","0"
"100325860","110C1739KKP1150WC","110c1739kkp1150","","FLOR","1","0","0","H87","0"
"100325861","110C1739KKP362","DOOR","","FLOR","4","0","0","H87","0"
"100325862","110C1739KKP46","DOOR","","FLOR","1","0","0","H87","0"
"100325863","110C1739KKP895","110c1739kkp895","","FLOR","2","0","0","H87","0"
"100325864","110C1739LEP1032WC","110c1739lep1032","","FLOR","4","0","0","H87","0"
"100325865","110C1739LEP1037WC","110c1739lep1037","","FLOR","2","0","0","H87","0"
"100325866","110C1739LEP27WC","110c1739lep27","","FLOR","4","0","0","H87","0"
"100325867","110C1739LVP1003WC","110c1739lvp1003","","FLOR","19","0","0","H87","0"
"100321548","110C1739NAP10","DOOR","","FLOR","1","0","0","H87","0"
"100325869","110C1739NUP1041WC","110c1739nup1041","","FLOR","1","0","0","H87","0"
"100325870","110C1739NUP1051WC","110c1739nup1051","","FLOR","2","0","0","H87","0"
"100325871","110C1739NWP1001WC","110c1739nwp1001","","FLOR","1","0","0","H87","0"
"100325872","110C1739P1033","110c1739p1033","","FLOR","2","0","0","H87","0"
"100325873","110C1739P1053","DOOR","","FLOR","9","0","0","H87","0"
"100325874","110C1739P1076","110c1739p1076","","FLOR","1","0","0","H87","0"
"100325875","110C1739P122","DOOR","","FLOR","2","0","0","H87","0"
"100325876","110C1739P32","DOOR","","FLOR","1","0","0","H87","0"
"100325877","110C1739P53","110C1739P53","","FLOR","2","0","0","H87","0"
"100325878","110C1739P811","110c1739p811","","FLOR","5","0","0","H87","0"
"100325879","110C1739PCP22WC","110c1739pcp22","","FLOR","2","0","0","H87","0"
"100325880","110C1739PFP7WC","DOOR-UNIT","","FLOR","2","0","0","H87","0"
"100325881","110C1739RBP8","DOOR-UNIT","","FLOR","2","0","0","H87","0"
"100325882","110C1773P1","BUS BARRIER MIN 20","","FLOR","91","0","0","H87","0"
"100325883","110C1786P15","MTG PLATE 20X18","","FLOR","2","0","0","H87","0"
"100325884","110C1786P2","12 MTG PLATE","","FLOR","1","0","0","H87","0"
"100325885","110C1786P3","18 MTG PLATE","","FLOR","5","0","0","H87","0"
"100325886","110C1786P4","MTG PLATE - 24","","FLOR","1","0","0","H87","0"
"100325887","110C1786P71","MTG PLATE - 72","","FLOR","1","0","0","H87","0"
"100325888","110C1790P18","COVER","","FLOR","1","0","0","H87","0"
"100325889","110C1790P28","N3R","","FLOR","1","0","0","H87","0"
"100325890","110C1790P35","N3R","","FLOR","2","0","0","H87","0"
"100325891","110C1793P11","HOOD NEMA 3R","","FLOR","1","0","0","H87","0"
"100325892","110C1795P11","N3R","","FLOR","1","0","0","H87","0"
"100325893","110C1795P12","N3R","","FLOR","1","0","0","H87","0"
"100325894","110C1795P16","N3R","","FLOR","1","0","0","H87","0"
"100325895","110C1795P9","COVER LEFT REAR","","FLOR","1","0","0","H87","0"
"100325896","110C1818P108","MOUNTING PLATE","","FLOR","1","0","0","H87","0"
"100325897","110C1818P128","MOUNTING PLATE","","FLOR","4","0","0","H87","0"
"100325898","110C1818P143","DISH MTG PLATE - 72","","FLOR","2","0","0","H87","0"
"100325899","110C1818P154","MTG PLATE","","FLOR","1","0","0","H87","0"
"100325900","110C1818P159","MOUNTING PLATE","","FLOR","2","0","0","H87","0"
"100325901","110C1822P1","BARRIER BTB","","FLOR","5","0","0","H87","0"
"100325902","110C1822P5","BARRIER BTB","","FLOR","11","0","0","H87","0"
"100325903","110C1890P1","SHELF, BARRIER 20W-13D/20D/22D","","FLOR","49","0","0","H87","0"
"100325904","110C1890P4","SHELF","","FLOR","39","0","0","H87","0"
"100325905","110C1890P5","SHELF","","FLOR","1","0","0","H87","0"
"100325906","110C1890P6","SHELF","","FLOR","2","0","0","H87","0"
"100325907","110C1947P3","SHELF","","FLOR","1","0","0","H87","0"
"100325908","110C1947P4","SHELF, BARRIER 24W, FULL WIDTH","","FLOR","4","0","0","H87","0"
"100325909","110C2234P2","SHELF, BARRIER 20W-10D","","FLOR","37","0","0","H87","0"
"100325910","110C2261P1SM","CT PLATE","","FLOR","9","0","0","H87","0"
"100325911","110C2286P1SM","RISER TO MLO TOP CABLE CONN","","FLOR","6","0","0","H87","0"
"100325912","110C2288P1SM","RISER TO MLO TOP CABLE CONN","","FLOR","6","0","0","H87","0"
"100325913","110C2288P2SM","RISER TO MLO TOP CABLE CONN","","FLOR","6","0","0","H87","0"
"100325914","110C2337P5SM","XT7","","FLOR","2","0","0","H87","0"
"100325915","110C2337P6SM","XT7","","FLOR","4","0","0","H87","0"
"100325916","110C2379P5SM","E2.2 L TERMINAL","","FLOR","8","0","0","H87","0"
"100325917","110C2379P6SM","E2.2 L TERMINAL","","FLOR","8","0","0","H87","0"
"100325918","110C2379P7SM","E2.2 L TERMINAL","","FLOR","8","0","0","H87","0"
"100325919","110C2379P8SM","E2.2 L TERMINAL","","FLOR","8","0","0","H87","0"
"100325920","110C2381P1SM","E2.2 L TERMINAL MIDDLE","","FLOR","4","0","0","H87","0"
"100325921","110C2381P2SM","E2.2 L TERMINAL MIDDLE","","FLOR","4","0","0","H87","0"
"100325922","110C2381P3SM","E2.2 L TERMINAL MIDDLE","","FLOR","4","0","0","H87","0"
"100325923","110C2381P4SM","E2.2 L TERMINAL MIDDLE","","FLOR","4","0","0","H87","0"
"100325924","110C2392P2SM","E2.2 HEAT SINK FIN","","FLOR","2","0","0","H87","0"
"100325925","110C2414P1","MTG BRKT","","FLOR","2","0","0","H87","0"
"100325926","110C2415P1","RT BRKT","","FLOR","2","0","0","H87","0"
"100325927","110C2417P1","BRKT","","FLOR","19","0","0","H87","0"
"100325928","110C2418P1","PIVIOT ANGLE","","FLOR","19","0","0","H87","0"
"100325929","110C2422P1","BRKT","","FLOR","36","0","0","H87","0"
"100325930","110C2423P1","LOCK BAR","","FLOR","85","0","0","H87","0"
"100325931","110C2464P1","YOKE TAB","","FLOR","169","0","0","H87","0"
"100325932","110C2502P1SM","EMAX CABLE ENTRY BAR - MIDDLE","","FLOR","6","0","0","H87","0"
"100325933","110C2503P2SM","EMAX CABLE ENTRY BAR - MIDDLE","","FLOR","6","0","0","H87","0"
"100325934","110C2517P1SM","EMAX FLAT CONNECTION 0.375","","FLOR","5","0","0","H87","0"
"100325935","110C2518P1SM","EMAX SPACER 0.375","","FLOR","12","0","0","H87","0"
"100325936","110C2518P2SM","EMAX SPACER 0.375 SMALL","","FLOR","7","0","0","H87","0"
"100325937","110C2557P2","PLATE","","FLOR","19","0","0","H87","0"
"100325938","110C2558P1","PLATE","","FLOR","38","0","0","H87","0"
"100325939","110C2558P2","PLATE","","FLOR","19","0","0","H87","0"
"100325940","110C2559P2","PLATE","","FLOR","79","0","0","H87","0"
"100325941","110C2559P3","PLATE","","FLOR","22","0","0","H87","0"
"100325942","110C2559P4","PLATE","","FLOR","4","0","0","H87","0"
"100325943","110C2559P5","PLATE","","FLOR","12","0","0","H87","0"
"100325944","110C2559P6","PLATE","","FLOR","23","0","0","H87","0"
"100325945","110C2559P7","PLATE","","FLOR","1","0","0","H87","0"
"100325946","110C2560P2","110C2560P2.PRT","","FLOR","7","0","0","H87","0"
"100325947","110C2561P1","BRKT","","FLOR","19","0","0","H87","0"
"100325948","110C2562P1","BRKT","","FLOR","20","0","0","H87","0"
"100325949","110C2566P1","PIVIOT ANGLE","","FLOR","46","0","0","H87","0"
"100325950","110C2566P2","PIVIOT ANGLE","","FLOR","3","0","0","H87","0"
"100325951","110C2577P1","XT5, BZL MTG BKT","","FLOR","72","0","0","H87","0"
"100325952","110C2581P2","XT5 BRKR MTG PLT","","FLOR","54","0","0","H87","0"
"100325953","110C2591P10","XT5","","FLOR","15","0","0","H87","0"
"100325954","110C2591P21","XT5","","FLOR","4","0","0","H87","0"
"100325955","110C2591P9","XT5, BACK PLATE, 24H","","FLOR","38","0","0","H87","0"
"100325956","110C2603P1","BRACKET_ACTUATOR_GUIDE","","FLOR","4","0","0","H87","0"
"100325957","110C2605P2","XT5 AFM LOCKBAR","","FLOR","3","0","0","H87","0"
"100325958","110C2630P6","MTG_BRKT_UMC_SPACER_NEMA_3.00","","FLOR","1","0","0","H87","0"
"100325959","110C2632P1","MOUNTING BASE, XT4 12IN, HORZ","","FLOR","38","0","0","H87","0"
"100325960","110C2639ADP12","DR_30X15_SSS_S1-4_X_XT4_PI_PRT_T1_NAFM","","FLOR","1","0","0","H87","0"
"100325961","110C2639ADP12WC","DR_30X15_SSS_S1-4_X_XT4_PI_PRT_T12_NAFM","","FLOR","2","0","0","H87","0"
"100325962","110C2639ADP13","DR_36X15_SSS_S1-4_X_XT4_PI_PRT_T1_NAFM","","FLOR","3","0","0","H87","0"
"100325963","110C2639AHP17","DR_60X20_SSS_SZ4_X_XT4_SB_PRT_T1","","FLOR","2","0","0","H87","0"
"100325964","110C2639AKP16WC","DR_54X20_SSS_SZ5_X_XT5_SB_PRT_T1","","FLOR","1","0","0","H87","0"
"100325965","110C2639AMP02WC","DR_90X30_SSS_S6-7_SB_PRT_T1","","FLOR","1","0","0","H87","0"
"100325966","110C2639AMP11WC","DR_90X24_SSS_S6-7_X_SB_PRT_T1","","FLOR","1","0","0","H87","0"
"100325967","110C2639CNP1","DR_78X30_VFD_SECT3_PART_T1/T12","","FLOR","1","0","0","H87","0"
"100325968","110C2639CSP20","DR_12X15_SMRTS_X_XT2/4_PRT_NAFM","","FLOR","36","0","0","H87","0"
"100325969","110C2639DAP10","DR_36X15_VFD_XT2/4_XXX_PART_T1","","FLOR","3","0","0","H87","0"
"100325970","110C2639DAP8","DR_36X15_VFD_XT2/4_XX_PART_T1","","FLOR","3","0","0","H87","0"
"100325971","110C2639DEP5","DR_36X15_VFD_XT2/4_XXX_PART_T1","","FLOR","2","0","0","H87","0"
"100325972","110C2639DEP8","DR_42X15_VFD_XT2/4_XX_PART_T1","","FLOR","3","0","0","H87","0"
"100325973","110C2639DJP7","DR_36X15_VFD_XT2/4_XYY_PART_T1","","FLOR","11","0","0","H87","0"
"100325974","110C2639DLP3","DR_48X15_VFD_XT2/4_X_BBL_PART_T1","","FLOR","7","0","0","H87","0"
"100325975","110C2639DNP11","DR_78X24_VFD_XT2/4_X_PART_T1","","FLOR","6","0","0","H87","0"
"100325976","110C2639DNP2","DR_60X20_VFD_XT2/4_X_PART_T1","","FLOR","4","0","0","H87","0"
"100325977","110C2639DNP4","DR_66X20_VFD_XT2/4_PART_T1","","FLOR","2","0","0","H87","0"
"100325978","110C2639DNP5","DR_66X20_VFD_XT2/4_X_PART_T1","","FLOR","1","0","0","H87","0"
"100325979","110C2639DNP8","DR_78X20_VFD_XT2/4_X_PART_T1","","FLOR","3","0","0","H87","0"
"100325980","110C2639DPP1","DR_78X30_VFD_SECT2_PART_T1","","FLOR","3","0","0","H87","0"
"100325981","110C2639DRP4WC","DR_78X24_VFD_XT7_PART_T12","","FLOR","3","0","0","H87","0"
"100325982","110C2639FKP49WC","DR_24H_XT5_PRT_T1_NAFM","","FLOR","30","0","0","H87","0"
"100325983","110C2639HLP1WC","XT7 DR 800-3200A, INCTOP, 78HX20W","","FLOR","1","0","0","H87","0"
"100325984","110C2639HMP1WC","XT7","","FLOR","4","0","0","H87","0"
"100325985","110C2639HUP21","DR_18x15_SmrtS_X_XT2/4_PRT_AFM_KP","","FLOR","8","0","0","H87","0"
"100325986","110C2639HUP21WC","DR_18x15_SmrtS_X_XT2/4_PRT_AFM_KP","","FLOR","5","0","0","H87","0"
"100325987","110C2639KHP2WC","DR_42X15_NEMAS_X_XT5_PRT_NS5_NAFM","","FLOR","1","0","0","H87","0"
"100325988","110C2639KOP7WC","DR_XT5_MAINS_20WX42H_PRT","","FLOR","4","0","0","H87","0"
"100325989","110C2639KOP8WC","DR_XT5_MAINS_20WX54H_PRT","","FLOR","1","0","0","H87","0"
"100325990","110C2639KOP9WC","DR_XT5_MAINS_24WX42H_PRT","","FLOR","1","0","0","H87","0"
"100325991","110C2639LEP15WC","XT7 DR TOP","","FLOR","4","0","0","H87","0"
"100325992","110C2639LEP1WC","XT7","","FLOR","1","0","0","H87","0"
"100325993","110C2639LEP23WC","XT7 DR TOP","","FLOR","1","0","0","H87","0"
"100325994","110C2639LEP31WC","XT7 DR TOP","","FLOR","5","0","0","H87","0"
"100325995","110C2639LRP1WC","XT5 MAINS DOOR","","FLOR","2","0","0","H87","0"
"100325996","110C2639NTP13WC","XT7 DOOR MAIN TF 48HX20W RELT+MET T12","","FLOR","2","0","0","H87","0"
"100325997","110C2639NTP19WC","XT7 DOOR MAIN TF 60HX20W RELT T1","","FLOR","2","0","0","H87","0"
"100325998","110C2639NTP21WC","XT7 DOOR MAIN TF 60HX20W MET T1","","FLOR","5","0","0","H87","0"
"100325999","110C2639NTP29WC","XT7 DOOR MAIN TF 60HX20W KL MET T12","","FLOR","2","0","0","H87","0"
"100326000","110C2639NUP17WC","XT7 DOOR PRT MAIN BF 54HX20W RELT T1","","FLOR","1","0","0","H87","0"
"100326001","110C2639NUP31WC","XT7 DR BOT","","FLOR","1","0","0","H87","0"
"100326002","110C2639NUP33WC","XT7 DR BOT","","FLOR","1","0","0","H87","0"
"100326003","110C2639NUP35WC","XT7 DR BOT","","FLOR","1","0","0","H87","0"
"100326004","110C2639NUP41WC","XT7 DR BOT","","FLOR","1","0","0","H87","0"
"100326005","110C2639NWP20","DR_18X15_SMRTS_X_XT2/4_PRT_NAFM","","FLOR","2","0","0","H87","0"
"100326006","110C2639NWP21","DR_18X15_SMRTS_X_XT2/4_PRT_NAFM_KP","","FLOR","5","0","0","H87","0"
"100326007","110C2639NWP92","DR_18X15_SMRTS_Y_XT2/4_PRT_NAFM_KP_MM3","","FLOR","1","0","0","H87","0"
"100326008","110C2639OAP10WC","DR_24X15_SMRTS_XT2/4_PRT_NAFM","","FLOR","1","0","0","H87","0"
"100326009","110C2639OAP11","DR_24X15_SMRTS_XT2/4_PRT_NAFM_KP","","FLOR","2","0","0","H87","0"
"100326010","110C2639OAP21","DR_24X15_SMRTS_X_XT2/4_PRT_NAFM_KP","","FLOR","7","0","0","H87","0"
"100326011","110C2639OAP21WC","DR_24X15_SMRTS_X_XT2/4_PRT_NAFM_KP","","FLOR","3","0","0","H87","0"
"100326012","110C2639OAP31","DR_24X15_SMRTS_XX_XT2/4_PRT_NAFM_KP","","FLOR","1","0","0","H87","0"
"100326013","110C2639OBP21","DR_30X15_SMRTS_X_XT2/4_PRT_NAFM_KP","","FLOR","4","0","0","H87","0"
"100326014","110C2639PCP23WC","DR_XT5_MAINS_20WX60H_PRT_MTR_T1","","FLOR","1","0","0","H87","0"
"100326015","110C2639PCP5WC","DR_XT5_MAINS_20Wx48H_PRT_T1","","FLOR","2","0","0","H87","0"
"100326016","110C2639PFP5WC","DR_66X20_NEMAS_XT5_PRT_NS6_NAFM","","FLOR","1","0","0","H87","0"
"100326017","110C2641P1","PLATE_XT7_FEEDERS_BOTTOM","","FLOR","3","0","0","H87","0"
"100326018","110C2645P1","BRKT","","FLOR","3","0","0","H87","0"
"100326019","110C2649P1","PIVOT ANGLE","","FLOR","3","0","0","H87","0"
"100326020","110C2654P1SM","RISER_INC_XT7_FEEDER_PHA_TOP","","FLOR","1","0","0","H87","0"
"100326021","110C2656P1SM","RISER_INC_XT7_FEEDER_PHB_TOP","","FLOR","1","0","0","H87","0"
"100326022","110C2657P1SM","RISER_INC_XT7_FEEDER_PHC_TOP","","FLOR","1","0","0","H87","0"
"100326023","110C2675P1","SHELF_BARRIER_24W_XT7_FEEDER","","FLOR","3","0","0","H87","0"
"100326024","110C2675P3","SHELF_BARRIER_30W_VFD_2500A","","FLOR","3","0","0","H87","0"
"100326025","110C2675P9","SHELF_BARRIER_30W_LF_2500A","","FLOR","3","0","0","H87","0"
"100326026","110C2677P1","XT4 MTG BRKT","","FLOR","3","0","0","H87","0"
"100326027","110C2691P1","VFD_FEEDER_MOUNTING_PLATE_24W","","FLOR","3","0","0","H87","0"
"100326028","110C2697P11SM","BUS_CONN_LOAD_SIDE_BKR_XT7_PHB_KTU-800","","FLOR","2","0","0","H87","0"
"100326029","110C2707P3SM","EMAX 2500/3200A","","FLOR","1","0","0","H87","0"
"100326030","110C2715P5SM","E2.2/E4.2 CABLE ENTRY 3IN BUS_BTM","","FLOR","4","0","0","H87","0"
"100326031","110C2715P6SM","E2.2/E4.2 CABLE ENTRY 3IN BUS_BTM","","FLOR","4","0","0","H87","0"
"100326032","110C2715P7SM","E2.2/E4.2 CABLE ENTRY 3IN BUS_BTM","","FLOR","2","0","0","H87","0"
"100326033","110C2715P8SM","E2.2/E4.2 CABLE ENTRY 3IN BUS_BTM","","FLOR","1","0","0","H87","0"
"100326034","110C2784P2","BARRIER","","FLOR","1","0","0","H87","0"
"100326035","110C2785P13","XT7","","FLOR","9","0","0","H87","0"
"100326036","110C2785P14","XT7","","FLOR","6","0","0","H87","0"
"100326037","110C2785P3","XT7","","FLOR","6","0","0","H87","0"
"100326038","110C2785P9","XT7","","FLOR","9","0","0","H87","0"
"100326039","110C2812P1","XT7","","FLOR","21","0","0","H87","0"
"100326040","110C2812P3","XT7, CABLE BRACE BRACKET, 13 D, 20 W","","FLOR","4","0","0","H87","0"
"100326041","110C2833P1SM","XT7","","FLOR","3","0","0","H87","0"
"100326042","110C2834P6SM","XT7","","FLOR","3","0","0","H87","0"
"100326043","110C2838P1SM","XT7","","FLOR","3","0","0","H87","0"
"100326044","110C2838P2SM","XT7","","FLOR","4","0","0","H87","0"
"100326045","110C2838P3SM","XT7","","FLOR","3","0","0","H87","0"
"100326046","110C2838P7SM","XT7","","FLOR","1","0","0","H87","0"
"100326047","110C2841P1","BRKT SPRT","","FLOR","132","0","0","H87","0"
"100326048","110C2848P1SM","XT7","","FLOR","3","0","0","H87","0"
"100326049","110C2848P2SM","XT7","","FLOR","9","0","0","H87","0"
"100326050","110C2860P2","PLATE","","FLOR","1","0","0","H87","0"
"100326051","110C2863P1","BAR","","FLOR","18","0","0","H87","0"
"100326052","110C2866P2SM","XT7","","FLOR","2","0","0","H87","0"
"100326053","110C2882P1","VFD 3 FAN WITH MOUNTING CASE STAB BOLT","","FLOR","6","0","0","H87","0"
"100326054","110C2884P6","TOP_3_FAN_PLATE","","FLOR","2","0","0","H87","0"
"100326055","110C2919P1","KIRK LOCK BRKT","","FLOR","83","0","0","H87","0"
"100326056","110C2922P1","BRKT, CABLE CLAMP, XT7, 1IN DEEP, 20W","","FLOR","19","0","0","H87","0"
"100326057","110C2925P1","XT7","","FLOR","20","0","0","H87","0"
"100326058","110C2926P1","XT7","","FLOR","22","0","0","H87","0"
"100326059","110C2934P5","XT7, GLASTIC SPRT, SLOT, BOT FED, 2.4 DP","","FLOR","29","0","0","H87","0"
"100326060","110C2934P6","XT7, GLASTIC SPRT, HOLE, BOT FED, 2.4 DP","","FLOR","31","0","0","H87","0"
"100326061","110C2990P1SM","HEAT SINK","","FLOR","38","0","0","H87","0"
"100326062","110C5005P35","20W X 40H","","FLOR","1","0","0","H87","0"
"100326063","110C5005P44","20W X 84H","","FLOR","2","0","0","H87","0"
"100326064","110C5005P68","30W X 8H","","FLOR","40","0","0","H87","0"
"100326065","110C5035P2","COVER HINGED","","FLOR","1","0","0","H87","0"
"100326066","110C5043P3","30W X 8H Cover with IR Window","","FLOR","1","0","0","H87","0"
"100326067","110C5081P3","SM COVER HINGED 30W 16H (1)PAC3200METER","","FLOR","1","0","0","H87","0"
"100326068","110C5117P3","SM DOOR 30W 14H SEL735 VERT","","FLOR","2","0","0","H87","0"
"100326069","110C5124P3","SM DOOR P 35W 20H-W/BP","","FLOR","8","0","0","H87","0"
"100326070","110C5125P3","SM DOOR P 35W 18H-W/BP","","FLOR","2","0","0","H87","0"
"100326071","110C5138P1","COVER HINGED","","FLOR","1","0","0","H87","0"
"100326072","110C5148P3","SM DOOR PBII 20A 30W INTERLOCK","","FLOR","14","0","0","H87","0"
"100326073","110C5161P2","COVER HINGED","","FLOR","10","0","0","H87","0"
"100326074","110C5162P2","COVER HINGED","","FLOR","14","0","0","H87","0"
"100326075","110C5165P3","40W X 10H","","FLOR","9","0","0","H87","0"
"100326076","110C5184P1","40W X 12H","","FLOR","4","0","0","H87","0"
"100326077","110C5192P2","COVER HINGED","","FLOR","3","0","0","H87","0"
"100326078","110C5205P3","SM DOOR P 40W 14H","","FLOR","3","0","0","H87","0"
"100326079","110C5213P2","COVER HINGED","","FLOR","12","0","0","H87","0"
"100326080","110C5282P3","SM DOOR P","","FLOR","6","0","0","H87","0"
"100326081","110C5308P3","SM DOOR P 40W 12H","","FLOR","2","0","0","H87","0"
"100326082","110C5379P3","SM DOOR 60W 76H","","FLOR","1","0","0","H87","0"
"100326083","110C5463P1","40W X 14H","","FLOR","1","0","0","H87","0"
"100326084","110C5526P2","110C5526P2.PRT","","FLOR","4","0","0","H87","0"
"100326085","110C5530P2","SM DEVICE MOUNTING BRACKET","","FLOR","172","0","0","H87","0"
"100326086","110C5539P3","SM DOOR 40W 12H SEL-751 W/BP(2)","","FLOR","1","0","0","H87","0"
"100326087","110C5568P1","COVER HINGED","","FLOR","1","0","0","H87","0"
"100326088","110C5569P1","H/C 30WX28H","","FLOR","1","0","0","H87","0"
"100326089","110C5614P1","COVER HINGED","","FLOR","3","0","0","H87","0"
"100326090","110C5624P3","SM DOOR 40W 20H (2) CR104 W/BP","","FLOR","1","0","0","H87","0"
"100326091","110C5625P2","COVER HINGED","","FLOR","3","0","0","H87","0"
"100326092","110C5626P2","COVER HINGED","","FLOR","8","0","0","H87","0"
"100326093","110C5627P2","COVER HINGED","","FLOR","7","0","0","H87","0"
"100326094","110C5628P2","COVER HINGED","","FLOR","6","0","0","H87","0"
"100326095","110C5629P2","COVER HINGED","","FLOR","4","0","0","H87","0"
"100326096","110C5676P2","COVER HINGED 40WX08H PM8244","","FLOR","1","0","0","H87","0"
"100326097","110C5709P2","45W X 14H","","FLOR","1","0","0","H87","0"
"100326098","110C5715P3","SM COVER 40W 16H EXISCAN IR","","FLOR","4","0","0","H87","0"
"100326099","110C5731P2","SM DOOR HINGE W/BP 30W 16H","","FLOR","1","0","0","H87","0"
"100326100","110C5739P1","H/C 30W X 16H","","FLOR","1","0","0","H87","0"
"100326101","110C5740P1","35W X 16H","","FLOR","5","0","0","H87","0"
"100326102","110C5741P1","SWBD COVER","","FLOR","1","0","0","H87","0"
"100326103","110C5770P1","40W X 14H UPS HINGE DOOR","","FLOR","1","0","0","H87","0"
"100326104","110C5772P1","COVER HINGED","","FLOR","1","0","0","H87","0"
"100326105","110C5802P1","35W X 12H","","FLOR","188","0","0","H87","0"
"100326106","110C5805P3","SM DOOR P 30W 12H","","FLOR","1","0","0","H87","0"
"100326107","110C5808P2","45W X 10H","","FLOR","1","0","0","H87","0"
"100326108","110C5809P2","SM MOUNTING PLATE","","FLOR","1","0","0","H87","0"
"100326109","110C5813P3","SM DOOR P 55W 08H","","FLOR","1","0","0","H87","0"
"100326110","110C5835P2","COV HGD 35WX16H SKRU (2)75A411405P73","","FLOR","4","0","0","H87","0"
"100326111","110C5868P3","110c5868p3.prt","","FLOR","2","0","0","H87","0"
"100326112","110C5872P2","COVER POWERBREAK II 16A 30W","","FLOR","11","0","0","H87","0"
"100326113","110C5928P2","COVER POWERBREAK II 30A 40W","","FLOR","2","0","0","H87","0"
"100326114","110C5991P3","HINGE COVER","","FLOR","2","0","0","H87","0"
"100326115","110C6082P3","SM HINGED COVER (3) IR window 35W 14H","","FLOR","2","0","0","H87","0"
"100326116","110C6083P3","SM DOOR","","FLOR","1","0","0","H87","0"
"100326117","110C6095P3","SM HINGED COVER","","FLOR","2","0","0","H87","0"
"100326118","110C6106P3","SM COVER 30W 28H(3) IR HHWK075CLKT","","FLOR","2","0","0","H87","0"
"100326119","110C6117P3","SM COVER HINGED RGM-4500Q 40W 12H","","FLOR","1","0","0","H87","0"
"100326120","110C6141P3","SM DOOR P 50W 14H","","FLOR","11","0","0","H87","0"
"100326121","110C6154P3","SM HINGED COVER 08H 30W w/baseplt","","FLOR","4","0","0","H87","0"
"100326122","110C6201ABP525","COVER","","FLOR","1","0","0","H87","0"
"100326123","110C6222P3","SM COV HINGED","","FLOR","3","0","0","H87","0"
"100326124","110C6229P3","SM FRONT COVER 35WX19H XT4 6PACK","","FLOR","3","0","0","H87","0"
"100326125","110C6325P3","SM COVER HINGED","","FLOR","1","0","0","H87","0"
"100326126","110C6358P3","SM HINGED COVER IR window 35W 8H","","FLOR","2","0","0","H87","0"
"100326127","110C6382P3","SM DOOR HINGED","","FLOR","2","0","0","H87","0"
"100326128","110C6436P3","SM DOOR 30WX16H (3)RELT","","FLOR","2","0","0","H87","0"
"100326129","110C6437P3","SM COVER HINGED W/BP 35W 24H","","FLOR","18","0","0","H87","0"
"100326130","110C6446P3","SM BASEPLATE 40W 24H","","FLOR","2","0","0","H87","0"
"100326131","110C6470P3","SM COVER HINGED RGM-4500Q 35W 16H","","FLOR","1","0","0","H87","0"
"100326132","110C6497P3","SM PRINGLE COVER 30W 7H","","FLOR","1","0","0","H87","0"
"100326133","110C6516P3","SM EMAX BREAKER DOOR 35W MV SWGR","","FLOR","71","0","0","H87","0"
"100326134","110C6517P3","SM EMAX BREAKER DOOR 35W MV SWGR","","FLOR","15","0","0","H87","0"
"100326135","110C6518P3","SM HINGED COVER 30W 18H","","FLOR","4","0","0","H87","0"
"100326136","110C6526P3","SM DOOR TAPE FOR EMAX 2","","FLOR","3","0","0","H87","0"
"100326137","110C6538P3","SM COVER HINGED 30W X 21H","","FLOR","1","0","0","H87","0"
"100326138","110C6543P3","SM DOOR 35WX12H PM8000 METER","","FLOR","67","0","0","H87","0"
"100326139","110C6579P3","SM COVER 35W 84H WITH PLUGS","","FLOR","7","0","0","H87","0"
"100326140","110C6587P3","SM DOOR 50W 20H RGM 4500Q","","FLOR","1","0","0","H87","0"
"100326141","110C6599P3","SM HINGED COVER 35W 8H HBL2410","","FLOR","2","0","0","H87","0"
"100326142","110C6636P3","SM COVER HINGED 40W X 12H IR WINDOW CAP2","","FLOR","1","0","0","H87","0"
"100326143","110C6644P3","SM COVER 40W 28H SPLICE","","FLOR","1","0","0","H87","0"
"100326144","110C6645P3","SM VENTED COVERS","","FLOR","1","0","0","H87","0"
"100326145","110C6654P3","SM COVER HINGED RGM-4500Q 35W 14H","","FLOR","2","0","0","H87","0"
"100326146","110C6736P3","SM COVER WTL-50BP1","","FLOR","3","0","0","H87","0"
"100326147","110C6741P3","SM COVER 40W X 28H IR 075-CL-KT","","FLOR","2","0","0","H87","0"
"100326148","110C6755P3","SM HINGED COVER 35W 16H XLF-AS-20-KFD CU","","FLOR","1","0","0","H87","0"
"100326149","110C6771P3","SM VENTED COVERS","","FLOR","1","0","0","H87","0"
"100326150","110C6793P3","SM COVER HINGED W/BP 35W 20H ACUPANEL","","FLOR","1","0","0","H87","0"
"100326151","110C6845P3","SM COVER 35W 8H W/ IR HWK075","","FLOR","2","0","0","H87","0"
"100326152","110C6871P3","SM COVER HINGED PM8244 W/BP 40W 12H","","FLOR","7","0","0","H87","0"
"100326153","110C6874P3","SM HINGED COVER 35W 08H FULL BASE PLATE","","FLOR","8","0","0","H87","0"
"100326154","110C6875P3","SM HINGED COVER","","FLOR","1","0","0","H87","0"
"100326155","110C6886P3","SM ABB-EVO N3R SIDE COVER LH 35W 84H","","FLOR","1","0","0","H87","0"
"100326156","110C6893P3","SM HINGED COV 35W 8H KIRKLOCK T-BLOCK FO","","FLOR","1","0","0","H87","0"
"100326157","110C6898P3","SM HINGED COVER 30W X 12H PM5000 - FT1 W","","FLOR","1","0","0","H87","0"
"100326158","110C6915P3","SM DOOR 40WX18H BF CBC 40A PRINGLE","","FLOR","1","0","0","H87","0"
"100326159","110C6931P3","SM XT5 DOOR COVER 35W","","FLOR","3","0","0","H87","0"
"100326160","110C6932P3","SM XT5 OFFSET BREAKER COVER","","FLOR","3","0","0","H87","0"
"100326161","110C6934P3","SM HINGED COVER","","FLOR","1","0","0","H87","0"
"100326162","110C6937P3","SM N3R ABB XFMR COVER LH 35D","","FLOR","2","0","0","H87","0"
"100326163","110C6938P3","SM ABB-EVO N3R SIDE COVER LH 35D","","FLOR","16","0","0","H87","0"
"100326164","110C6944P3","SM HINGED COVER 35W 24H E4.2 W/ RELT","","FLOR","1","0","0","H87","0"
"100326165","110C6948P3","SM HINGED COVER","","FLOR","2","0","0","H87","0"
"100326166","110C6962P3","SM COVER E1.2-F-3P-30W-24H-IR W","","FLOR","1","0","0","H87","0"
"100326167","110C6967P3","SM TOP COVER WTL-50BP1","","FLOR","1","0","0","H87","0"
"100326168","110C6968P3","SM COVER 50W X 10 H VENTED","","FLOR","1","0","0","H87","0"
"100326169","110C6969P3","SM COVER 60W X 10 H VENTED","","FLOR","5","0","0","H87","0"
"100326170","110C6981P3","SM DOOR P 40W16H","","FLOR","2","0","0","H87","0"
"100326171","110C6991P3","SM COVER","","FLOR","1","0","0","H87","0"
"100326172","110C6997P3","SM DOOR","","FLOR","2","0","0","H87","0"
"100326173","110C7025P3","SM DOOR P 55W 14H with baseplate","","FLOR","1","0","0","H87","0"
"100326174","110C7033P3","SM HINGED COVER 50W X 12H PM8000","","FLOR","2","0","0","H87","0"
"100326175","110C7053P3","SM EMAX E62 50A BREAKER DOOR 40W","","FLOR","1","0","0","H87","0"
"100326176","110C7057P3","110c7057p3","","FLOR","6","0","0","H87","0"
"100326177","110C7061P3","SM COVER HINGED 40WX8H (3) IRW HWK075","","FLOR","4","0","0","H87","0"
"100326178","110C7070P3","SM HINGED COVER 30W 28H (3) METSEPM5560","","FLOR","3","0","0","H87","0"
"100326179","110C7071P3","SM HINGED COVER 30W 28H (4) METSEPM5560","","FLOR","3","0","0","H87","0"
"100326180","110C7081P3","SM COVER TVOC-2 35W 8H","","FLOR","1","0","0","H87","0"
"100326181","110C7084P3","SM COVER HINGED NEXUS 1450 40W 12H","","FLOR","3","0","0","H87","0"
"100326182","110C7088P3","SM COVER 30W 24H IR WINDOW","","FLOR","1","0","0","H87","0"
"100326183","110C7089P3","SM COVER 40W 16H IR WINDOW","","FLOR","1","0","0","H87","0"
"100326184","110C7090P3","SM COVER 40W 32H IR WINDOW","","FLOR","1","0","0","H87","0"
"100326185","110C7097P3","SM DOOR P 30W 16H","","FLOR","1","0","0","H87","0"
"100326186","110C7100P3","SM COVER","","FLOR","1","0","0","H87","0"
"100326187","110C7107P3","RGXT FILLER PLATE 1X XT4","","FLOR","34","0","0","H87","0"
"100326188","110C7115P3","SM HINGED COVER 35W 12H ION METER","","FLOR","1","0","0","H87","0"
"100326189","110C7122P3","SM COVER PANEL DOOR","","FLOR","1","0","0","H87","0"
"100326190","110C7130P3","SM COVER 35W 84H WITH PLUGS","","FLOR","2","0","0","H87","0"
"100326191","110C7165P3","SM HINGED COV 35W 8H PANDUIT W/ BASE PLA","","FLOR","3","0","0","H87","0"
"100326192","110C7172P3","SM INT COV","","FLOR","1","0","0","H87","0"
"100326193","110C7175P3","SM GUTTER DOOR","","FLOR","1","0","0","H87","0"
"100326194","110C7210P3","SM COVER","","FLOR","1","0","0","H87","0"
"100326195","110C7213P3","SM COVER HINGED 45W08H PM5563RD","","FLOR","1","0","0","H87","0"
"100326196","110C7228P3","110c7228p3","","FLOR","1","0","0","H87","0"
"100326197","110C7240P3","SM GUTTER PANEL DOOR 50W OFF AMZN 2RELT","","FLOR","1","0","0","H87","0"
"100326198","110C7253P3","SM COVER BKR XT2 50W 16H","","FLOR","2","0","0","H87","0"
"100326199","110C7265P3","SM COVER HINGED 50W 8H","","FLOR","1","0","0","H87","0"
"100326200","110C7285P3","SM HC 40WX12H ION9000 W/BASEPLATE","","FLOR","15","0","0","H87","0"
"100326201","110C7317P3","BOTONERA GOOGLE 40X28","","FLOR","1","0","0","EA","0"
"100326202","110C7327P3","SM HINGED COVER","","FLOR","1","0","0","H87","0"
"100326203","110C7328P3","SM HINGED COVER","","FLOR","1","0","0","H87","0"
"100326204","110C7347P3","SM TVSS CVR XT4 60W","","FLOR","2","0","0","H87","0"
"100326205","110C7354P3","SM TVSS CVR XT4 30W","","FLOR","2","0","0","H87","0"
"100326206","110C7398P3","SM COVER WTL-50BP1","","FLOR","1","0","0","H87","0"
"100326207","110C7725P1","SIZE 0-2 TYPE 1 HARD TOOL ENCLOSURE","","FLOR","23","0","0","H87","0"
"100326208","110C9516P1","RELAY MOUNTING PLATE","","FLOR","1","0","0","H87","0"
"100326209","110C9516P2","RELAY MOUNTING PLATE","","FLOR","18","0","0","H87","0"
"100326210","110C9517P1","WEATHER PROOF DOOR","","FLOR","3","0","0","H87","0"
"100326211","110C9520P1","LV DOOR","","FLOR","1","0","0","H87","0"
"100326212","110C9613P2","35W SW SEC","","FLOR","8","0","0","H87","0"
"100326213","110C9613P5","20 W FULL HEIGHT BARIER FRAME","","FLOR","4","0","0","H87","0"
"100326214","110C9653P1","BOX CONTROL PANEL","","FLOR","1","0","0","H87","0"
"100326215","110C9654P1","LOWER DOOR CONTROL PANEL","","FLOR","2","0","0","H87","0"
"100326216","110C9781AIP1","110C9781AIP1","","FLOR","54","0","0","H87","0"
"100326217","110C9781AIP2","TOP STEEL BARRIER","","FLOR","9","0","0","H87","0"
"100326218","110C9781AMP1","110C9613P1.PRT","","FLOR","55","0","0","H87","0"
"100326219","110C9781AMP2","BOTTOM STEEL BARRIER","","FLOR","9","0","0","H87","0"
"100326220","110C9781ATP1S","SW TO XFMR BUS PHS1 600A DF S","","FLOR","2","0","0","H87","0"
"100326221","110C9781ATP2S","SW TO XFMR BUS PHS2 600A DF S","","FLOR","2","0","0","H87","0"
"100326222","110C9781ATP5T","SW TO XFMR BUS PHS2 1200A DF T","","FLOR","1","0","0","H87","0"
"100326223","110C9781BUP1","DOOR","","FLOR","20","0","0","H87","0"
"100326224","110C9781BUP2","LOWER DOOR W/KIRKLOCK 35W_","","FLOR","10","0","0","H87","0"
"100326225","110C9781BWP1","DOOR","","FLOR","16","0","0","H87","0"
"100326226","110C9781BWP10","Lwr Door LV box, padlock, N3R","","FLOR","7","0","0","H87","0"
"100326227","110C9781BWP2","LOWER DOOR W/KIRK & LV BOX_","","FLOR","29","0","0","H87","0"
"100326228","110C9781BWP6","LOWER DOOR ASM -LV BOX-LIS-VCB_","","FLOR","9","0","0","H87","0"
"100326229","110C9781CEP1","DOOR","","FLOR","1","0","0","H87","0"
"100326230","110C9781CGP1","FRONT PLATE HANDLE","","FLOR","57","0","0","H87","0"
"100326231","110C9781CGP2","FRONT PLATE HANDLE KK","","FLOR","16","0","0","H87","0"
"100326232","110C9781CHP2","HDL PLT KK ON W/ DOOR INTLK -DD","","FLOR","8","0","0","H87","0"
"100326233","110C9781CHP5","HDL PLT KK ON W/ DOOR INTLK-DD TYP-D","","FLOR","2","0","0","H87","0"
"100326234","110C9781CKP1","DOOR","","FLOR","16","0","0","H87","0"
"100326235","110C9781CNP1","DOOR","","FLOR","2","0","0","H87","0"
"100326236","110C9781DDP2","35W SW SEC","","FLOR","31","0","0","H87","0"
"100326237","110C9781DJP1","DUPLEX INSULATOR SUPPORT PLATE","","FLOR","13","0","0","H87","0"
"100326238","110C9781FDP3","BRKR MNTG SUPPORT","","FLOR","28","0","0","H87","0"
"100326239","110C9781FZP1","DUPLEX INSULATOR SUP PLATE 61KA","","FLOR","1","0","0","H87","0"
"100326240","110C9811P1","LV DOOR","","FLOR","21","0","0","H87","0"
"100326241","110C9819P4","COVER 60W FOR CABLE-R","","FLOR","4","0","0","H87","0"
"100326242","110C9831P1","BARRIER","","FLOR","1","0","0","H87","0"
"100326243","110C9832P2","COVER","","FLOR","4","0","0","H87","0"
"100326244","110C9879P1","FULL HEIGHT DOOR COMED METER","","FLOR","10","0","0","H87","0"
"100326245","110C9895P1","FULL HEIGHT INNER BARRIER","","FLOR","1","0","0","H87","0"
"100326246","110C9904P1S","BUS","","FLOR","1","0","0","H87","0"
"100326247","110C9904P2S","BUS","","FLOR","2","0","0","H87","0"
"100326248","110C9904P3S","BUS","","FLOR","2","0","0","H87","0"
"100321545","110C9908P1","BOTTOM COVER","","FLOR","1","0","0","H87","0"
"100326250","110C9908P10","BOTTOM COVER","","FLOR","6","0","0","H87","0"
"100326251","110C9908P5","BOTTOM COVER","","FLOR","15","0","0","H87","0"
"100326252","110C9908P7","BOTTOM COVER","","FLOR","26","0","0","H87","0"
"100326253","110C9908P9","BOTTOM COVER","","FLOR","7","0","0","H87","0"
"100326254","110C9910P1","DOOR","","FLOR","4","0","0","H87","0"
"100326255","110C9911P1","DOOR","","FLOR","6","0","0","H87","0"
"100326256","110C9911P2","LOWER DOOR W/KIRKLOCK 35W","","FLOR","1","0","0","H87","0"
"100326257","110C9912P1","VENTED COVER","","FLOR","27","0","0","H87","0"
"100326258","110C9912P3","VENTED COVER","","FLOR","126","0","0","H87","0"
"100326259","110C9912P4","VENTED COVER","","FLOR","2","0","0","H87","0"
"100326260","110C9914P1S","SIDE INC BUS","","FLOR","3","0","0","H87","0"
"100326261","110C9914P3S","SIDE INC BUS","","FLOR","1","0","0","H87","0"
"100326262","110C9914P5S","SIDE INC BUS","","FLOR","2","0","0","H87","0"
"100326263","110C9915P1","STRINGER SUPPORT,REAR 50 IN DP","","FLOR","30","0","0","H87","0"
"100326264","110C9915P2","STRINGER SUPPORT","","FLOR","26","0","0","H87","0"
"100326265","110C9921P1","LOWER FUSE INSULATOR SUPPORT","","FLOR","18","0","0","H87","0"
"100326266","110C9923P1","COVER","","FLOR","16","0","0","H87","0"
"100326267","110C9923P13","COVER","","FLOR","43","0","0","H87","0"
"100326268","110C9923P15","COVER","","FLOR","69","0","0","H87","0"
"100326269","110C9923P17","COVER","","FLOR","8","0","0","H87","0"
"100326270","110C9923P3","COVER","","FLOR","126","0","0","H87","0"
"100326271","110C9923P6","COVER,60W28H, BL GND","","FLOR","1","0","0","H87","0"
"100326272","110C9930P1","LV BOX SIDE","","FLOR","18","0","0","H87","0"
"100326273","110C9932P1","SPARE FUSE HOLDER","","FLOR","2","0","0","H87","0"
"100326274","110C9932P2","DRAWING HOLDER","","FLOR","56","0","0","H87","0"
"100326275","110C9934P1","TOP COVER","","FLOR","15","0","0","H87","0"
"100326276","110C9934P2","TOP COVER","","FLOR","12","0","0","H87","0"
"100326277","110C9934P3","TOP COVER","","FLOR","21","0","0","H87","0"
"100326278","110C9934P8","TOP COVER","","FLOR","12","0","0","H87","0"
"100326279","110C9934P9","TOP COVER","","FLOR","9","0","0","H87","0"
"100326280","110c9940p1","HANDLE MOUNTING PLATE","","FLOR","10","0","0","H87","0"
"100326281","110C9940P2","HANDLE PLATE W/KIRKLOCK 35W","","FLOR","3","0","0","H87","0"
"100326282","110C9945P1","REAR VERT BARR","","FLOR","4","0","0","H87","0"
"100326283","110C9946P1","REAR VERTICAL BARRIER","","FLOR","33","0","0","H87","0"
"100326284","110C9946P2","REAR VERTICAL BARRIER, VD4","","FLOR","50","0","0","H87","0"
"100326285","110C9953P1","DOOR","","FLOR","6","0","0","H87","0"
"100326286","110C9955P1","DOOR","","FLOR","5","0","0","H87","0"
"100326287","110C9956P1","RUN BACK INSULATOR SUPPORT","","FLOR","31","0","0","H87","0"
"100326288","110C9957P1","ABB SIDE CVR","","FLOR","2","0","0","H87","0"
"100326289","110C9957P10","ABB SIDE CVR","","FLOR","3","0","0","H87","0"
"100326290","110C9957P12","ABB SIDE CVR","","FLOR","1","0","0","H87","0"
"100326291","110C9957P2","ABB SIDE CVR","","FLOR","2","0","0","H87","0"
"100326292","110C9957P3","ABB SIDE CVR","","FLOR","1","0","0","H87","0"
"100326293","110C9957P5","ABB SIDE CVR","","FLOR","1","0","0","H87","0"
"100326294","110C9957P8","ABB SIDE CVR","","FLOR","7","0","0","H87","0"
"100326295","110C9965P1","TOP BEAM REPLACMENT","","FLOR","2","0","0","H87","0"
"100326296","110C9965P2","TOP BEAM REPLACMENT","","FLOR","7","0","0","H87","0"
"100326297","110C9965P5","TOP BEAM REPLACMENT","","FLOR","76","0","0","H87","0"
"100326298","110C9965P6","TOP BEAM REPLACMENT, 40W","","FLOR","2","0","0","H87","0"
"100326299","110C9965P8","TOP BEAM REPLACMENT","","FLOR","14","0","0","H87","0"
"100326300","110C9969P1","INSULATOR SUPPORT,XFMR BUS","","FLOR","3","0","0","H87","0"
"100326301","110c9973p2","PROLEC CVR,RGT,REAR,50 DP,4OFF","","FLOR","1","0","0","H87","0"
"100326302","110C9974P2","PROLEC CVR","","FLOR","5","0","0","H87","0"
"100326303","110C9981P3","PROLEC CVR","","FLOR","1","0","0","H87","0"
"100326304","110C9982P1","PROLEC CVR","","FLOR","1","0","0","H87","0"
"100326305","110C9984P1","BTM SIDE CVR","","FLOR","8","0","0","H87","0"
"100326306","110C9984P2","BTM SIDE CVR","","FLOR","13","0","0","H87","0"
"100326307","110C9984P3","BTM SIDE CVR","","FLOR","8","0","0","H87","0"
"100326308","110C9984P4","BTM SIDE CVR","","FLOR","7","0","0","H87","0"
"100326309","110C9986P1","N3","","FLOR","7","0","0","H87","0"
"100326310","110C9987P2","N3","","FLOR","10","0","0","H87","0"
"100326311","110C9989P2","N3","","FLOR","2","0","0","H87","0"
"100326312","110C9990P2","N3","","FLOR","3","0","0","H87","0"
"100326313","110C9997P1","GLS BARRIER","","FLOR","2","0","0","H87","0"
"100326314","110C9998P2","SIDE CVR","","FLOR","3","0","0","H87","0"
"100326315","110C9998P4","SIDE CVR","","FLOR","1","0","0","H87","0"
"100326316","168D1078P13","BM END TRIM S 36 V 22.75","","FLOR","3","0","0","H87","0"
"100326317","168D1078P26","BM END TRIM S 44 V 22.75","","FLOR","34","0","0","H87","0"
"100326318","168D1078P54","BM END TRIM","","FLOR","1","0","0","H87","0"
"100326319","168D1083P11","SPECTRA 6X 36 FILLER (APP6)","","FLOR","1","0","0","H87","0"
"100326320","168D1083P4","SPECTRA 2X 44W FILLER (APP2W)","","FLOR","23","0","0","H87","0"
"100326321","168D1594P10","BM LOAD ENDTRIM 44W 13.12 V","","FLOR","2","0","0","H87","0"
"100326322","168D1594P11","BM LOAD ENDTRIM 44W 14.25 V","","FLOR","11","0","0","H87","0"
"100326323","168D1594P13","BM LOAD ENDTRIM 44W 21.19 V","","FLOR","10","0","0","H87","0"
"100326324","168D1594P6","BM LOAD ENDTRIM 36W 14.25 V","","FLOR","2","0","0","H87","0"
"100326325","168D1933P1","36/40W TEY DB 3X FILLER","","FLOR","62","0","0","H87","0"
"100326326","168D1933P2","44W TEY DB 3X FILLER","","FLOR","62","0","0","H87","0"
"100326327","168D1949P1","BM BOX BACK 44W75H28X 3R 12","","FLOR","5","0","0","H87","0"
"100326328","168D1949P4","BM BOX BACK 44W65H23X 3R 12","","FLOR","1","0","0","H87","0"
"100326329","168D1967P1","BM COVER 44W75H23XDM","","FLOR","7","0","0","H87","0"
"100326330","168D1967P3","BM COVER 44W65H23X 3R 12","","FLOR","1","0","0","H87","0"
"100326331","169C6383BYP1","MOUNTING BASE FOR SZ5 VAC","","FLOR","1","0","0","H87","0"
"100326332","190B1008P1","DIE MADE SUPPORT COVER","","FLOR","9","0","0","H87","0"
"100326334","190B1010P13","CHANNEL","","FLOR","3","0","0","H87","0"
"100326335","190B1010P14","CHANNEL","","FLOR","13","0","0","H87","0"
"100326336","190B1010P5","HORIZONTAL CHANNEL","","FLOR","3","0","0","H87","0"
"100326337","190B1027P2SM","DRAW OUT SIZE 5 LINE SIDE","","FLOR","3","0","0","H87","0"
"100326338","190B1058P1","DIE MADE","","FLOR","1","0","0","H87","0"
"100326339","190B1058P5","BRACKET","","FLOR","5","0","0","H87","0"
"100326340","190B1058P6","BRACKET","","FLOR","3","0","0","H87","0"
"100326341","190B1060P10","TOP COVER","","FLOR","1","0","0","H87","0"
"100326342","190B1060P11","COVER","","FLOR","31","0","0","H87","0"
"100326343","190B1060P12","TOP COVER","","FLOR","2","0","0","H87","0"
"100326344","190B1060P17","COVER","","FLOR","1","0","0","H87","0"
"100326345","190B1060P18","COVER TOP 24 X 13","","FLOR","2","0","0","H87","0"
"100326346","190B1060P2","TOP PLATE - 24 W","","FLOR","110","0","0","H87","0"
"100326347","190B1060P3","TOP COVER - 30","","FLOR","75","0","0","H87","0"
"100326348","190B1060P4","TOP COVER","","FLOR","40","0","0","H87","0"
"100326349","190B1060P7","TOP COVER","","FLOR","2","0","0","H87","0"
"100326350","190B1060P8","TOP COVER","","FLOR","2","0","0","H87","0"
"100326351","190B1061P1","BRKT CONTACTOR","","FLOR","159","0","0","H87","0"
"100326352","190B1061P2","SZ 1 FVNR MOUNTING BRKT","","FLOR","31","0","0","H87","0"
"100326353","190B1064P11SM","VERT. BUS 42H 250A F70F2","","FLOR","11","0","0","H87","0"
"100326354","190B1064P1SM","VERT. BUS 12H 250A F70F2","","FLOR","11","0","0","H87","0"
"100326355","190B1064P2SM","VERT. BUS 12H 250A F70HH","","FLOR","1","0","0","H87","0"
"100326356","190B1064P5KT","VERT. BUS 36H 250A F70F2","","FLOR","1","0","0","H87","0"
"100326357","190B1064P6SM","VERT. BUS 24H 250A F70HH","","FLOR","1","0","0","H87","0"
"100326358","190B1064P7SM","VERT. BUS 30H 250A F70F2","","FLOR","1","0","0","H87","0"
"100326359","190B1065P1SM","VERT. BUS 12H 250A F70F2","","FLOR","11","0","0","H87","0"
"100326360","190B1065P2SM","VERT. BUS 12H 250A F70HH","","FLOR","1","0","0","H87","0"
"100326361","190B1065P4SM","VERT. BUS 18H 250A F70HH","","FLOR","1","0","0","H87","0"
"100326362","190B1065P5KT","VERT. BUS 36H 250A F70F2","","FLOR","1","0","0","H87","0"
"100326363","190B1065P6SM","VERT. BUS 24H 250A F70HH","","FLOR","1","0","0","H87","0"
"100326364","190B1065P7SM","VERT. BUS 30H 250A F70F2","","FLOR","1","0","0","H87","0"
"100326365","190B1066P1SM","VERT. BUS 12H 250A F70F2","","FLOR","11","0","0","H87","0"
"100326366","190B1066P28SM","BUS","","FLOR","6","0","0","H87","0"
"100326367","190B1066P2SM","VERT. BUS 12H 250A F70HH","","FLOR","4","0","0","H87","0"
"100326368","190B1066P6SM","VERT. BUS 24H 250A F70HH","","FLOR","1","0","0","H87","0"
"100326369","190B1066P7SM","VERT. BUS 30H 250A F70F2","","FLOR","1","0","0","H87","0"
"100326370","190B1068P10KT","VERT. BUS36H 600A F70HHC","","FLOR","9","0","0","H87","0"
"100326371","190B1068P10SM","VERT. BUS36H 600A F70HHC","","FLOR","19","0","0","H87","0"
"100326372","190B1068P11KT","VERT. BUS42H 600A F70F2A","","FLOR","9","0","0","H87","0"
"100326373","190B1068P1SM","VERT. BUS12H 600A F70F2A","","FLOR","1","0","0","H87","0"
"100326374","190B1068P2SM","VERT. BUS12H 600A F70HHC","","FLOR","5","0","0","H87","0"
"100326375","190B1068P3","VERT. BUS18H 600A F70F2A","","FLOR","3","0","0","H87","0"
"100326376","190B1068P3SM","VERT. BUS18H 600A F70F2A","","FLOR","4","0","0","H87","0"
"100326377","190B1068P4KT","VERT. BUS18H 600A F70HHC","","FLOR","8","0","0","H87","0"
"100326378","190B1068P4SM","VERT. BUS30H 600A F70HHC","","FLOR","5","0","0","H87","0"
"100326379","190B1068P54SM","BUS","","FLOR","1","0","0","H87","0"
"100326380","190B1068P5SM","VERT. BUS24H 600A F70F2A","","FLOR","1","0","0","H87","0"
"100326381","190B1068P6SM","VERT. BUS24H 600A F70HHC","","FLOR","2","0","0","H87","0"
"100326382","190B1068P7SM","VERT. BUS30H 600A F70F2A","","FLOR","37","0","0","H87","0"
"100326383","190B1068P9SM","VERT. BUS36H 600A F70F2A","","FLOR","4","0","0","H87","0"
"100326384","190B1069P10KT","VERTICAL BUS BAR 600A","","FLOR","9","0","0","H87","0"
"100326385","190B1069P11KT","VERTICAL BUS BAR 600A","","FLOR","8","0","0","H87","0"
"100326386","190B1069P1SM","VERTICAL BUS BAR 600A","","FLOR","3","0","0","H87","0"
"100326387","190B1069P2SM","VERTICAL BUS BAR 600A","","FLOR","1","0","0","H87","0"
"100326388","190B1069P3","VERTIVAL BUS BAR 600A","","FLOR","13","0","0","H87","0"
"100326389","190B1069P4KT","VERTICAL BUS BAR 600A","","FLOR","8","0","0","H87","0"
"100326390","190B1069P4SM","VERTICAL BUS BAR 600A","","FLOR","9","0","0","H87","0"
"100326391","190B1069P5SM","VERTICAL BUS BAR 600A","","FLOR","1","0","0","H87","0"
"100326392","190B1069P6SM","VERTICAL BUS BAR 600A","","FLOR","2","0","0","H87","0"
"100326393","190B1069P9SM","VERTICAL BUS BAR 600A","","FLOR","4","0","0","H87","0"
"100326394","190B1070P10KT","VERT. BUS36H 600A F70HHC","","FLOR","9","0","0","H87","0"
"100326395","190B1070P11KT","VERT. BUS42H 600A F70F2A","","FLOR","6","0","0","H87","0"
"100326396","190B1070P1SM","VERT. BUS12H 600A F70F2A","","FLOR","1","0","0","H87","0"
"100326397","190B1070P2SM","VERT. BUS12H 600A F70HHC","","FLOR","3","0","0","H87","0"
"100326398","190B1070P3","VERT. BUS18H 600A F70F2A","","FLOR","13","0","0","H87","0"
"100326399","190B1070P3KT","VERT. BUS18H 600A F70F2A","","FLOR","4","0","0","H87","0"
"100326400","190B1070P53SM","BUS","","FLOR","15","0","0","H87","0"
"100326401","190B1070P55SM","BUS","","FLOR","6","0","0","H87","0"
"100326402","190B1070P59SM","BUS","","FLOR","3","0","0","H87","0"
"100326403","190B1070P5SM","VERT. BUS24H 600A F70F2A","","FLOR","6","0","0","H87","0"
"100326404","190B1070P60SM","BUS","","FLOR","3","0","0","H87","0"
"100326405","190B1070P7SM","VERT. BUS30H 600A F70F2A","","FLOR","23","0","0","H87","0"
"100326406","190B1070P9SM","VERT. BUS36H 600A F70F2A","","FLOR","6","0","0","H87","0"
"100326407","190B1084P233","DRIP PAN LH/CTR","","FLOR","3","0","0","H87","0"
"100326408","190B1084P237","DRIP PAN CTR","","FLOR","1","0","0","H87","0"
"100326409","190B1100P1SM","BUS 0.25X2 IN CU HORZ NE","","FLOR","9","0","0","H87","0"
"100326410","190B1100P22SM","BUS 0.25X2 IN CU HORZ NE","","FLOR","1","0","0","H87","0"
"100326411","190B1100P27SM","BUS 0.25X2 IN CU HORZ NE","","FLOR","1","0","0","H87","0"
"100326412","190B1100P2SM","NEUT BUS - 600A - 40","","FLOR","1","0","0","H87","0"
"100326413","190B1100P6SM","BUS 0.25X2 IN CU HORZ NE","","FLOR","1","0","0","H87","0"
"100326414","190B1101P1SM",".250 X 2 NEUTRAL BUS","","FLOR","3","0","0","H87","0"
"100326415","190B1101P22SM","BUS 0.25X2 IN CU HORZ GR","","FLOR","2","0","0","H87","0"
"100326416","190B1101P2SM","GND BUS","","FLOR","9","0","0","H87","0"
"100326417","190B1101P37SM","BUS 0.25X2 IN CU HORZ GR","","FLOR","3","0","0","H87","0"
"100326418","190B1101P43SM","BUS","","FLOR","5","0","0","H87","0"
"100326419","190B1101P6SM","BUS 0.25X2 IN CU HORZ GR","","FLOR","13","0","0","H87","0"
"100326420","190B1114P10SM","BUS 0.25X1 IN CU HORZ GR","","FLOR","2","0","0","H87","0"
"100326421","190B1114P14SM","BUS 0.25X1 IN CU HORZ GR","","FLOR","2","0","0","H87","0"
"100326422","190B1114P22KT","BUS 0.25X1 IN CU HORZ GR","","FLOR","1","0","0","H87","0"
"100326423","190B1114P2SM","BUS 0.25X1 IN CU HORZ GR","","FLOR","7","0","0","H87","0"
"100326424","190B1114P32SM","BUS 0.25X1 IN CU HORZ GR","","FLOR","1","0","0","H87","0"
"100326425","190B1114P43SM","GND BUS","","FLOR","1","0","0","H87","0"
"100326426","190B1114P58SM","BUS 0.25X1 IN CU HORZ GR","","FLOR","1","0","0","H87","0"
"100326427","190B1114P64SM","BUS 0.25X1 IN CU HORZ GR","","FLOR","2","0","0","H87","0"
"100326428","190B1114P7SM","BUS 0.25X1 IN CU HORZ GR","","FLOR","1","0","0","H87","0"
"100326429","190B1115P1SM","BUS 0.25X2 IN CU HORZ 2","","FLOR","45","0","0","H87","0"
"100326430","190B1115P22SM","BUS 0.25X2 IN CU HORZ 2","","FLOR","5","0","0","H87","0"
"100326431","190B1115P27SM","BUS 0.25X2 IN CU HORZ 2","","FLOR","6","0","0","H87","0"
"100326432","190B1115P2SM","MAIN BUS - 600 C/S - 40","","FLOR","15","0","0","H87","0"
"100326433","190B1115P31SM","BUS 0.25X2 IN CU HORZ 2","","FLOR","3","0","0","H87","0"
"100326434","190B1115P6SM","MAIN BUS - 600 C/S - 60","","FLOR","12","0","0","H87","0"
"100326435","190B1115P7SM","BUS 0.25X2 IN CU HORZ 2","","FLOR","6","0","0","H87","0"
"100326436","190B1117P1SM","BUS 0.375X2 IN CU HORZ 2","","FLOR","13","0","0","H87","0"
"100326437","190B1117P2SM","BUS 0.375X2 IN CU HORZ 2","","FLOR","3","0","0","H87","0"
"100326438","190B1117P43SM","BUS 0.375X2 IN CU HORZ 3","","FLOR","3","0","0","H87","0"
"100326439","190B1117P6SM","BUS 0.375X2 IN CU HORZ 2","","FLOR","9","0","0","H87","0"
"100326440","190B1124P2","RODENT BARRIER","","FLOR","19","0","0","H87","0"
"100326441","190B1124P3","RODENT BARRIER 22D","","FLOR","1","0","0","H87","0"
"100313490","31022250367P107KT","RSB E1.2 W 40D CU TIERS 1.6/2/2.5/4K MB","","FLOR","20","0","0","H87","0"
"100326443","190B1126P22SM","BUS 0.25X2 IN CU NEUTRAL","","FLOR","3","0","0","H87","0"
"100326444","190B1126P2SM","BUS 0.25X1 IN CU NEUTRAL","","FLOR","1","0","0","H87","0"
"100326446","190B1127P1SM","BUS 0.375X2 IN CU HORZ NE","","FLOR","2","0","0","H87","0"
"100326447","190B1201P1","BRK.-LEX.BAR.800 MLO","","FLOR","1125","0","0","H87","0"
"100326448","190B1201P10","BRACKET","","FLOR","7","0","0","H87","0"
"100326449","190B1201P2","BRK.-LEX.BAR.800 MLO","","FLOR","1504","0","0","H87","0"
"100326450","190B1201P7","BRACKET","","FLOR","4","0","0","H87","0"
"100326451","190B1201P8","BRACKET","","FLOR","4","0","0","H87","0"
"100326452","190B1201P9","BRACKET, BARRIER SUPPORT-RIGHT","","FLOR","6","0","0","H87","0"
"100326453","190B1206P10KT","18 IN VERTICAL GROUND BU","","FLOR","14","0","0","H87","0"
"100326455","190B1206P11KT","12 IN VERTICAL GROUND BU","","FLOR","12","0","0","H87","0"
"100326457","190B1206P2SM","66 IN VERTICAL GROUND BU","","FLOR","8","0","0","H87","0"
"100326458","190B1206P3SM","60 IN VERTICAL GROUND BU","","FLOR","1","0","0","H87","0"
"100326459","190B1206P4SM","54 IN VERTICAL GROUND BU","","FLOR","1","0","0","H87","0"
"100326460","190B1206P5KT","48 IN VERTICAL GROUND BU","","FLOR","2","0","0","H87","0"
"100326461","190B1206P6KT","42 IN VERTICAL GROUND BU","","FLOR","2","0","0","H87","0"
"100326462","190B1206P7SM","36 IN VERTICAL GROUND BU","","FLOR","10","0","0","H87","0"
"100326464","190B1206P9SM","24 IN VERTICAL GROUND BU","","FLOR","2","0","0","H87","0"
"100326465","190B1237P17","PLATE DISHED","","FLOR","3","0","0","H87","0"
"100326466","190B1237P18","PLATE DISHED","","FLOR","1","0","0","H87","0"
"100326467","190B1412P22SM","BUS MAIN .5 X 2","","FLOR","3","0","0","H87","0"
"100326468","190B1412P2SM","BUS MAIN .5 X 2","","FLOR","6","0","0","H87","0"
"100326469","190B1412P32SM","BUS MAIN .5 X 2","","FLOR","3","0","0","H87","0"
"100326470","190B1412P37SM","BUS MAIN .5 X 2","","FLOR","18","0","0","H87","0"
"100326471","190B1412P43SM","BUS MAIN .5 X 2","","FLOR","14","0","0","H87","0"
"100326472","190B1412P6SM","BUS MAIN .5 X 2","","FLOR","3","0","0","H87","0"
"100326474","190B1454P2","BARRIER LEXAN 600A INC","","FLOR","1","0","0","H87","0"
"100326475","190B1466P1SM","BUS SPLICE BAR","","FLOR","14","0","0","H87","0"
"100326476","190B1466P2KT","NEW TO NEW","","FLOR","20","0","0","H87","0"
"100326477","190B1533P1SM","BUS RISER MLO","","FLOR","1","0","0","H87","0"
"100326478","190B1533P2SM","BUS RISER MLO","","FLOR","1","0","0","H87","0"
"100326479","190B1533P3SM","BUS RISER MLO","","FLOR","1","0","0","H87","0"
"100326480","190B1544P1KT","BUS SPLICE","","FLOR","55","0","0","H87","0"
"100326481","190B1597P1","BRKT 1/2X STARTER","","FLOR","7","0","0","H87","0"
"100326482","190B1622P4SM","BUS RISER","","FLOR","3","0","0","H87","0"
"100326483","190B1622P5SM","BUS RISER","","FLOR","2","0","0","H87","0"
"100326484","190B1622P6SM","BUS RISER","","FLOR","2","0","0","H87","0"
"100326485","190B1660P6","BRACKET","","FLOR","12","0","0","H87","0"
"100326486","190B1662P1","PILOT DEVICE BRACKET","","FLOR","99","0","0","H87","0"
"100326487","190B1675P1","SHIELD","","FLOR","1","0","0","H87","0"
"100326488","190B1736P9SM","BUS BAR","","FLOR","1","0","0","H87","0"
"100326489","190B1743P1","BUS BAR","","FLOR","2","0","0","H87","0"
"100326490","190B1821P8SM","TIER STRAP","","FLOR","2","0","0","H87","0"
"100326491","190B1831P1","BRACKET","","FLOR","27","0","0","H87","0"
"100326492","190B1832P4","BRACKET, SUPPPORT PB 1600A","","FLOR","55","0","0","H87","0"
"100326493","190B1832P5","BRACKET","","FLOR","10","0","0","H87","0"
"100326494","190B1903P5","SUPPORT BRACKET","","FLOR","33","0","0","H87","0"
"100326495","190B1965P10","PLATE","","FLOR","1","0","0","H87","0"
"100326496","190B1965P13","PLATE","","FLOR","16","0","0","H87","0"
"100326497","190B2020P1","GCT SUPT SZ5","","FLOR","39","0","0","H87","0"
"100326498","190B2020P3","GCT SUPT","","FLOR","3","0","0","H87","0"
"100326499","190B2058P1","BARRIER","","FLOR","5","0","0","H87","0"
"100326500","190B2059P1","MAIN BUS BARREIR","","FLOR","199","0","0","H87","0"
"100326501","190B2062P13","PLATE","","FLOR","29","0","0","H87","0"
"100326502","190B2073P7","BARRIER BUS SPLICE 2 IN 1600A","","FLOR","108","0","0","H87","0"
"100326503","190B2073P9","BARRIER","","FLOR","55","0","0","H87","0"
"100326504","190B2075P2","BRACKET","","FLOR","18","0","0","H87","0"
"100326505","190B2075P3","BRACKET 1600A MLO 1.8 HT","","FLOR","205","0","0","H87","0"
"100326506","190B2075P4","BRACKET 20A PB2","","FLOR","15","0","0","H87","0"
"100326507","190B2075P6","BRACKET 20A PB2, 0.85HT","","FLOR","21","0","0","H87","0"
"100326508","190B2075P7","BRACKET 20A PB2, 0.85HT","","FLOR","17","0","0","H87","0"
"100326509","190B2102P2","BARRIER LEXAN 24W 42H","","FLOR","1","0","0","H87","0"
"100326510","190B2102P21","BARRIER","","FLOR","1","0","0","H87","0"
"100326511","190B2121P1","BRKT MTG SZ5 FUSE","","FLOR","17","0","0","H87","0"
"100326512","190B2123P1","BRKT","","FLOR","57","0","0","H87","0"
"100326513","190B2126P1","PLATE TOP SZ 6 STR","","FLOR","106","0","0","H87","0"
"100326514","190B2147P2","BRACKET","","FLOR","8","0","0","H87","0"
"100326515","190B2179P1","PLATE TOP SZ 6 STR","","FLOR","5","0","0","H87","0"
"100326516","190B2180P1","METERING PLATE","","FLOR","15","0","0","H87","0"
"100326517","190B2180P2","METERING PLATE","","FLOR","29","0","0","H87","0"
"100326518","190B2180P42","METERING PLATE","","FLOR","5","0","0","H87","0"
"100326519","190B2180P43","METERING PLATE","","FLOR","1","0","0","H87","0"
"100326520","190B2180P45","METERING PLATE","","FLOR","2","0","0","H87","0"
"100326521","190B2180P49","METERING PLATE, PQM METER","","FLOR","3","0","0","H87","0"
"100326522","190B2180P6","PLATE","","FLOR","21","0","0","H87","0"
"100326523","190B2189P1","GUSSET","","FLOR","67","0","0","H87","0"
"100326524","190B2196P1","GUSSET","","FLOR","68","0","0","H87","0"
"100326525","190B2201P1","BRKT","","FLOR","61","0","0","H87","0"
"100326526","190B2235P1","GLASTIC SUPPORT","","FLOR","6","0","0","H87","0"
"100326527","190B2236P1","MOUNTING PLT","","FLOR","35","0","0","H87","0"
"100326528","190B2250P3SM","RISER","","FLOR","1","0","0","H87","0"
"100326529","190B2261P12","BARRIER 45.00LX24W","","FLOR","1","0","0","H87","0"
"100326530","190B2262P1","BRKT","","FLOR","24","0","0","H87","0"
"100326531","190B2262P3","BRACKET, GLASTIC SUPPORT 800/1","","FLOR","18","0","0","H87","0"
"100326532","190B2263P1","C/T BRKT","","FLOR","22","0","0","H87","0"
"100326533","190B2263P2","BRACKET","","FLOR","12","0","0","H87","0"
"100326534","190B2264P1","LUG BARRIER","","FLOR","11","0","0","H87","0"
"100326536","190B2279P1","PLATE MTG","","FLOR","3","0","0","H87","0"
"100326537","190B2287P1","MNTG PLATE","","FLOR","16","0","0","H87","0"
"100326538","190B2287P2","MNTG PLATE","","FLOR","2","0","0","H87","0"
"100326539","190B2302P1","BRKT FUSE MTG","","FLOR","37","0","0","H87","0"
"100326540","190B2305P1","BRACKET","","FLOR","42","0","0","H87","0"
"100326541","190B2321P4","MOUNTIG BRACKET 15L FUSEBLOK","","FLOR","2","0","0","H87","0"
"100326542","190B2321P9","TERMINAL BLOCK MOUNTING BRACKET","","FLOR","31","0","0","H87","0"
"100326543","190B2337P1","MOUNTING PLATE","","FLOR","1","0","0","H87","0"
"100326544","190B2362P1","MOUNTING BRACKET TVSS","","FLOR","39","0","0","H87","0"
"100326545","190B2370P1","BRKT QMW FUSE MTG","","FLOR","8","0","0","H87","0"
"100326546","190B2383P1SM","BUS SPLICE 800A MAIN","","FLOR","4","0","0","H87","0"
"100326547","190B2383P2KT","SPLICE BUS BAR","","FLOR","31","0","0","H87","0"
"100326548","190B2387P6SM","MAIN BUS","","FLOR","9","0","0","H87","0"
"100326549","190B2388P6SM","MAIN BUS","","FLOR","9","0","0","H87","0"
"100326550","190B2393P2","SUPPORT","","FLOR","6","0","0","H87","0"
"100326551","190B2401P1","POST TOP 20 DEPTH","","FLOR","3","0","0","H87","0"
"100326552","190B2426P4","PLATE","","FLOR","1","0","0","H87","0"
"100326553","190B2447P1","BOTTOMO BEAM","","FLOR","4","0","0","H87","0"
"100326554","190B2453P1KT","BUS HORZ MAIN","","FLOR","11","0","0","H87","0"
"100326555","190B2455P17SM","BUS","","FLOR","4","0","0","H87","0"
"100326556","190B2455P18SM","BUS","","FLOR","4","0","0","H87","0"
"100326557","190B2455P19SM","BUS","","FLOR","2","0","0","H87","0"
"100326558","190B2455P1SM","BUS RISER","","FLOR","28","0","0","H87","0"
"100326559","190B2455P20SM","BUS","","FLOR","6","0","0","H87","0"
"100326560","190B2455P21SM","BUS","","FLOR","6","0","0","H87","0"
"100326561","190B2455P22SM","BUS","","FLOR","5","0","0","H87","0"
"100326562","190B2455P2SM","BUS RISER","","FLOR","6","0","0","H87","0"
"100326563","190B2455P3SM","BUS RISER","","FLOR","4","0","0","H87","0"
"100326564","190B2473P2","MTG BRKT","","FLOR","29","0","0","H87","0"
"100326565","190B2476P1","BARIER REAR","","FLOR","56","0","0","H87","0"
"100326566","190B2476P2","BARRIER REAR","","FLOR","17","0","0","H87","0"
"100326567","190B2476P3","BARRIER REAR","","FLOR","17","0","0","H87","0"
"100326568","190B2476P4","BARRIER REAR","","FLOR","7","0","0","H87","0"
"100326569","190B2483P1","BARRIER","","FLOR","21","0","0","H87","0"
"100326570","190B2483P2","BARRIER READ MAIN BUS 20W 600A","","FLOR","78","0","0","H87","0"
"100326571","190B2483P3","BARRIER REAR MAIN BUS 20W 300A","","FLOR","55","0","0","H87","0"
"100326572","190B2483P4","BARRIER REAR MAIN BUS 24W300/6","","FLOR","14","0","0","H87","0"
"100326573","190B2483P7","BARRIER REAR MAIN BUS 30W300/6","","FLOR","26","0","0","H87","0"
"100326574","190B2488P1SM","LUG STRAP 1600A","","FLOR","1","0","0","H87","0"
"100326575","190B2488P4SM","LUG STRAP 1600A","","FLOR","1","0","0","H87","0"
"100326576","190B2495P1SM","BUS BAR","","FLOR","2","0","0","H87","0"
"100326577","190B2495P2KT","BUS BAR","","FLOR","1","0","0","H87","0"
"100326578","190B2495P2SM","BUS BAR","","FLOR","2","0","0","H87","0"
"100326579","190B2495P3SM","BUS BAR","","FLOR","1","0","0","H87","0"
"100326580","190B2495P4KT","BUS BAR","","FLOR","1","0","0","H87","0"
"100326581","190B2495P4SM","BUS BAR","","FLOR","3","0","0","H87","0"
"100326582","190B2496P14SM","BUS BAR","","FLOR","2","0","0","H87","0"
"100326583","190B2496P16SM","LUG STRAP","","FLOR","14","0","0","H87","0"
"100326584","190B2496P1SM","BUS BAR","","FLOR","1","0","0","H87","0"
"100326585","190B2496P2SM","BUS BAR","","FLOR","1","0","0","H87","0"
"100326586","190B2496P3SM","BUS BAR","","FLOR","1","0","0","H87","0"
"100326587","190B2496P7SM","LUG STRAP","","FLOR","2","0","0","H87","0"
"100326588","190B2496P8SM","LUG STRAP","","FLOR","2","0","0","H87","0"
"100326589","190B2496P9SM","LUG STRAP","","FLOR","4","0","0","H87","0"
"100326590","190B2500P1155SM","BUS BAR","","FLOR","1","0","0","H87","0"
"100326591","190B2500P1156SM","BUS BAR","","FLOR","1","0","0","H87","0"
"100326592","190B2500P1157SM","BUS BAR","","FLOR","1","0","0","H87","0"
"100326593","190B2500P1158SM","BUS BAR","","FLOR","1","0","0","H87","0"
"100326594","190B2500P1159SM","BUS BAR","","FLOR","1","0","0","H87","0"
"100326595","190B2500P1160SM","BUS BAR","","FLOR","1","0","0","H87","0"
"100326596","190B2500P1161SM","BUS RISER","","FLOR","1","0","0","H87","0"
"100326597","190B2500P1180SM","BUS BAR","","FLOR","1","0","0","H87","0"
"100326598","190B2500P1181SM","BUS BAR","","FLOR","1","0","0","H87","0"
"100326599","190B2500P1184SM","BUS RISER","","FLOR","1","0","0","H87","0"
"100326600","190B2500P1668SM","TIER STRAP","","FLOR","1","0","0","H87","0"
"100326601","190B2500P1669SM","TIER STRAP","","FLOR","1","0","0","H87","0"
"100326602","190B2500P2262SM","L BAR","","FLOR","1","0","0","H87","0"
"100326603","190B2500P2990SM","BUS","","FLOR","2","0","0","H87","0"
"100326604","190B2500P2994SM","NEUTRAL BUS SPLICE 0.5 X 4","","FLOR","2","0","0","H87","0"
"100326605","190B2500P3125SM","TIER STRAP","","FLOR","1","0","0","H87","0"
"100326606","190B2500P3250SM","BUS","","FLOR","2","0","0","H87","0"
"100326607","190B2500P3442SM","LUG STRAP","","FLOR","1","0","0","H87","0"
"100326608","190B2500P3446SM","LUG STRAP","","FLOR","2","0","0","H87","0"
"100326609","190B2500P3820SM","SWB HOR BUS 1200A","","FLOR","2","0","0","H87","0"
"100326610","190B2500P4386SM","BUS","","FLOR","2","0","0","H87","0"
"100326611","190B2500P4581SM","BUS","","FLOR","16","0","0","H87","0"
"100326612","190B2500P461SM","BUS","","FLOR","2","0","0","H87","0"
"100326613","190B2500P496SM","BUS","","FLOR","6","0","0","H87","0"
"100326614","190B2500P497SM","BUS","","FLOR","6","0","0","H87","0"
"100326615","190B2500P498SM","BUS","","FLOR","8","0","0","H87","0"
"100326616","190B2500P5122SM","BUS","","FLOR","2","0","0","H87","0"
"100326617","190B2500P5123SM","BUS","","FLOR","2","0","0","H87","0"
"100326618","190B2500P5124SM","BUS","","FLOR","2","0","0","H87","0"
"100326619","190B2500P5426KT","SPLICE","","FLOR","1","0","0","H87","0"
"100326620","190B2500P5431KT","SPLICE","","FLOR","3","0","0","H87","0"
"100326621","190B2500P5882SM","BUS","","FLOR","3","0","0","H87","0"
"100326622","190B2500P6131SM","BUS","","FLOR","18","0","0","H87","0"
"100326623","190B2500P6371SM","LUG STRAP","","FLOR","2","0","0","H87","0"
"100326624","190B2500P6375SM","BUS","","FLOR","2","0","0","H87","0"
"100326625","190B2500P6376SM","BUS","","FLOR","2","0","0","H87","0"
"100326626","190B2500P6377SM","BUS","","FLOR","2","0","0","H87","0"
"100326627","190B2500P6378SM","BUS BAR","","FLOR","1","0","0","H87","0"
"100326628","190B2500P6380SM","BUS BAR","","FLOR","1","0","0","H87","0"
"100326629","190B2500P6381SM","LUG STRAP 2000PB","","FLOR","2","0","0","H87","0"
"100326630","190B2500P6382SM","LUG STRAP 2000PB","","FLOR","1","0","0","H87","0"
"100326631","190B2500P6553SM","LUG STRAP","","FLOR","2","0","0","H87","0"
"100326632","190B2500P6590SM","190b2500p6590","","FLOR","1","0","0","H87","0"
"100326633","190B2500P6592SM","190b2500p6592","","FLOR","1","0","0","H87","0"
"100326634","190B2500P6672SM","190b2500p6672","","FLOR","1","0","0","H87","0"
"100326635","190B2500P6750SM","190b2500p6750","","FLOR","1","0","0","H87","0"
"100326636","190B2500P6751SM","190b2500p6751","","FLOR","1","0","0","H87","0"
"100326637","190B2500P6765SM","190b2500p6765","","FLOR","3","0","0","H87","0"
"100326638","190B2500P6849SM","190b2500p6849","","FLOR","2","0","0","H87","0"
"100326639","190B2500P6850SM","190b2500p6850","","FLOR","2","0","0","H87","0"
"100326640","190B2500P6918SM","TIER STRAP","","FLOR","21","0","0","H87","0"
"100326641","190B2500P6934","190b2500p6934","","FLOR","2","0","0","H87","0"
"100326642","190B2500P6936SM","SPLICE","","FLOR","3","0","0","H87","0"
"100326643","190B2500P6945SM","RISER","","FLOR","1","0","0","H87","0"
"100326644","190B2500P6950SM","BUS BAR","","FLOR","1","0","0","H87","0"
"100326645","190B2500P6951SM","BUS BAR","","FLOR","1","0","0","H87","0"
"100326646","190B2501P1546","PLATE","","FLOR","3","0","0","H87","0"
"100326647","190B2501P1559","BRACKET","","FLOR","53","0","0","H87","0"
"100326648","190B2501P1667","BULDGED METERING","","FLOR","1","0","0","H87","0"
"100326649","190B2501P1818","CHANNEL","","FLOR","2","0","0","H87","0"
"100326650","190B2501P1821","METERING PLATE","","FLOR","6","0","0","H87","0"
"100326651","190B2501P1847","BRACKET","","FLOR","6","0","0","H87","0"
"100321549","190B2501P1866","DISH PLATE","","FLOR","1","0","0","H87","0"
"100326653","190B2501P1988","MNTG BRACKET","","FLOR","3","0","0","H87","0"
"100326654","190B2501P2089","SM TERMINAL BD BRACKET","","FLOR","2","0","0","H87","0"
"100326655","190B2501P2094","METERING PLATE","","FLOR","2","0","0","H87","0"
"100326656","190B2501P2099","BRACKET","","FLOR","4","0","0","H87","0"
"100326657","190B2501P2110","BRACKET","","FLOR","8","0","0","H87","0"
"100326658","190B2501P2516","METERING PLATE","","FLOR","1","0","0","H87","0"
"100326659","190B2501P2904","PLATE","","FLOR","2","0","0","H87","0"
"100326660","190B2501P2928","190B2501P2928.PRT","","FLOR","1","0","0","H87","0"
"100326661","190B2501P2966","BOTTOM BARRIER","","FLOR","1","0","0","H87","0"
"100326662","190B2501P3213","BRACKET","","FLOR","16","0","0","H87","0"
"100326663","190B2501P3484","190b2501p3484","","FLOR","1","0","0","H87","0"
"100326664","190B2501P3486","190b2501p3486","","FLOR","9","0","0","H87","0"
"100326665","190B2501P3566","MAIN BACKPLATE","","FLOR","3","0","0","H87","0"
"100326666","190B2501P3580","190b2501p3580","","FLOR","2","0","0","H87","0"
"100326667","190B2501P3586","MOUNTING BRACKET","","FLOR","8","0","0","H87","0"
"100326668","190B2501P3598","190b2501p3598","","FLOR","1","0","0","H87","0"
"100326669","190B2501P3599","190b2501p3599","","FLOR","1","0","0","H87","0"
"100326670","190B2501P3601","190b2501p3601","","FLOR","1","0","0","H87","0"
"100326671","190B2501P3602","190b2501p3602","","FLOR","1","0","0","H87","0"
"100326672","190B2501P3603","190b2501p3603","","FLOR","1","0","0","H87","0"
"100326673","190B2501P3614","PLATE","","FLOR","4","0","0","H87","0"
"100326674","190B2501P3619","VFD580","","FLOR","1","0","0","H87","0"
"100326675","190B2501P3638","METERING PLT BUL","","FLOR","2","0","0","H87","0"
"100326676","190B2501P3639","SMRT_FVNR","","FLOR","3","0","0","H87","0"
"100326677","190B2501P3642","PLATE","","FLOR","1","0","0","H87","0"
"100326678","190B2501P3654","COVER TOP","","FLOR","1","0","0","H87","0"
"100326679","190B2501P3658","MOUNTING PLATE","","FLOR","1","0","0","H87","0"
"100326680","190B2501P4038","190b2501p4038.prt","","FLOR","31","0","0","H87","0"
"100326681","190B2501P4193WC","190b2501p4193.prt","","FLOR","1","0","0","H87","0"
"100326682","190B2501P4277","190b2501p4277","","FLOR","10","0","0","H87","0"
"100326683","190B2501P4325","190b2501p4325","","FLOR","4","0","0","H87","0"
"100326684","190B2501P4358","190b2501p4358","","FLOR","1","0","0","H87","0"
"100326685","190B2501P4359","190b2501p4359","","FLOR","1","0","0","H87","0"
"100326686","190B2501P4458","METERING PLATE","","FLOR","1","0","0","H87","0"
"100326687","190B2501P4504","190b2501p4504","","FLOR","1","0","0","H87","0"
"100326688","190B2501P4592","190b2501p4592","","FLOR","3","0","0","H87","0"
"100326689","190B2501P4665","190b2501p4665","","FLOR","2","0","0","H87","0"
"100326690","190B2501P4725","190b2501p4725","","FLOR","1","0","0","H87","0"
"100326691","190B2501P4830","MTG_PLATE_54HX20W_SMRT_FVR","","FLOR","19","0","0","H87","0"
"100326692","190B2501P4858","190b2501p4858","","FLOR","1","0","0","H87","0"
"100326693","190B2501P4896","190b2501p4896","","FLOR","1","0","0","H87","0"
"100326694","190B2501P4966","190b2501p4966","","FLOR","8","0","0","H87","0"
"100326695","190B2501P4993","190b2501p4993","","FLOR","4","0","0","H87","0"
"100326696","190B2501P4994","190b2501p4994","","FLOR","8","0","0","H87","0"
"100326697","190B2501P5008","190b2501p5008","","FLOR","4","0","0","H87","0"
"100326698","190B2501P5009","190b2501p5009","","FLOR","4","0","0","H87","0"
"100326699","190B2501P5011","190b2501p5011","","FLOR","4","0","0","H87","0"
"100326700","190B2501P5013WC","190b2501p5013","","FLOR","4","0","0","H87","0"
"100326701","190B2501P5024","190b2501p5024","","FLOR","19","0","0","H87","0"
"100326702","190B2501P5095","190b2501p5095","","FLOR","9","0","0","H87","0"
"100326703","190B2501P5096","PILOT DEVICE BRACKET (MOD: E104)","","FLOR","9","0","0","H87","0"
"100326704","190B2501P5113","190b2501p5113","","FLOR","2","0","0","H87","0"
"100326705","190B2501P5116","190b2501p5116","","FLOR","2","0","0","H87","0"
"100326706","190B2501P5140","BEZEL BRACKET XT7 HANDLE T1","","FLOR","1","0","0","H87","0"
"100326707","190B2501P5171","190b2501p5171","","FLOR","8","0","0","H87","0"
"100326708","190B2501P5190","190b2501p5190","","FLOR","2","0","0","H87","0"
"100326709","190B2501P5236","190b2501p5236","","FLOR","1","0","0","H87","0"
"100326710","190B2501P5237","190b2501p5237","","FLOR","3","0","0","H87","0"
"100326711","190B2501P5239","190b2501p5239","","FLOR","5","0","0","H87","0"
"100326712","190B2501P5277","190b2501p5277","","FLOR","1","0","0","H87","0"
"100326713","190B2501P5290","190b2501p5290","","FLOR","1","0","0","H87","0"
"100326714","190B2501P5291","190b2501p5291","","FLOR","1","0","0","H87","0"
"100326715","190B2501P5294","190b2501p5294","","FLOR","1","0","0","H87","0"
"100326716","190B2501P5298","190b2501p5298","","FLOR","6","0","0","H87","0"
"100326717","190B2501P5307","190b2501p5307","","FLOR","2","0","0","H87","0"
"100326718","190B2501P5308","190b2501p5308","","FLOR","4","0","0","H87","0"
"100326719","190B2501P5310","190b2501p5310","","FLOR","4","0","0","H87","0"
"100326720","190B2501P5317","PLATE","","FLOR","2","0","0","H87","0"
"100326721","190B2501P5328","190b2501p5328","","FLOR","4","0","0","H87","0"
"100326722","190B2501P5349","190b2501p5349","","FLOR","6","0","0","H87","0"
"100326723","190B2501P69","GUSSER","","FLOR","19","0","0","H87","0"
"100326724","190B2502P1116","PLATE","","FLOR","4","0","0","H87","0"
"100326725","190B2502P1145","BARRIER","","FLOR","4","0","0","H87","0"
"100326726","190B2502P1160","MNTG BRACKET","","FLOR","36","0","0","H87","0"
"100326727","190B2502P1205","FILTER MTG BRKT","","FLOR","1","0","0","H87","0"
"100326728","190B2502P1206","FILTER MTG BRKT","","FLOR","1","0","0","H87","0"
"100326729","190B2502P1432","METERING PALTE","","FLOR","9","0","0","H87","0"
"100326730","190B2502P1879","BRACKET","","FLOR","1","0","0","H87","0"
"100326731","190B2502P195","CHANNEL","","FLOR","12","0","0","H87","0"
"100326732","190B2502P2584","BRACKET, GROUND BUS","","FLOR","13","0","0","H87","0"
"100326733","190B2502P2881","BRACKET","","FLOR","142","0","0","H87","0"
"100326734","190B2502P2923","MOUNTING BRACKET","","FLOR","3","0","0","H87","0"
"100326735","190B2502P2983","MOUNTING PLATE","","FLOR","13","0","0","H87","0"
"100326736","190B2502P3023","GCT SUPT","","FLOR","1","0","0","H87","0"
"100326737","190B2502P3125","MOUNTING BRACKET","","FLOR","5","0","0","H87","0"
"100326738","190B2502P3191","PLATE","","FLOR","1","0","0","H87","0"
"100326739","190B2502P3306","PLATE","","FLOR","2","0","0","H87","0"
"100326740","190B2502P354","METERING PLATE","","FLOR","9","0","0","H87","0"
"100326741","190B2502P4012","TERMINAL BLOCK MOUNTING BRACKE","","FLOR","4","0","0","H87","0"
"100326742","190B2502P4532","MOUNTING PLATE 20W X 18H","","FLOR","2","0","0","H87","0"
"100326743","190B2502P4636","BRACKET","","FLOR","69","0","0","H87","0"
"100326744","190B2502P5101","MOUNTING BRACKET","","FLOR","1","0","0","H87","0"
"100326745","190B2502P5572","CHANNEL","","FLOR","3","0","0","H87","0"
"100326746","190B2502P5823","MNTG BRACKET","","FLOR","1","0","0","H87","0"
"100326747","190B2502P5970","CHANNEL","","FLOR","1","0","0","H87","0"
"100326748","190B2502P5971","BRACKET","","FLOR","1","0","0","H87","0"
"100326749","190B2502P6016","PANEL","","FLOR","1","0","0","H87","0"
"100326750","190B2502P6048","CLIP, TERMINAL BLOCK, 2 TIER","","FLOR","7","0","0","H87","0"
"100326751","190B2502P608","BRACKET GLASTIC SUP 2 HT","","FLOR","2","0","0","H87","0"
"100326752","190B2502P6189","BRACKET, 2000A PB, 3.88 HT, 5","","FLOR","12","0","0","H87","0"
"100326753","190B2502P6191","BRACKET","","FLOR","4","0","0","H87","0"
"100326754","190B2502P6202","BRACKET","","FLOR","1","0","0","H87","0"
"100326755","190B2502P6207","TOP CHANNEL BRACKET","","FLOR","2","0","0","H87","0"
"100326756","190B2502P6328","COVER","","FLOR","15","0","0","H87","0"
"100326757","190B2502P6636","BRACKET","","FLOR","2","0","0","H87","0"
"100326758","190B2502P6763","BRACKET, 1600A MLO, 0.9 HT","","FLOR","2","0","0","H87","0"
"100326759","190B2502P6919","METERING PLATE","","FLOR","1","0","0","H87","0"
"100326760","190B2502P707","MTG BRKT","","FLOR","1","0","0","H87","0"
"100326761","190B2502P7181","PLATE","","FLOR","1","0","0","H87","0"
"100326762","190B2502P7279","PLATE","","FLOR","3","0","0","H87","0"
"100326763","190B2502P7280","GUIDE","","FLOR","13","0","0","H87","0"
"100326764","190B2502P7396","METERING PLATE","","FLOR","13","0","0","H87","0"
"100326765","190B2502P7824","190b2502p7824","","FLOR","2","0","0","H87","0"
"100326766","190B2502P7848","BRACKET","","FLOR","3","0","0","H87","0"
"100326767","190B2502P8143","BRACKET, BARRIER MOUNTING, 7.50 HEIGHT","","FLOR","93","0","0","H87","0"
"100326768","190B2502P8405","METERING PLATE","","FLOR","1","0","0","H87","0"
"100326769","190B2502P8748","COVER-TOP","","FLOR","7","0","0","H87","0"
"100326770","190B2503P1835","BUS BARRIER, 2 HORIZONTAL MAI","","FLOR","223","0","0","H87","0"
"100326771","190B2503P1972","LEXAN BARRIER","","FLOR","1","0","0","H87","0"
"100326772","190B2503P247","BRACKET, GLASTIC SUPPORT, 1.47","","FLOR","2","0","0","H87","0"
"100326773","190B2503P3077","BARRIER","","FLOR","5","0","0","H87","0"
"100326774","190B2503P3470","BARRIER","","FLOR","1","0","0","H87","0"
"100326775","190B2503P4168","XT7","","FLOR","2","0","0","H87","0"
"100326776","190B2503P4310","190b2503p4310","","FLOR","1","0","0","H87","0"
"100326777","190B2503P4324","190b2503p4324","","FLOR","1","0","0","H87","0"
"100326778","190B2503P4361","190b2503p4361","","FLOR","7","0","0","H87","0"
"100326779","190B2503P629","SUPPORT","","FLOR","48","0","0","H87","0"
"100326780","190B2507P2","LEXAN BARRIER","","FLOR","2","0","0","H87","0"
"100326781","190B2507P3","LEXAN BARRIER","","FLOR","6","0","0","H87","0"
"100326782","190B2514P1","N3R","","FLOR","3","0","0","H87","0"
"100326783","190B2515P1","N3R","","FLOR","3","0","0","H87","0"
"100326784","190B2527P2","COVER","","FLOR","4","0","0","H87","0"
"100326785","190B2529P1","LEFT POST FRONT EXTENSION","","FLOR","3","0","0","H87","0"
"100326786","190B2540P3","STIFFENER COVER SUPPORT","","FLOR","3","0","0","H87","0"
"100326787","190B2542P1","HINGE BRACKET","","FLOR","5","0","0","H87","0"
"100326788","190B2548P1","SHOOL BOOLT","","FLOR","418","0","0","H87","0"
"100326789","190b2567p1","MTG SPACE HEATER BRACKET 20W","","FLOR","110","0","0","H87","0"
"100326790","190b2567p2","MOUNTING SPAC HEATER BRACK 20W","","FLOR","28","0","0","H87","0"
"100326791","190b2567p3","MOUNTING SPAC HEATER BRACK 30W","","FLOR","12","0","0","H87","0"
"100326792","190b2567p4","MOUNTING SPAC HEATER BRACK 36W","","FLOR","6","0","0","H87","0"
"100326793","190B2571P1SM","SPLIT MAIN BUS","","FLOR","21","0","0","H87","0"
"100326794","190B2571P3SM","SPLIT MAIN BUS","","FLOR","6","0","0","H87","0"
"100326795","190B2572P1","BRACKET","","FLOR","11","0","0","H87","0"
"100326796","190B2572P3","BRACKET","","FLOR","4","0","0","H87","0"
"100326797","190B2572P5","BRACKET","","FLOR","4","0","0","H87","0"
"100326798","190B2572P7","BRACKET","","FLOR","13","0","0","H87","0"
"100326799","190B2573P1SM","MAIN BUS","","FLOR","15","0","0","H87","0"
"100326800","190B2573P2SM","MAIN BUS","","FLOR","9","0","0","H87","0"
"100326801","190B2573P5SM","MAIN BUS","","FLOR","6","0","0","H87","0"
"100326802","190B2577P3","BARRIER","","FLOR","1","0","0","H87","0"
"100326803","190B2577P8","BARRIER","","FLOR","4","0","0","H87","0"
"100326804","190B2579P1","TYPE C BRKT","","FLOR","8","0","0","H87","0"
"100326805","190B2579P2","TYPE C BRKT","","FLOR","20","0","0","H87","0"
"100326806","190B2580P1","C STRAP - 20","","FLOR","150","0","0","H87","0"
"100326807","190B2582P6SM","BUS.0.50X2 IN CU HORZ NEUTRAL","","FLOR","2","0","0","H87","0"
"100326808","190B2583P1","BRACKET PD BACKING PLATE","","FLOR","1732","0","0","H87","0"
"100326809","190B2583P2","BRACKET","","FLOR","720","0","0","H87","0"
"100326810","190B2585P2","FLLOR SILL","","FLOR","4","0","0","H87","0"
"100326811","190B2585P21","SILL","","FLOR","1","0","0","H87","0"
"100326812","190B2585P26","SILL FLOOR 30 X 20","","FLOR","1","0","0","H87","0"
"100326813","190B2586P11","N3R","","FLOR","3","0","0","H87","0"
"100326814","190B2586P6","N3R","","FLOR","6","0","0","H87","0"
"100326815","190B2590P1","N3R","","FLOR","11","0","0","H87","0"
"100326816","190B2593P1","N3R","","FLOR","11","0","0","H87","0"
"100326817","190B2595P1","TOP SHELF 20","","FLOR","134","0","0","H87","0"
"100326819","190B2601P2SM","BUS HORIZ MAIN","","FLOR","6","0","0","H87","0"
"100326820","190B2610P2","N3 CTR HOOD CAP","","FLOR","1","0","0","H87","0"
"100326821","190B2635P1","BRACKET","","FLOR","52","0","0","H87","0"
"100326822","190B2699P2","BRACKET","","FLOR","4","0","0","H87","0"
"100326823","190B2718P1","SIDE CHANNEL","","FLOR","152","0","0","H87","0"
"100326824","190B2718P2","SIDE CHANNEL","","FLOR","322","0","0","H87","0"
"100326825","190B2718P3","SIDE CHANNEL","","FLOR","176","0","0","H87","0"
"100326826","190B2718P4","SIDE CHANNEL","","FLOR","125","0","0","H87","0"
"100326827","190B2718P5","SIDE CHANNEL","","FLOR","75","0","0","H87","0"
"100326828","190B2724P1","LH RAIL","","FLOR","3","0","0","H87","0"
"100326829","190B2725P1","RH RAIL","","FLOR","197","0","0","H87","0"
"100326830","190B2726P1","TOP COVER","","FLOR","11","0","0","H87","0"
"100326831","190B2726P2","TOP COVER","","FLOR","16","0","0","H87","0"
"100326832","190B2726P3","TOP COVER","","FLOR","1","0","0","H87","0"
"100326833","190B2727P1","FLOOR PLATE","","FLOR","35","0","0","H87","0"
"100326834","190B2727P2","FLOOR PLATE","","FLOR","17","0","0","H87","0"
"100326835","190B2728P1","FLOOR SILL","","FLOR","109","0","0","H87","0"
"100326836","190B2752P4","CASE SILL 36","","FLOR","2","0","0","H87","0"
"100326837","190B2753P2","CHANNEL","","FLOR","34","0","0","H87","0"
"100326838","190B2753P3","CHANNEL","","FLOR","25","0","0","H87","0"
"100326839","190B2753P4","CHANNEL","","FLOR","5","0","0","H87","0"
"100326840","190B2753P5","CHANNEL","","FLOR","37","0","0","H87","0"
"100326841","190B2753P6","CHANNEL","","FLOR","12","0","0","H87","0"
"100326842","190B2754P1","REAR COVER -20","","FLOR","107","0","0","H87","0"
"100326843","190B2754P2","COVER,BACK,STANDARD 24X90","","FLOR","2","0","0","H87","0"
"100326844","190B2754P3","REAR COVER -30","","FLOR","2","0","0","H87","0"
"100326845","190B2756P10","WINGPLATE","","FLOR","29","0","0","H87","0"
"100326846","190B2756P11","WINGPLATE","","FLOR","56","0","0","H87","0"
"100326847","190B2756P2","WINGPLATE","","FLOR","48","0","0","H87","0"
"100326848","190B2756P3","WINGPLATE","","FLOR","12","0","0","H87","0"
"100326849","190B2756P4","WINGPLATE","","FLOR","12","0","0","H87","0"
"100326850","190B2756P5","WINGPLATE","","FLOR","12","0","0","H87","0"
"100326851","190B2756P6","WINGPLATE","","FLOR","12","0","0","H87","0"
"100326852","190B2756P8","WINGPLATE","","FLOR","23","0","0","H87","0"
"100326853","190B2756P9","WINGPLATE","","FLOR","36","0","0","H87","0"
"100326854","190B2757P10","WINGPLATE","","FLOR","2","0","0","H87","0"
"100326855","190B2757P11","WINGPLATE","","FLOR","23","0","0","H87","0"
"100326856","190B2757P12","WINGPLATE","","FLOR","8","0","0","H87","0"
"100326857","190B2757P13","WINGPLATE","","FLOR","6","0","0","H87","0"
"100326858","190B2757P16","WINGPLATE","","FLOR","6","0","0","H87","0"
"100326859","190B2757P19","WINGPLATE","","FLOR","3","0","0","H87","0"
"100326860","190B2757P20","WINGPLATE,RIGHT,24H,24W","","FLOR","8","0","0","H87","0"
"100326861","190B2757P22","WINGPLATE","","FLOR","11","0","0","H87","0"
"100326862","190B2757P23","WINGPLATE","","FLOR","6","0","0","H87","0"
"100326863","190B2757P24","WINGPLATE","","FLOR","1","0","0","H87","0"
"100326864","190B2757P28","WINGPLATE,RIGHT,42H,30W","","FLOR","4","0","0","H87","0"
"100326865","190B2757P29","WINGPLATE","","FLOR","3","0","0","H87","0"
"100326866","190B2757P3","WINGPLATE","","FLOR","5","0","0","H87","0"
"100326867","190B2757P30","WINGPLATE","","FLOR","2","0","0","H87","0"
"100326868","190B2757P31","WINGPLATE","","FLOR","1","0","0","H87","0"
"100326869","190B2757P32","WINGPLATE","","FLOR","9","0","0","H87","0"
"100326870","190B2757P4","WINGPLATE","","FLOR","20","0","0","H87","0"
"100326871","190B2757P5","WINGPLATE","","FLOR","5","0","0","H87","0"
"100326872","190B2757P6","WINGPLATE","","FLOR","10","0","0","H87","0"
"100326873","190B2759P2","END COVER","","FLOR","44","0","0","H87","0"
"100326874","190B2760P1","BRACKET","","FLOR","25","0","0","H87","0"
"100326875","190B2778P1","FILTER RETAINER BRKT 7.5 L WIT","","FLOR","14","0","0","H87","0"
"100326876","190B2778P2","FILTER RETAINER BRKT 11.5 L WI","","FLOR","8","0","0","H87","0"
"100326877","190B2778P4","FILTER RETAINER BRKT 3.5 L","","FLOR","133","0","0","H87","0"
"100326878","190B2778P5","FILTER RETAINER BRKT 6 L","","FLOR","116","0","0","H87","0"
"100326879","190B2778P6","FILTER RETAINER BRKT 7.5 L","","FLOR","25","0","0","H87","0"
"100326880","190B2778P7","FILTER RETAINER BRKT 11.5 L","","FLOR","66","0","0","H87","0"
"100326881","190B2787P1","BARRIER","","FLOR","384","0","0","H87","0"
"100326882","190B2793P1","BARRIER","","FLOR","7","0","0","H87","0"
"100326883","190B2793P3","BARRIER","","FLOR","1","0","0","H87","0"
"100326884","190B2793P6","BARRIER","","FLOR","1","0","0","H87","0"
"100326885","190B2867P101","DRIP SHIELD - LEFT","","FLOR","1","0","0","H87","0"
"100326886","190B2867P13","DRIP SHIELD - CTR / RIGHT","","FLOR","5","0","0","H87","0"
"100326887","190B2883P1","SPACER BRACKET","","FLOR","12","0","0","H87","0"
"100326888","190B2884P1","SUPPORT RIB","","FLOR","12","0","0","H87","0"
"100326889","190B2885P1","TOP PLATE","","FLOR","12","0","0","H87","0"
"100326890","190b2889p1","BARRIER","","FLOR","3","0","0","H87","0"
"100326891","190B2889P4","BARRIER","","FLOR","41","0","0","H87","0"
"100326892","190B2928P1","BRACKET","","FLOR","8","0","0","H87","0"
"100326893","190B2928P2","MOUNTING BRACKET","","FLOR","4","0","0","H87","0"
"100326894","190B2928P3","MOUNTING BRACKET","","FLOR","1","0","0","H87","0"
"100326895","190B2928P5","MOUNTING BRACKET","","FLOR","4","0","0","H87","0"
"100326896","190b2929p1","BRACKET, RELT, S/B","","FLOR","31","0","0","H87","0"
"100326897","190B2941P1","SIDE","","FLOR","4","0","0","H87","0"
"100326898","190B2965P1","MNTG BRCKT","","FLOR","2","0","0","H87","0"
"100326899","190B2965P2","MNTG BRCKT , LIGHTNING ARRESTO","","FLOR","12","0","0","H87","0"
"100326900","190B2981P34","TOP SHELF","","FLOR","1","0","0","H87","0"
"100326901","190B3000P1","BUS BARRIER","","FLOR","63","0","0","H87","0"
"100326902","190B3000P10","BUS BARRIER","","FLOR","46","0","0","H87","0"
"100326903","190B3000P2","BUS BARRIER","","FLOR","6","0","0","H87","0"
"100326904","190B3000P5","BUS BARRIER","","FLOR","1","0","0","H87","0"
"100326905","190B3000P6","BUS BARRIER","","FLOR","17","0","0","H87","0"
"100326906","190B3000P7","BUS BARRIER","","FLOR","28","0","0","H87","0"
"100326907","190B3000P8","BUS BARRIER","","FLOR","7","0","0","H87","0"
"100326908","190B3000P9","BUS BARRIER","","FLOR","72","0","0","H87","0"
"100326909","190B3145P1","MOUNTING BRACKET","","FLOR","40","0","0","H87","0"
"100326910","190B3213P10","L-STIFFENER","","FLOR","146","0","0","H87","0"
"100326912","190B3213P14","L-STIFFENER","","FLOR","159","0","0","H87","0"
"100326913","190B3213P18","L-STIFFENER","","FLOR","28","0","0","H87","0"
"100326914","190B3213P19","L-STIFFENER","","FLOR","131","0","0","H87","0"
"100326915","190B3213P22","L-STIFFENER","","FLOR","27","0","0","H87","0"
"100326916","190B3213P23","L STIFFENER P23","","FLOR","32","0","0","H87","0"
"100326917","190B3213P29","L-STIFFENER","","FLOR","8","0","0","H87","0"
"100326918","190B3213P30","L-STIFFENER","","FLOR","4","0","0","H87","0"
"100326919","190B3213P35","L-STIFFNER","","FLOR","3","0","0","H87","0"
"100326920","190B3213P5","L-STIFFENER","","FLOR","173","0","0","H87","0"
"100326921","190B3213P6","L-STIFFENER","","FLOR","62","0","0","H87","0"
"100326922","190B3213P7","L-STIFFENER","","FLOR","170","0","0","H87","0"
"100326923","190B3213P8","L-STIFFENER","","FLOR","70","0","0","H87","0"
"100326924","190B3301P4","BOTTOM BARRIER","","FLOR","1","0","0","H87","0"
"100326925","190B3302P4","TOP BARRIER","","FLOR","1","0","0","H87","0"
"100326926","190B3306P7","REAR BARRIER 20X12","","FLOR","1","0","0","H87","0"
"100326927","190B3888P1","RELT SWITCH MOUNTING BRACKET","","FLOR","1","0","0","H87","0"
"100326928","190B3963P1","MNTG PLATE","","FLOR","14","0","0","H87","0"
"100326929","190B3963P3","MNTG PLATE","","FLOR","18","0","0","H87","0"
"100326930","190B3964P1","CHANNEL","","FLOR","15","0","0","H87","0"
"100326931","190B3964P5","TOP CHANNEL","","FLOR","2","0","0","H87","0"
"100326932","190B3979P1","BARRIER, VERTICAL WIREWAY 20IN, 100KA","","FLOR","4","0","0","H87","0"
"100326933","190B3984P2","E FRAME LINE SHIELD CB4","","FLOR","14","0","0","H87","0"
"100326934","190B3986P1","Tracking bracket 600A","","FLOR","6","0","0","H87","0"
"100326935","190B5056P1","4000A PG&E TIER","","FLOR","1","0","0","H87","0"
"100326936","190B5088P2","DOOR B/P","","FLOR","1","0","0","H87","0"
"100326937","190B5131P2","BASE PLATE","","FLOR","3","0","0","H87","0"
"100326938","190B5133P2","UPS DOOR MTG PLATE","","FLOR","4","0","0","H87","0"
"100326939","190B5135P2","DOOR MTG PLATE","","FLOR","1","0","0","H87","0"
"100326940","190B5137P2","DOOR FAN MTG BRKT","","FLOR","96","0","0","H87","0"
"100326941","190B5168P2","12H X 13W","","FLOR","1","0","0","H87","0"
"100326942","190B5174P2","HINGE","","FLOR","1","0","0","H87","0"
"100326943","190B5183P2","TVSS TAP ADAPTER","","FLOR","1","0","0","H87","0"
"100326944","190B5189P2","4000A NEUTRAL FOR 20A CU LUG R","","FLOR","1","0","0","H87","0"
"100326945","190B5231P2","BASEPLATE","","FLOR","20","0","0","H87","0"
"100326946","190B5272P1","BASE PLATE - 40W X 12H DOOR","","FLOR","4","0","0","H87","0"
"100326947","190B5388P1","GENTOWER GND LINK","","FLOR","1","0","0","H87","0"
"100326948","190B5416P2","SA HOR BUS 607 15A 60W","","FLOR","12","0","0","H87","0"
"100326949","190B5457P2","DEVICE MOUNTING PLATE","","FLOR","2","0","0","H87","0"
"100326950","190B5500P2","BP SUPP CPT & FUSE PULLER","","FLOR","1","0","0","H87","0"
"100326951","190B5504P1","BONDING JUMPER","","FLOR","1","0","0","H87","0"
"100326952","190B5533P1","BRACKET ETHERNET (1)","","FLOR","10","0","0","EA","0"
"100326953","190B5534P1","WJP1F5 45 DEG. MTG BRKT","","FLOR","10","0","0","H87","0"
"100326954","190B5535P1","WJP1F5 90 DEG. MTG BRKT","","FLOR","10","0","0","H87","0"
"100326955","190B5852P1","AUX NEUT","","FLOR","1","0","0","H87","0"
"100326956","190B6967P1","ADJUSTING PLATE","","FLOR","49","0","0","H87","0"
"100326957","190B9104P1","WEATHER PROOF DOOR HINGE BRKT","","FLOR","5","0","0","H87","0"
"100326958","190B9105P1","190B9105P1.PRT","","FLOR","14","0","0","H87","0"
"100326959","190B9107P3","INSU BARRIER ANGLE, RT, 40kA","","FLOR","10","0","0","H87","0"
"100326960","190B9107P4","INSU BARRIER ANGLE, LT, 40kA","","FLOR","8","0","0","H87","0"
"100326961","190B9168P1","FLANGE","","FLOR","10","0","0","H87","0"
"100326962","190B9168P2","FLANGE","","FLOR","6","0","0","H87","0"
"100326963","190B9174P2","BREAKER MTG SUPPORT","","FLOR","9","0","0","H87","0"
"100326964","190B9176P2T","B/C PHASE HOR TRANSITION BUS BAR","","FLOR","3","0","0","H87","0"
"100326965","190B9177P1S","CONNECTOR STRAP","","FLOR","1","0","0","H87","0"
"100326966","190B9177P1T","CONNECTOR STRAP","","FLOR","5","0","0","H87","0"
"100326967","190B9180P1","BUS SUPPORT","","FLOR","47","0","0","H87","0"
"100326968","190B9185P1","LV BOX BODY","","FLOR","6","0","0","H87","0"
"100326969","190B9187P1","MOUNTING PLATE","","FLOR","8","0","0","H87","0"
"100326970","190B9188P1","RELAY MOUNTING BOX","","FLOR","2","0","0","H87","0"
"100326971","190B9190P1T","C PHASE-RH HOR TRANSITION BUS BAR","","FLOR","8","0","0","H87","0"
"100326972","190B9191P1","BREAKER RESTING PLATE","","FLOR","4","0","0","H87","0"
"100326973","190B9197ABP1","COVER SUPPORT STRIP 50 DEEP","","FLOR","176","0","0","H87","0"
"100326974","190B9197ABP2","COVER SUPPORT STRIP 35 DEEP","","FLOR","8","0","0","H87","0"
"100326975","190B9197ABP3","COVER SUPPORT STRIP 60 DEEP","","FLOR","8","0","0","H87","0"
"100326976","190B9197ALP1","SIDE BARRIER","","FLOR","2","0","0","H87","0"
"100326977","190B9197ANP1","CT support 35","","FLOR","8","0","0","H87","0"
"100326978","190B9197APP1","BARRIER SUPPORT ANGLE","","FLOR","20","0","0","H87","0"
"100326979","190b9197bap1","190B9197BAP1","","FLOR","8","0","0","H87","0"
"100326980","190B9197BJP1","REAR LOWER VERTICAL BARRIER","","FLOR","1","0","0","H87","0"
"100326981","190B9197DNP1","HORZ BARRIER RIGHT","","FLOR","2","0","0","H87","0"
"100326982","190B9197ECP1S","SW RISER BUS,PH 1, 1200A, SIL","","FLOR","17","0","0","H87","0"
"100326983","190B9197ECP3S","SW RISER BUS","","FLOR","5","0","0","H87","0"
"100326984","190B9197ECP3T","SW RISER BUS","","FLOR","2","0","0","H87","0"
"100326985","190B9197EDP1S","SW RISER BUS,PH 2,1200A,SIL","","FLOR","6","0","0","H87","0"
"100326986","190B9197EHP1T","SW RISER BUS","","FLOR","3","0","0","H87","0"
"100326987","190B9197EJP1S","SW RISER BUS,PH 1,600A,SIL","","FLOR","6","0","0","H87","0"
"100326988","190B9197EUP1","OMEGA_SUPP_40KA_EJO_RBA800","","FLOR","35","0","0","H87","0"
"100326989","190B9197EUP4","OMEGA_SUPP_40KA_EJO_4B","","FLOR","1","0","0","H87","0"
"100326990","190B9197FUP1","LIS","","FLOR","10","0","0","H87","0"
"100326991","190B9197FVP1","SW/FU BARRIER","","FLOR","34","0","0","H87","0"
"100326992","190B9197FVP5","SW/FU RB_BARRIER","","FLOR","4","0","0","H87","0"
"100326993","190B9197FVP8","SW/BRK_BARRIER_MB","","FLOR","56","0","0","H87","0"
"100326994","190B9197FWP2","HORIZ. SW. BARRIER","","FLOR","2","0","0","H87","0"
"100326995","190B9197GAP1T","FRT RUN BACK STRAP","","FLOR","40","0","0","H87","0"
"100326996","190B9197GFP1S","DUMMY_FUSE_COPPER_BAR_SILVER","","FLOR","8","0","0","H87","0"
"100326997","190B9197GFP1T","DUMMY_FUSE_COPPER_BAR_TIN","","FLOR","3","0","0","H87","0"
"100326998","190B9197GIP1S","DUMMY_FUSE_OMEGA_BAR_SILVER","","FLOR","16","0","0","H87","0"
"100326999","190B9197GRP1","DUPLEX FUSECLIP BACK SUPPORT 35IN","","FLOR","27","0","0","H87","0"
"100327000","190B9197GTP1S","DUPLEX CROSSBAR COPPER BAR SIL","","FLOR","10","0","0","H87","0"
"100327001","190B9197GWP1S","DUPLEX CROSSBAR LONG SIL","","FLOR","6","0","0","H87","0"
"100327002","190B9197GWP2S","DUPLEX CROSSBAR SHORT SIL","","FLOR","3","0","0","H87","0"
"100327003","190B9197HJP2","SW/FUSE_BARRIERS","","FLOR","97","0","0","H87","0"
"100327004","190B9197HOP1S","DUPLEX ANGLE RISER 40KA SIL","","FLOR","4","0","0","H87","0"
"100327005","190B9197HPP1","WAVE_BREAKER_DUPLEX_SWITCH","","FLOR","2","0","0","H87","0"
"100327006","190B9197IHP1","OMEGA_SUPP_61KA_EJO_RBA800","","FLOR","19","0","0","H87","0"
"100327007","190B9197IHP2","OMEGA_SUPP_61KA_RBA400","","FLOR","7","0","0","H87","0"
"100327008","190B9197IMP2","OMEGA_SUPP_RB_VD4_ DUPLEX","","FLOR","11","0","0","H87","0"
"100327009","190B9197IVP4S","RIGHT EXIT BUS SHORT","","FLOR","2","0","0","H87","0"
"100327010","190B9197IVP5S","RIGHT EXIT BUS MEDIUM","","FLOR","2","0","0","H87","0"
"100327011","190B9197IVP5T","RIGHT EXIT BUS MEDIUM","","FLOR","1","0","0","H87","0"
"100327012","190B9197IVP6S","RIGHT EXIT BUS LONG","","FLOR","2","0","0","H87","0"
"100327013","190B9197IVP6T","RIGHT EXIT BUS LONG","","FLOR","1","0","0","H87","0"
"100327014","190B9197JTP2S","DUPLEX CROSSBAR RISERS PH B","","FLOR","4","0","0","H87","0"
"100327015","190B9197KGP2S","LINE SIDE BUS-B PH-31kA","","FLOR","1","0","0","H87","0"
"100327016","190B9197KQP1","NSULATING BARRIER","","FLOR","5","0","0","H87","0"
"100327017","190B9197KRP1","INSULATING BARRIER","","FLOR","4","0","0","H87","0"
"100327018","190B9197KSP1","BREAKER PHASE BARRIER_","","FLOR","12","0","0","H87","0"
"100327019","190B9197KSP2","BREAKER PHASE BARRIER_","","FLOR","5","0","0","H87","0"
"100327020","190B9197MRP1T","HORZ CONNECTION PHA TIN","","FLOR","3","0","0","H87","0"
"100327021","190B9197MRP2T","HORZ CONNECTION PHA TIN","","FLOR","2","0","0","H87","0"
"100327022","190B9197MRP3T","HORZ CONNECTION PHB TIN","","FLOR","2","0","0","H87","0"
"100327023","190B9197MRP4T","HORZ CONNECTION PHB TIN","","FLOR","3","0","0","H87","0"
"100327024","190B9197MRP5T","HORZ CONNECTION PHC TIN","","FLOR","3","0","0","H87","0"
"100327025","190B9197MVP1T","CNTR CROOS BUS A PH TIN","","FLOR","1","0","0","H87","0"
"100327026","190B9197MVP2T","CNTR CROOS BUS B PH TIN","","FLOR","1","0","0","H87","0"
"100327027","190B9197MVP4T","CNTR CROOS BUS A PH TIN","","FLOR","1","0","0","H87","0"
"100327028","190B9197MVP5T","CNTR CROOS BUS B PH TIN","","FLOR","4","0","0","H87","0"
"100327029","190B9197MVP6T","CNTR CROOS BUS C PH TIN","","FLOR","3","0","0","H87","0"
"100327030","190B9197NFP2","REAR LOW VER BARRIER","","FLOR","2","0","0","H87","0"
"100327031","190B9197NNP1","190B9197NNP1","","FLOR","4","0","0","H87","0"
"100327032","190B9197NOP1","190B9197NOP1","","FLOR","7","0","0","H87","0"
"100327033","190B9197NZP1","190b9197nzp1","","FLOR","12","0","0","H87","0"
"100327034","190B9197NZP2","190b9197nzp2","","FLOR","10","0","0","H87","0"
"100327035","190B9239P1S","BOLTEDFUSEUPPERBUSSTRAP SILVER","","FLOR","2","0","0","H87","0"
"100327036","190B9251P1S","LOAD SIDE LUG MOUNTING STRAP","","FLOR","3","0","0","H87","0"
"100327037","190B9256P1","PT SUPPORT","","FLOR","1","0","0","H87","0"
"100327038","190B9257P1","BARRIER SU.ANGLE-TOP 35W SEC.","","FLOR","10","0","0","H87","0"
"100327039","190B9270P3","190b9270p3","","FLOR","9","0","0","H87","0"
"100327040","190B9272P1","BARRIER SUPPORT ANGLE","","FLOR","18","0","0","H87","0"
"100327041","190B9273P1","BARRIER SUPPORT ANGLE","","FLOR","12","0","0","H87","0"
"100327042","190B9273P2","BARRIER SUPPORT ANGLE","","FLOR","32","0","0","H87","0"
"100327043","190B9282P1","VT PLATE SUPPORT FOR 35W","","FLOR","13","0","0","H87","0"
"100327044","190B9282P2","VT PLATE SUPPORT FOR 40W","","FLOR","6","0","0","H87","0"
"100327045","190B9283P4T","LUG STRAP","","FLOR","3","0","0","H87","0"
"100327046","190B9310P16","60W, 14H, SIDE COVER","","FLOR","23","0","0","H87","0"
"100327047","190b9310p17","60W, 22H, SIDE COVER","","FLOR","5","0","0","H87","0"
"100327048","190B9310P4","35W,14H,FRONT & REAR COVER","","FLOR","28","0","0","H87","0"
"100327049","190B9311P1","22H & 28H","","FLOR","650","0","0","H87","0"
"100327050","190B9311P2","22H & 28H","","FLOR","36","0","0","H87","0"
"100327051","190B9323P1","ARRESTOR MTG PLATE","","FLOR","15","0","0","H87","0"
"100327052","190B9323P2","ARRESTOR MTG PLATE","","FLOR","3","0","0","H87","0"
"100327053","190B9323P3","ARRESTOR MTG. PLATE","","FLOR","6","0","0","H87","0"
"100327054","190B9327P1S","NESTLE PHASE-1 BUS,SIL,SHORT","","FLOR","1","0","0","H87","0"
"100327055","190B9327P2S","NESTLE PHASE-2 BUS,SIL,SHORT","","FLOR","1","0","0","H87","0"
"100327056","190B9328P1S","NESTLE PHASE-3 BUS,SIL,SHORT","","FLOR","1","0","0","H87","0"
"100327057","190B9398P1","LEFT SIDE","","FLOR","2","0","0","H87","0"
"100327058","190B9398P2","RIGHT SIDE","","FLOR","2","0","0","H87","0"
"100327059","190B9448P2","SUPPORT INSULATOR","","FLOR","1","0","0","H87","0"
"100327060","190B9611P1T","RUN BCK BUS REAR STRAP 600A TI","","FLOR","21","0","0","H87","0"
"100327061","190B9611P2S","RUN BCK BUS REAR STRAP 1200A S","","FLOR","6","0","0","H87","0"
"100327062","190B9611P3T","RUN BCK DV4 REAR STRAP 600A TIN","","FLOR","39","0","0","H87","0"
"100327063","190B9612P1","50IN DEEP COVER SUP STRIP","","FLOR","151","0","0","H87","0"
"100327064","190B9612P10","40IN WIDE COVER SUP STRIP","","FLOR","4","0","0","H87","0"
"100327065","190B9612P2","35IN WIDE COVER SUP STRIP","","FLOR","162","0","0","H87","0"
"100327066","190B9612P3","60IN DEEP COVER SUP STRIP","","FLOR","398","0","0","H87","0"
"100327067","190B9612P4","40IN WIDE COVER SUP STRIP","","FLOR","30","0","0","H87","0"
"100327068","190B9612P5","20IN WIDE COVER SUP STRIP","","FLOR","12","0","0","H87","0"
"100327069","190B9612P7","15IN WIDE COVER SUP STRIP","","FLOR","1","0","0","H87","0"
"100327070","190B9633P2","HINGE BRKT","","FLOR","314","0","0","H87","0"
"100327071","190B9633P5","HINGE BRACKET","","FLOR","177","0","0","H87","0"
"100327072","190B9651P1","CT STRINGER SUPPORT","","FLOR","2","0","0","H87","0"
"100327073","190B9653P1T","LUG STRAP","","FLOR","13","0","0","H87","0"
"100327074","190B9702P1","VT TOP MTG PLATE","","FLOR","4","0","0","H87","0"
"100327075","190B9702P2","VT TOP MTG PLATE","","FLOR","5","0","0","H87","0"
"100327076","190B9705P1S","DUMMY FUSE BUS,SILVER","","FLOR","12","0","0","H87","0"
"100327077","190B9736P1","BRACE LOWER FUSE SUPPORT","","FLOR","48","0","0","H87","0"
"100327078","190B9737P1T","DUPLEX","","FLOR","3","0","0","H87","0"
"100327079","190B9737P2T","DUPLEX","","FLOR","3","0","0","H87","0"
"100327080","190B9739P1T","DUPLEX","","FLOR","3","0","0","H87","0"
"100327081","190B9740P1","ARRESTOR PLATE BRACE","","FLOR","50","0","0","H87","0"
"100327082","190B9740P2","ARRESTOR PLATE BRACE","","FLOR","13","0","0","H87","0"
"100327083","190B9740P3","ARRESTER SUPT","","FLOR","2","0","0","H87","0"
"100327084","190B9740P4","ARRESTER SUPT, 60 DEEP","","FLOR","18","0","0","H87","0"
"100327085","190B9740P5","ARRESTER SUPT, 60 DEEP","","FLOR","17","0","0","H87","0"
"100327086","190B9744P1T","UPPER DUPLEX BUS","","FLOR","9","0","0","H87","0"
"100327087","190B9758P1S","DBL FUSE LOWER CLIP SIL","","FLOR","9","0","0","H87","0"
"100327088","190B9758P2S","DBL FUSE UPPER 15KV CLIP SIL","","FLOR","6","0","0","H87","0"
"100327089","190B9763P1","CPT FUSE PLATE","","FLOR","1","0","0","H87","0"
"100327090","190B9776P3","HOOD CAP LH 40","","FLOR","1","0","0","H87","0"
"100327091","190B9779P1","35X50 SEL SW SLOPE ROOF","","FLOR","1","0","0","H87","0"
"100327092","190B9779P3","35X40 SEL SW SLOPE ROOF","","FLOR","1","0","0","H87","0"
"100327093","190B9784P1","INSUL SUPPORT LOW FUSE","","FLOR","7","0","0","H87","0"
"100327094","190B9800P1","FRONT FUSE BARRIER CLIP","","FLOR","125","0","0","H87","0"
"100327095","190B9805P1S","TRANSITION BUS,SW TO AUX,SIL","","FLOR","3","0","0","H87","0"
"100327096","190B9806P1S","TRANSITION BUS,SW TO AUX,SIL","","FLOR","3","0","0","H87","0"
"100327097","190B9806P2S","TRANSITION BUS,SW TO AUX,SIL","","FLOR","4","0","0","H87","0"
"100327098","190B9813P1","OUTDOOR THROAT","","FLOR","9","0","0","H87","0"
"100327099","190B9816P1","PT MTG PLATE,2PT,35 W ENCL","","FLOR","6","0","0","H87","0"
"100327100","190B9819P1","GLASTIC BARR","","FLOR","7","0","0","H87","0"
"100327101","190B9820P1","CABLE BRACE BRACKET","","FLOR","67","0","0","H87","0"
"100327102","190B9825P1","RBA","","FLOR","2","0","0","H87","0"
"100327103","190B9825P2","RBA","","FLOR","1","0","0","H87","0"
"100327104","190B9825P3","RBA","","FLOR","1","0","0","H87","0"
"100327105","190B9826P1","RBA","","FLOR","3","0","0","H87","0"
"100327106","190B9829P4S","RBA,FUSE CLIP STRAP,400,15KV","","FLOR","6","0","0","H87","0"
"100327107","190B9833P1S","RBA,CABLE ATTACH BUS","","FLOR","18","0","0","H87","0"
"100327108","190B9833P1T","RBA","","FLOR","6","0","0","H87","0"
"100327109","190B9834P1S","RBA","","FLOR","1","0","0","H87","0"
"100327110","190B9835P3S","RBA","","FLOR","1","0","0","H87","0"
"100327111","190B9835P4S","RBA","","FLOR","1","0","0","H87","0"
"100327112","190B9850P1","SUPT,EXIT BUS,DUPLEX","","FLOR","7","0","0","H87","0"
"100327113","190B9853P1T","CROSSBUS","","FLOR","6","0","0","H87","0"
"100327114","190B9853P2T","CROSSBUS","","FLOR","6","0","0","H87","0"
"100327115","190B9855P1T","XBUS U-STRAP","","FLOR","3","0","0","H87","0"
"100327116","190B9855P2T","XBUS U-STRAP","","FLOR","3","0","0","H87","0"
"100327117","190B9859P1S","BUS ADAPTOR","","FLOR","9","0","0","H87","0"
"100327118","190B9859P1T","BUS ADAPTOR","","FLOR","9","0","0","H87","0"
"100327119","190B9862P1S","CROSS BUS","","FLOR","4","0","0","H87","0"
"100327120","190B9862P1T","CROSS BUS","","FLOR","3","0","0","H87","0"
"100327121","190B9863P1T","BUS","","FLOR","6","0","0","H87","0"
"100327122","190B9866P1","WAVE BREAKER","","FLOR","1","0","0","H87","0"
"100327123","190B9869P1S","EXIT BUS","","FLOR","3","0","0","H87","0"
"100327124","190B9869P1T","EXIT BUS","","FLOR","3","0","0","H87","0"
"100327125","190B9869P2S","EXIT BUS","","FLOR","3","0","0","H87","0"
"100327126","190B9869P2T","EXIT BUS","","FLOR","3","0","0","H87","0"
"100327127","190B9869P3S","EXIT BUS","","FLOR","3","0","0","H87","0"
"100327128","190B9869P3T","EXIT BUS","","FLOR","3","0","0","H87","0"
"100327129","190B9884P2S","FUSE STRAP","","FLOR","6","0","0","H87","0"
"100327130","190B9897P1","INSULATOR BRACKET","","FLOR","2","0","0","H87","0"
"100327131","190B9900P1","FRONT DOOR SUPT","","FLOR","7","0","0","H87","0"
"100327132","190B9903P1","FRONT DOOR STRIP","","FLOR","56","0","0","H87","0"
"100327133","190B9907P1S","MAIN BUS,1200A,SIL,35 WIDE","","FLOR","9","0","0","H87","0"
"100327134","190B9907P2S","MAIN BUS SPLICE,1200A,SIL","","FLOR","34","0","0","H87","0"
"100327135","190B9907P2T","MAIN BUS SPLICE","","FLOR","20","0","0","H87","0"
"100327136","190B9907P4S","MAIN BUS SPLICE","","FLOR","6","0","0","H87","0"
"100327137","190B9908P1S","SW RISER BUS","","FLOR","3","0","0","H87","0"
"100327138","190B9908P2S","SW RISER BUS,PH 1,1200A,SIL","","FLOR","5","0","0","H87","0"
"100327139","190B9909P1T","INC. L BAR","","FLOR","3","0","0","H87","0"
"100327140","190B9910P1S","SW RISER BUS","","FLOR","3","0","0","H87","0"
"100327141","190B9910P2S","SW RISER BUS,PH 2,1200A,SIL","","FLOR","2","0","0","H87","0"
"100327142","190B9911P1S","SW RISER BUS","","FLOR","3","0","0","H87","0"
"100327143","190B9911P2S","SW RISER BUS,PH 3,1200A,SIL","","FLOR","3","0","0","H87","0"
"100327144","190B9912P2","INSULATOR SUPPORT","","FLOR","194","0","0","H87","0"
"100327145","190B9915P1S","FUSE TERM","","FLOR","9","0","0","H87","0"
"100327146","190B9915P1T","FUSE TERM","","FLOR","6","0","0","H87","0"
"100327147","190B9919P1","SWITCH MTG PLATE","","FLOR","28","0","0","H87","0"
"100327148","190B9920P10S","GROUND BUS SPLICE","","FLOR","4","0","0","H87","0"
"100327149","190B9920P1S","GND BUS SPLICE, SILVER","","FLOR","8","0","0","H87","0"
"100327150","190B9920P1T","GND BUS SPLICE","","FLOR","26","0","0","H87","0"
"100327151","190B9921P1T","GROUND BUS","","FLOR","23","0","0","H87","0"
"100327152","190B9921P2S","GROUND BUS","","FLOR","1","0","0","H87","0"
"100327153","190B9921P3T","GROUND BUS","","FLOR","1","0","0","H87","0"
"100327154","190B9921P4S","GROUND BUS","","FLOR","1","0","0","H87","0"
"100327155","190B9921P4T","GROUND BUS","","FLOR","13","0","0","H87","0"
"100327156","190B9931P2","SW BARRIER","","FLOR","12","0","0","H87","0"
"100327157","190B9931P4","SW BARRIER","","FLOR","6","0","0","H87","0"
"100327158","190B9931P8","SW BARRIER","","FLOR","6","0","0","H87","0"
"100327159","190B9932P1","WAVE BREAKER","","FLOR","16","0","0","H87","0"
"100327160","190B9935P1","CT SUPPORT FOR SWITCH SECTION","","FLOR","6","0","0","H87","0"
"100327161","190B9936P1","INSULATOR PLATE","","FLOR","5","0","0","H87","0"
"100327162","190B9939P1","LV DOOR HINGE BRACKET","","FLOR","20","0","0","H87","0"
"100327163","190B9941P1","LV DOOR OUTER BRACKET","","FLOR","6","0","0","H87","0"
"100327164","190B9943P1","LV BOX BODY","","FLOR","19","0","0","H87","0"
"100327165","190B9946P1","BRACKET","","FLOR","18","0","0","H87","0"
"100327166","190B9948G1","DOOR INTERLOCK WELD ASM","","FLOR","1","0","0","H87","0"
"100327167","190B9958P1","LOWER DOOR INTERLOCK BRACKET","","FLOR","54","0","0","H87","0"
"100327168","190B9961P1S","RUN BACK GROUND BUS,RGT,SIL","","FLOR","3","0","0","H87","0"
"100327169","190B9961P1T","RUN BACK GROUND BUS","","FLOR","8","0","0","H87","0"
"100327170","190B9961P3T","RUN BACK GND","","FLOR","18","0","0","H87","0"
"100327171","190B9964P1S","FRT RUN BACK STRAP","","FLOR","4","0","0","H87","0"
"100327172","190B9967P2S","LUG STRAP,SIL,1200A,3 LUGS","","FLOR","31","0","0","H87","0"
"100327173","190B9967P4T","LUG STRAP","","FLOR","10","0","0","H87","0"
"100327174","190B9968P1","INSULATOR SUPPORT","","FLOR","32","0","0","H87","0"
"100327175","190B9968P2","INSUL_SUPP_VD4_DUPLEX","","FLOR","25","0","0","H87","0"
"100313560","75C143309P127","NEUT SPLICE","","FLOR","100","0","0","H87","0"
"100327177","190B9971P1","CABLE BRACE BRACKET","","FLOR","62","0","0","H87","0"
"100327178","190B9972P2","CABLE BRACE","","FLOR","3","0","0","H87","0"
"100327179","190B9975P3","RODENT BARRIER W/O BOX","","FLOR","60","0","0","H87","0"
"100327180","190B9975P4","RODENT BARRIER W/O BOX","","FLOR","5","0","0","H87","0"
"100327181","190B9975P7","RODENT BARRIER W/O BOX","","FLOR","11","0","0","H87","0"
"100327182","190B9979P1","COVER","","FLOR","13","0","0","H87","0"
"100327183","190B9980P3","BOTTOM COVER","","FLOR","3","0","0","H87","0"
"100327184","190B9980P4","BOTTOM COVER,15W X 60 DP","","FLOR","2","0","0","H87","0"
"100327185","190B9984P1","SPACE HEATER PLATE","","FLOR","68","0","0","H87","0"
"100327186","190B9985P1","INSULATOR BUS SUPPORT","","FLOR","44","0","0","H87","0"
"100327187","190B9986P1T","PROCLEC GND BUS","","FLOR","13","0","0","H87","0"
"100327188","190B9987P1T","PROCLEC GND BUS","","FLOR","6","0","0","H87","0"
"100327189","190B9990P31T","BUS BAR ABB SEPS BUSHING HEIGHT 55 /TIN","","FLOR","9","0","0","H87","0"
"100327190","190B9991P1S","CONN STRAP PROLEC","","FLOR","5","0","0","H87","0"
"100327191","190B9991P2T","CONN STRAP PROLEC","","FLOR","4","0","0","H87","0"
"100327192","190B9991P3S","CONN STRAP PROLEC","","FLOR","7","0","0","H87","0"
"100327193","190B9991P4S","CONN STRAP PROLEC","","FLOR","7","0","0","H87","0"
"100327194","190B9991P5T","CONN STRAP PROLEC","","FLOR","4","0","0","H87","0"
"100327195","190B9991P6T","CONN STRAP PROLEC","","FLOR","4","0","0","H87","0"
"100327196","190B9992P6S","FLEXIBLE CONNECTOR L SILV 5KV","","FLOR","3","0","0","H87","0"
"100327197","190B9993P1","GLASTIC BARRIER","","FLOR","7","0","0","H87","0"
"100327198","190B9997P2","N3","","FLOR","3","0","0","H87","0"
"100323975","1SQA003227R0001","SB INT 800A 40X 3P Top FT 2S Dnst Ag","","FLOR","1","0","0","H87","0"
"100324035","1SQA003371R0001","SB INT 1200A 40X 3P Top FT 2S Dnst Ag","","FLOR","1","0","0","H87","0"
"100323985","1SQA003443R0001","SB INT 1600A 40X 3P Top FT 2S Dnst Ag","","FLOR","1","0","0","H87","0"
"100323984","1SQA003467R0001","SB INT 2000A 40X 3P TOP 2S DNST AG","","FLOR","1","0","0","H87","0"
"100324023","1SQA003515R0001","SB INT 2000A 40X 3P Top FT 2S Dnst Ag","","FLOR","1","0","0","H87","0"
"100327199","1SQA013202R0001","CMM XT4 SM TENANT 480V","","FLOR","3","0","0","H87","0"
"100327200","201D0064P21","SI CHANNEL STUB-NEUT CU BTM BW 30A AL","","FLOR","99","0","0","H87","0"
"100327201","201D0066P21","SI CHANNEL STUB-NEUT CU BTM BW 35W","","FLOR","99","0","0","H87","0"
"100327202","201D0118P21","SI REAR HOR BARRIER 40W","","FLOR","1","0","0","H87","0"
"100327203","201D0129P21","SI CMB GAP EUSERC BARRIER","","FLOR","9","0","0","H87","0"
"100327204","201D0189P21","SI XT5 BRACING 35W","","FLOR","2","0","0","H87","0"
"100327205","201D0249P21","SI NEUT INSULATOR 40A","","FLOR","1","0","0","H87","0"
"100327206","201D0250P21","SI MB INSULATOR 40A BACK CONN","","FLOR","3","0","0","H87","0"
"100327207","201D0260P21","SI MB GAP INSULATOR","","FLOR","9","0","0","H87","0"
"100327208","201D0261P21","SI MB GAP INSULATOR","","FLOR","12","0","0","H87","0"
"100327209","201D0262P21","SI NEUT GAP INSULATOR","","FLOR","6","0","0","H87","0"
"100327210","201D0263P21","SI NEUT GAP INSULATOR","","FLOR","6","0","0","H87","0"
"100327211","201D0296P21","SI E6_2 VB BRACE 9CL 40W","","FLOR","2","0","0","H87","0"
"100327212","201D0298P21","SI MB GAP INSULATOR","","FLOR","2","0","0","H87","0"
"100327213","201D0299P21","SI FHB EVO EVO 40D CMB35 10 OFFSET N69 G","","FLOR","1","0","0","H87","0"
"100327214","201D0307P21","SI FHB 30D TMB15 N34 G79","","FLOR","1","0","0","H87","0"
"100327215","201D0349P21","SI HZB PNL 30W 30D","","FLOR","1","0","0","H87","0"
"100327216","201D0350P21","SI FRONT BARRIER 30W 15D XT5","","FLOR","1","0","0","H87","0"
"100327217","201D0358P21","SI VERT FRONT XT5 30W","","FLOR","1","0","0","H87","0"
"100327218","201D0438P21","SI MAIN INSULATOR","","FLOR","2","0","0","H87","0"
"100327219","201D0443P21","SI CAGE BARRIER HORZ","","FLOR","1","0","0","H87","0"
"100327220","201D0448P21","SI FHB EVO 60D TMB45 N61 G67","","FLOR","2","0","0","H87","0"
"100327221","201D0502P21","SI CHANNEL BUSWAY 40A NEUT","","FLOR","2","0","0","H87","0"
"100327222","201D0517P21","SI CHANNEL BUSWAY 40A NEUT","","FLOR","4","0","0","H87","0"
"100327223","201D0539P21","SI C/T COMP INSUL BARR 30W-T13 NEU&GND","","FLOR","1","0","0","H87","0"
"100327224","201D0573P21","SI BRACING SUPPORT PB2 30A SPACE&BUS 4","","FLOR","2","0","0","H87","0"
"100327225","201D0579P21","FH BARRIER CB","","FLOR","1","0","0","H87","0"
"100327226","201D0612P21","SI FHB 35D EVO CMB30 N69 GND79","","FLOR","1","0","0","H87","0"
"100327227","201D0676P21","SI MAIN BUS GAP BARRIER","","FLOR","1","0","0","H87","0"
"100327228","201D0700P21","SI VERT BUS BRACE 50W E0-9073-B","","FLOR","1","0","0","H87","0"
"100327229","201D0727P21","SI BARRIER CTR 45D CT 12-20A","","FLOR","2","0","0","H87","0"
"100327230","201D0745P21","LUG BARRIER","","FLOR","2","0","0","H87","0"
"100327231","201D0756P21","SI MAIN INSULATOR","","FLOR","1","0","0","H87","0"
"100327232","201D0760P21","FH BARRIER CB","","FLOR","1","0","0","H87","0"
"100327233","201D0762P21","SI SIDE INS BARRIER 40D TMB15 N34 D15","","FLOR","10","0","0","H87","0"
"100327234","201D0784P21","SI FHB CMB35 OFFSET 10 TOP 45D","","FLOR","4","0","0","H87","0"
"100327235","201D0831P21","SI MAIN INSULATOR","","FLOR","1","0","0","H87","0"
"100327236","201D0866P21","SI FHB 40D EVO-EVO CM30 5 OFFSET N67 GN","","FLOR","1","0","0","H87","0"
"100327237","201D0875P21","FH BARRIER MAIN BUS INSUL","","FLOR","1","0","0","H87","0"
"100327238","201D0879P21","SI MAIN GAP BARRIER","","FLOR","1","0","0","H87","0"
"100327239","201D0881P21","SI FHB 40D EVO-SPC CM35 0 OFFTSET N67 GN","","FLOR","2","0","0","H87","0"
"100327240","201D0898P21","SI WIRING BARRIER 55W","","FLOR","15","0","0","H87","0"
"100327241","201D0900P21","SI 45W 18D INSUL BARRIER PSEG","","FLOR","2","0","0","H87","0"
"100327242","201D0931P21","FH BARRIER MAIN BUS INSUL","","FLOR","7","0","0","H87","0"
"100327243","201D0940P21","SI BRACKET HORIZ BARRIER 40W","","FLOR","1","0","0","H87","0"
"100327244","201D0944P21","FH BARRIER MAIN BUS INSUL","","FLOR","2","0","0","H87","0"
"100327245","201D0964P21","SI FHB GAP BARR OFFSET 5 - REAR","","FLOR","3","0","0","H87","0"
"100327246","201D0966P21","SI FHB 40D BMB25 BK N7 G17 - EVO-SS","","FLOR","1","0","0","H87","0"
"100327247","201D0975P21","SI MAIN BUS GAP BARRIER","","FLOR","1","0","0","H87","0"
"100327248","201D0976P21","SI MAIN BUS GAP BARRIER","","FLOR","2","0","0","H87","0"
"100327249","201D0984P21","SI LEXAN COVER PT 12H ASSY SH","","FLOR","8","0","0","H87","0"
"100327250","201D0991P21","SI SWBD BRACE C-CHANNEL XT7 35W","","FLOR","1","0","0","H87","0"
"100327251","201D0994P21","ESI BARRIER 20A VB PHA","","FLOR","16","0","0","H87","0"
"100327252","201d1050g1","20D X 90H W/3.5 CHANNEL","","FLOR","53","0","0","H87","0"
"100327253","201D1053P21","SI NEUT BUS GAP BARRIER","","FLOR","1","0","0","H87","0"
"100327254","201D1065P21","SI FILLER 35D TMB 25 N34","","FLOR","1","0","0","H87","0"
"100327255","201D1099P21","SI MB FULL FILLER 27H 12D","","FLOR","1","0","0","H87","0"
"100327256","201D1113P21","SI BRACING VERT BUS SUPT 40W","","FLOR","3","0","0","H87","0"
"100327257","201D1116P21","SI HORZ BARR 40W 5D","","FLOR","4","0","0","H87","0"
"100327258","201D1129P21","SI SE BARRIER E2.2/E4.2 40W 40D T25","","FLOR","2","0","0","H87","0"
"100327259","201D1132P21","SI SE REAR BARRIER XT5 40W 40D","","FLOR","1","0","0","H87","0"
"100327260","201D1144P21","SI FHB 50D TMB35 N69 G79","","FLOR","2","0","0","H87","0"
"100327261","201D1161P21","SI HORZ FRONT BARR XT7","","FLOR","1","0","0","H87","0"
"100327262","201D1162P21","SI HORZ REAR BARR XT7 35W 35D","","FLOR","1","0","0","H87","0"
"100327263","201D1202P21","SI BRACING CHANNEL 45W 20A","","FLOR","98","0","0","H87","0"
"100327264","201D1210P21","201d1210p21","","FLOR","1","0","0","H87","0"
"100327265","201D1241P21","SI HZB PNL 30W 30D","","FLOR","1","0","0","H87","0"
"100327266","201D1256P21","SI CHANNEL SUPPORT 2B 40W","","FLOR","1","0","0","H87","0"
"100327267","201D1268P21","SI MAIN BUS GAP BARRIER","","FLOR","1","0","0","H87","0"
"100327268","201D1269P21","SI MAIN BUS FULL GAP BARRIER 2 MB","","FLOR","1","0","0","H87","0"
"100327269","201D1278P21","SI FILL MB 08-40A SPL OFF 05 EVO EVO","","FLOR","1","0","0","H87","0"
"100327270","201D1345P21","SI REAR HORIZONTAL BARRIER 30W","","FLOR","1","0","0","H87","0"
"100327271","201D1347P21","SI FRONT HORIZ BARR 30W","","FLOR","1","0","0","H87","0"
"100327272","201D1351P21","201d1351p21","","FLOR","3","0","0","H87","0"
"100327273","201D1364P21","SI SE BARRIER E42 W30 35D BOTH CABLES","","FLOR","16","0","0","H87","0"
"100327274","201D1375P21","SI FHB 40D CMB30 GND17 N7","","FLOR","1","0","0","H87","0"
"100327275","201D1411P21","SI VERTICAL BARRIER 40W","","FLOR","1","0","0","H87","0"
"100327276","201D1429P21","SI HOR BARRIER 40W PBII","","FLOR","1","0","0","H87","0"
"100327277","201D1461P21","SI MB FILLER FOR FHB 5 OFF","","FLOR","1","0","0","H87","0"
"100327278","201D1517P21","SI VERTICAL BARRIER 50W 24H","","FLOR","1","0","0","H87","0"
"100327279","201D1518P21","SI HORIZONTAL BARRIER 50W","","FLOR","2","0","0","H87","0"
"100327280","201D1519P21","SI VERTICAL BARRIER 50W 24H","","FLOR","1","0","0","H87","0"
"100327281","201D1589P21","SI HZB PNL 30W 30D","","FLOR","1","0","0","H87","0"
"100327282","201D7402P7","40W REAR HOR BARR STAGD","","FLOR","2","0","0","H87","0"
"100327283","201D7409P6","BARRIER SLEEVE","","FLOR","1","0","0","H87","0"
"100327284","201D7413P15","SI HORIZONTAL BARRIER T8 40W","","FLOR","1","0","0","H87","0"
"100327285","201D7455P12","@SI TRAY HORZ BARR S10 35W 40D","","FLOR","1","0","0","H87","0"
"100327286","201D7456P8","I MAIN BUS GAP BARRIER","","FLOR","1","0","0","H87","0"
"100327287","201D7457P8","I MAIN BUS GAP BARRIER","","FLOR","1","0","0","H87","0"
"100327288","201D7474P6","BARRIER SLEEVE","","FLOR","1","0","0","H87","0"
"100327289","201D7479P10","NEUTRAL TOP BARRIER","","FLOR","3","0","0","H87","0"
"100327290","201D7480P6","50W X 40D REAR HOR BARR STAGD 40A","","FLOR","1","0","0","H87","0"
"100327291","201D7481P6","Neutral Sleeve","","FLOR","1","0","0","H87","0"
"100327292","201D7508P18","SI UTY TIERS BRCNG 11.5 CL 50A","","FLOR","2","0","0","H87","0"
"100327293","201D7511P2","EUSERC REAR BARRIER","","FLOR","1","0","0","H87","0"
"100327294","201D7511P20","SI FRONT BARRIER 30W SG04A","","FLOR","1","0","0","H87","0"
"100327295","201D7518P19","SI BRACING 30W","","FLOR","4","0","0","H87","0"
"100327296","201D7553P3","SI ABB NEUT BARRIER","","FLOR","10","0","0","H87","0"
"100327297","201D7556P9","BJ METERING C/T MOUNTING BRKT","","FLOR","4","0","0","H87","0"
"100327298","201D7561P13","BARRIER SUPPORT","","FLOR","70","0","0","H87","0"
"100327299","201D7573P12","SI BARRIER NEUT SPLICE 12-20A","","FLOR","1","0","0","H87","0"
"100327300","201D7573P16","BARRIER SLEEVE","","FLOR","1","0","0","H87","0"
"100327301","201D7577P20","SI EUSERC LUG BARRI 50A 55W","","FLOR","1","0","0","H87","0"
"100327302","201D7596P17","SI REAR EUSERC BARRIER 50W X 45D S28","","FLOR","1","0","0","H87","0"
"100327303","201D7708P20","SM BARRIER SUPPORT EXTRA HOLES","","FLOR","160","0","0","H87","0"
"100327304","201D7844P20","SI REAR HOR BARR STAGD 40A 50W","","FLOR","1","0","0","H87","0"
"100327305","201D7859P20","SI FH BARR 50D","","FLOR","1","0","0","H87","0"
"100327306","201D7982P20","SI HORZ BARRIER 35W","","FLOR","2","0","0","H87","0"
"100327307","201D7983P20","SI HORZ BARRIER 35W","","FLOR","2","0","0","H87","0"
"100327308","201D7986P20","SI VERT BARRIER 35W","","FLOR","2","0","0","H87","0"
"100327309","201D8180P20","BARRIER","","FLOR","5","0","0","H87","0"
"100327310","201D8215P20","SI XT4 INSULATOR","","FLOR","1","0","0","H87","0"
"100327311","201D8414P20","SI NRISER GAP FILLER","","FLOR","7","0","0","H87","0"
"100327312","201D8711P20","SI GAP FILLER","","FLOR","2","0","0","H87","0"
"100327313","201D8777P20","201d8777p20.prt","","FLOR","1","0","0","H87","0"
"100327314","201D8964P20","SI BRKT METERING C/TS","","FLOR","9","0","0","H87","0"
"100327315","201D9060P20","SI SPLICE INSULATOR FOR FHB","","FLOR","1","0","0","H87","0"
"100327316","201D9067P20","SI MAIN BUS GAP BARRIER","","FLOR","1","0","0","H87","0"
"100327317","201D9096P20","SI GAP BARRIER","","FLOR","1","0","0","H87","0"
"100327318","201D9097P20","SI GAP BARRIER","","FLOR","1","0","0","H87","0"
"100327319","201D9112P20","SI FHB 45D RLG N7 GND79","","FLOR","1","0","0","H87","0"
"100327320","201D9166P211","SI HZ BARRIER RG 50W 25D","","FLOR","1","0","0","H87","0"
"100327321","201D9169P20","SI REAR HORZ BARR STAGD 40W 35D","","FLOR","1","0","0","H87","0"
"100327322","201D9170P20","SI GAP VERT NEUT","","FLOR","8","0","0","H87","0"
"100327323","201D9227P20","SI REAR HOR BARR 40W utility","","FLOR","8","0","0","H87","0"
"100327324","201D9376P20","SI MAIN INSUL","","FLOR","1","0","0","H87","0"
"100327325","201D9420P20","201d9420p20","","FLOR","2","0","0","H87","0"
"100327326","201D9600P20","SI BRACE 40W 7CL","","FLOR","2","0","0","H87","0"
"100327327","201D9642P20","SI HOR BARR 50W 25D","","FLOR","1","0","0","H87","0"
"100327328","201D9648P20","SI REAR HORIZONTAL BARRIER 35W","","FLOR","1","0","0","H87","0"
"100327329","201D9699P20","SI GAP BARR 5&apos;OFF SS/EVO E","","FLOR","6","0","0","H87","0"
"100327330","201D9701P20","SI GAP BARR 5&apos;OFF SS/EVO E","","FLOR","6","0","0","H87","0"
"100327331","201D9719P20","SI BRACING CHANNEL PB2 CM 40W","","FLOR","1","0","0","H87","0"
"100327332","201D9722P20","SI REAR HORZ BARR 50W","","FLOR","1","0","0","H87","0"
"100327333","201D9729P20","SI CT SUPPORT MNDV","","FLOR","4","0","0","H87","0"
"100327334","201D9780P20","SI MAIN BUS GAP BARRIER","","FLOR","1","0","0","H87","0"
"100327335","201D9781P20","SI MAIN BUS GAP BARRIER","","FLOR","1","0","0","H87","0"
"100327336","201D9831P20","SI MAIN BUS GAP BARRIER","","FLOR","1","0","0","H87","0"
"100327337","201D9832P20","SI MAIN BUS GAP BARRIER","","FLOR","1","0","0","H87","0"
"100327338","201D9833P20","SI FH BARRIER NEUT INSUL","","FLOR","1","0","0","H87","0"
"100327339","201D9879P20","SI FHB 50D 45TMB G79 N7","","FLOR","1","0","0","H87","0"
"100327340","201D9889P20","SI MAIN BUS END BAR EVO RG 40A","","FLOR","2","0","0","H87","0"
"100327341","201D9895P20","SI VERT BARRIER 35W 40D E4.2","","FLOR","2","0","0","H87","0"
"100327342","201D9938P20","SI FHB 40D CMB25 N69 G79","","FLOR","1","0","0","H87","0"
"100327343","201D9992P20","SI HORIZ FRONT BARRIER 35W E2.2","","FLOR","1","0","0","H87","0"
"100327344","201D9993P20","SI VERT BARRIER 35W E2.2","","FLOR","1","0","0","H87","0"
"100327345","201D9994P20","SI HORIZ REAR BARRIER 35W E2.2","","FLOR","1","0","0","H87","0"
"100327346","204B4145EKP1","CT SUPPORT","","FLOR","1","0","0","H87","0"
"100327347","204B4145EQP1","BATTERY PACK HOLDER","","FLOR","24","0","0","H87","0"
"100327348","204B4145JMP11SM","SPACER STD","","FLOR","6","0","0","H87","0"
"100327349","204B4145JMP8SM","SPACER - STD LUG","","FLOR","6","0","0","H87","0"
"100327350","204B4145JMP9SM","SPACER - STD LUG","","FLOR","6","0","0","H87","0"
"100327351","208C1288P1","IM PLATE END","","FLOR","1","0","0","H87","0"
"100327352","208C1491P2","SPECTRA 4X 44 FILL(AFP4X44)","","FLOR","2","0","0","H87","0"
"100327353","208C1491P4","SPECTRA 7X 44 FILL(AFP7X44)","","FLOR","4","0","0","H87","0"
"100327354","208C1524P6","1C BUS 200DA BO/SO","","FLOR","48","0","0","H87","0"
"100327355","208C1565P10","CM COVER 14H 30W D","","FLOR","43","0","0","H87","0"
"100327356","208C1565P100","CM COVER 35W 19H","","FLOR","1","0","0","H87","0"
"100327357","208C1565P106","CM COVER 30W 02H","","FLOR","12","0","0","H87","0"
"100327358","208C1565P108","CM COVER 30W 06H","","FLOR","11","0","0","H87","0"
"100327359","208C1565P109","CM COVER 30W 09H","","FLOR","1","0","0","H87","0"
"100327360","208C1565P11","COVER 14H 35W/D","","FLOR","62","0","0","H87","0"
"100327361","208C1565P112","CM COVER 30W 13H","","FLOR","2","0","0","H87","0"
"100327362","208C1565P114","COVER 30X18","","FLOR","20","0","0","H87","0"
"100327363","208C1565P119","CM COVER 50W 06H","","FLOR","40","0","0","H87","0"
"100327364","208C1565P13","SWITCHBOARD COVER","","FLOR","48","0","0","H87","0"
"100327365","208C1565P14","CM COVER 14H 50W/D","","FLOR","46","0","0","H87","0"
"100327366","208C1565P15","CM COVER 14H 55W/D","","FLOR","1","0","0","H87","0"
"100327367","208C1565P19","CM COVER 21H 35W D","","FLOR","5","0","0","H87","0"
"100327368","208C1565P21","CM COVER 21H 45W","","FLOR","3","0","0","H87","0"
"100327369","208C1565P5","COVER 07H45W/D","","FLOR","3","0","0","H87","0"
"100327370","208C1565P6","CM COVER 07H 50W/D","","FLOR","2","0","0","H87","0"
"100327371","208C1565P67","CM COVER 14H 15W D","","FLOR","2","0","0","H87","0"
"100327372","208C1565P75","CM COVER 45W 02H","","FLOR","2","0","0","H87","0"
"100327373","208C1565P79","CM COVER 35W 06H","","FLOR","22","0","0","H87","0"
"100327374","208C1565P80","CM COVER 40W 06H","","FLOR","24","0","0","H87","0"
"100327375","208C1565P81","CM COVER 45W 06H","","FLOR","12","0","0","H87","0"
"100327376","208C1565P82","CM COVER 35W 09H","","FLOR","3","0","0","H87","0"
"100327377","208C1565P83","CM COVER 40W 09H","","FLOR","4","0","0","H87","0"
"100327378","208C1565P85","CM COVER 35W 10H","","FLOR","5","0","0","H87","0"
"100327379","208C1565P86","CM COVER 35W 10H","","FLOR","3","0","0","H87","0"
"100327380","208C1565P89","CM COVER 40W 11H","","FLOR","3","0","0","H87","0"
"100327381","208C1565P9","CM COVER 14H 25W D","","FLOR","7","0","0","H87","0"
"100327382","208C1565P91","CM COVER 35W 13H","","FLOR","15","0","0","H87","0"
"100327383","208C1565P92","CM COVER 40W 13H","","FLOR","1","0","0","H87","0"
"100327384","208C1565P94","CM COVER 35W 15H","","FLOR","4","0","0","H87","0"
"100327385","208C1565P97","CM COVER 35W 18H","","FLOR","3","0","0","H87","0"
"100327386","208C1565P99","CM COVER 45W 18H","","FLOR","4","0","0","H87","0"
"100327387","208C1598P1","M POST ,STRINGER 90H","","FLOR","40","0","0","H87","0"
"100327388","208C1633P3","PM CROSS BRACE 45W","","FLOR","15","0","0","H87","0"
"100327389","208C1692P2","CM BARR HORIZ 40W","","FLOR","2","0","0","H87","0"
"100327390","208C1692P5","CM BARR HORIZ 25W","","FLOR","1","0","0","H87","0"
"100327391","208C1693P1","CM BARR SUP 13D","","FLOR","1","0","0","H87","0"
"100327392","208C1750P12","SM COVER VENTED 30W/D","","FLOR","2","0","0","H87","0"
"100327393","208C1750P13","COVER","","FLOR","2","0","0","H87","0"
"100327394","208C1779P8","WIDTH POST - 60","","FLOR","27","0","0","H87","0"
"100327395","208C2297P10","DRIP HOOD 30 INCH","","FLOR","1","0","0","H87","0"
"100327396","208C2297P11","DRIP HOOD 30","","FLOR","5","0","0","H87","0"
"100327397","208C2297P17","35WX25D TOP COVER","","FLOR","2","0","0","H87","0"
"100327398","208C2297P18","35WX30D TOP COVER","","FLOR","4","0","0","H87","0"
"100327399","208C2297P20","SM COVER DRIP PROOF 35W/40D","","FLOR","1","0","0","H87","0"
"100327400","208C2297P22","SM COVER DRIP PROOF 35W/50D","","FLOR","1","0","0","H87","0"
"100327401","208C2297P32","SM COVER DRIP PROOF 40W/60D","","FLOR","1","0","0","H87","0"
"100327402","208C2297P34","45WX30D TOP COVER","","FLOR","1","0","0","H87","0"
"100327403","208C2297P9","30WX25D TOP COVER","","FLOR","6","0","0","H87","0"
"100327404","208C2532P1","CM COVER BLANK VENTED 35W","","FLOR","15","0","0","H87","0"
"100327405","208C2532P2","VENTED COVER 7 X 40","","FLOR","11","0","0","H87","0"
"100327406","208C2532P5","NAME","","FLOR","16","0","0","H87","0"
"100327407","208C2532P7","+PSM COVER BLANK VENTED 50W","","FLOR","4","0","0","H87","0"
"100327408","208C2576P2","BM COVER VENT WELDED 36/44","","FLOR","35","0","0","H87","0"
"100327409","208C3498P9","VENT COVER 55X28","","FLOR","2","0","0","H87","0"
"100327410","208C3581P9","MTG BRKT","","FLOR","1","0","0","H87","0"
"100327411","208C3641P2","COVER POWERBREAK 11 08A 30W","","FLOR","1","0","0","H87","0"
"100327412","208C3641P3","COVER POWERBREAK 11 08A 35W","","FLOR","2","0","0","H87","0"
"100327413","208C3641P4","COVER POWERBREAK 11 08A 40W","","FLOR","16","0","0","H87","0"
"100327414","208C3642P3","COVER POWERBREAK II 16A 40W","","FLOR","10","0","0","H87","0"
"100327415","208C3642P8","COVER POWERBREAK II 16A 40W","","FLOR","2","0","0","H87","0"
"100327416","208C3642P9","COVER POWERBREAK II 16A 45W","","FLOR","1","0","0","H87","0"
"100327417","208C3643P3","COVER POWERBREAK II 20A 40W","","FLOR","4","0","0","H87","0"
"100327418","208C3643P8","COVER POWERBREAK II 20A 40W","","FLOR","1","0","0","H87","0"
"100327419","208C3643P9","COVER POWERBREAK II 20A 45W","","FLOR","1","0","0","H87","0"
"100327420","208C3646P1","BRACKET S/C BRACE 40A 40W","","FLOR","4","0","0","H87","0"
"100327421","208C3648P1","MTG. SUPPORT PB2 40A STAT. 40W","","FLOR","18","0","0","H87","0"
"100327422","208C3649P1","MTG BRKT L.H. PB11 08A 25/30W","","FLOR","4","0","0","H87","0"
"100327423","208C3649P2","MTG BRKT R.H. PB11 08A 25/30W","","FLOR","4","0","0","H87","0"
"100327424","208C3651P1","MTG. SUPPORT GUSSET","","FLOR","61","0","0","H87","0"
"100327425","208C3655P1","TIER BUS A/C PH 08A AL 25D","","FLOR","28","0","0","H87","0"
"100327426","208C3655P17","TIER BUS A/C OUT 16/20A AL 25D","","FLOR","40","0","0","H87","0"
"100327427","208C3655P19","TIER BUS A/C OUT 16/20A AL 35D","","FLOR","5","0","0","H87","0"
"100327428","208C3655P20","TIER BUS A/C OUT 16/20A AL 40D","","FLOR","4","0","0","H87","0"
"100327429","208C3655P25","TIER BUS A/C INN 16/20A AL 25D","","FLOR","35","0","0","H87","0"
"100327430","208C3655P26","TIER BUS A/C INN 16/20A AL 30D","","FLOR","2","0","0","H87","0"
"100327431","208C3655P27","TIER BUS A/C INN 16/20A AL 35D","","FLOR","4","0","0","H87","0"
"100327432","208C3655P28","TIER BUS A/C INN 16/20A AL 40D","","FLOR","4","0","0","H87","0"
"100327433","208C3655P33","TIER BUS B PH 16/20A AL 25D","","FLOR","40","0","0","H87","0"
"100327434","208C3655P34","TIER BUS B PH 16/20A AL 30D","","FLOR","2","0","0","H87","0"
"100327435","208C3655P35","TIER BUS B PH 16/20A AL 35D","","FLOR","8","0","0","H87","0"
"100327436","208C3655P42","TIER BUS OUT 9 16/20A AL 30D","","FLOR","3","0","0","H87","0"
"100327437","208C3655P49","TIER BUS INN 9 16/20A AL 25D","","FLOR","4","0","0","H87","0"
"100327438","208C3655P50","TIER BUS INN 9 16/20A AL 30D","","FLOR","2","0","0","H87","0"
"100327439","208C3655P9","TIER BUS B PH 08A AL 25D","","FLOR","14","0","0","H87","0"
"100327440","208C3656P18","TIER BUS A/C OUT 16/20A CU 30D","","FLOR","2","0","0","H87","0"
"100327442","208C3656P21","TIER BUS A/C OUT 16/20A CU 45D","","FLOR","2","0","0","H87","0"
"100327444","208C3656P29","TIER BUS A/C INN 16/20A CU 45D","","FLOR","2","0","0","H87","0"
"100327445","208C3656P37","TIER BUS B PH 16/20A CU 45D","","FLOR","2","0","0","H87","0"
"100327446","208C3656P41","TIER BUS OUT 9 16/20A CU 25D","","FLOR","2","0","0","H87","0"
"100327447","208C3656P43KT","TIER LINE BUS","","FLOR","1","0","0","H87","0"
"100327448","208C3656P49","TIER BUS INN 9 16/20A CU 25D","","FLOR","2","0","0","H87","0"
"100327449","208C3661P10","MTG. BRKT R.H. PB11 16/20A 50W","","FLOR","1","0","0","H87","0"
"100327450","208C3661P5","MTG. BRKT L.H. PB11 16/20A 40W","","FLOR","9","0","0","H87","0"
"100327451","208C3661P6","MTG. BRKT R.H. PB11 16/20A 40W","","FLOR","16","0","0","H87","0"
"100327452","208C3663P6","BACK PLATE INSUL 40W 9.00","","FLOR","1","0","0","H87","0"
"100327453","208C3667P11","COVER HPC2 REV MTG 08A 30W","","FLOR","2","0","0","H87","0"
"100327454","208C3667P2","COVER HPC2 STD MTG 08A 35W","","FLOR","1","0","0","H87","0"
"100327455","208C3667P21","COVER HPC2 STD MTG 12A 30W","","FLOR","2","0","0","H87","0"
"100327456","208C3667P22","COVER HPC2 STD MTG 12A 35W","","FLOR","1","0","0","H87","0"
"100327457","208C3667P32","COVER HPC2 REV MTG 12A 35W","","FLOR","2","0","0","H87","0"
"100327458","208C3667P42","COVER HPC2 STD MTG 20A 30W","","FLOR","6","0","0","H87","0"
"100327459","208C3667P43","COVER HPC2 STD MTG 2","","FLOR","4","0","0","H87","0"
"100327460","208C3667P55","COVER HPC2 REV MTG 2","","FLOR","1","0","0","H87","0"
"100327461","208C3667P6","COVER HPC2 STD MTG 0","","FLOR","1","0","0","H87","0"
"100327462","208C3667P74","COVER HPC2 REV MTG 2","","FLOR","1","0","0","H87","0"
"100327463","208C3667P89","COVER HPC2 STD MTG 40A 40W","","FLOR","1","0","0","H87","0"
"100327464","208C3671P1","MAIN COVER","","FLOR","2","0","0","H87","0"
"100327465","208C3671P6","COVER PB2 3000A STAT. 50W","","FLOR","2","0","0","H87","0"
"100327466","208C3678P1","LUG STRAP A/C PH AL 800A","","FLOR","28","0","0","H87","0"
"100327467","208C3678P2","LUG STRAP B PH AL 800A","","FLOR","13","0","0","H87","0"
"100327468","208C3678P3","LUG STRAP A/C OUTER AL 16/20A","","FLOR","10","0","0","H87","0"
"100327469","208C3678P4","LUG STRAP A/C INNER AL 16/20A","","FLOR","10","0","0","H87","0"
"100327470","208C3681P1","MTG SUPT PB2 25/30A STAT 40W","","FLOR","8","0","0","H87","0"
"100327471","208C3685P1","LINE SHIELD 08-20A PBII C/B","","FLOR","1","0","0","H87","0"
"100327472","208C3698P2","SUPT LUG STP S/C BRACE 30/50W","","FLOR","48","0","0","H87","0"
"100327473","208C3700P1","BRACKET S/C BRC LH 16/20A 30W","","FLOR","4","0","0","H87","0"
"100327474","208C3700P2","BRACKET S/C BRC RH 16/20A 30W","","FLOR","4","0","0","H87","0"
"100327475","208C3705P1","MOUNTING SUPPORT GUSSET 25/30A","","FLOR","12","0","0","H87","0"
"100327476","208C3734P1","20A D/O BARRIER - PBII","","FLOR","1","0","0","H87","0"
"100327477","208C3735P1","08-20A 30W SUPPORT SHELF","","FLOR","1","0","0","H87","0"
"100327478","208C3735P2","08-20A 35W SUPPORT SHELF","","FLOR","1","0","0","H87","0"
"100327481","208C3738P25","TIER BUS B PH 20A AL 35D","","FLOR","1","0","0","H87","0"
"100327482","208C3813P3","LUG STRAP B INN/OUT CU 25A","","FLOR","1","0","0","H87","0"
"100327483","208C3816P1","TIER BUS A&C OUT 25A AL 35D","","FLOR","7","0","0","H87","0"
"100327484","208C3816P13","TIER BUS B 25A AL 35D","","FLOR","10","0","0","H87","0"
"100327486","208C3816P15","TIER BUS B 25A AL 45D","","FLOR","12","0","0","H87","0"
"100327487","208C3816P3","TIER BUS A&C OUT 25A AL 45D","","FLOR","11","0","0","H87","0"
"100327488","208C3816P31","TIER BUS A&C OUT 30A AL T30 9","","FLOR","2","0","0","H87","0"
"100327489","208C3816P33","TIER BUS A&C OUT 30A AL 45D 9","","FLOR","2","0","0","H87","0"
"100327490","208C3816P37","TIER BUS A&C INN 30A AL T30 9","","FLOR","2","0","0","H87","0"
"100327491","208C3816P39","TIER BUS A&C INN 30A AL 45D 9","","FLOR","2","0","0","H87","0"
"100327492","208C3816P43","TIER BUS B 30A AL T30","","FLOR","2","0","0","H87","0"
"100327493","208C3816P45","TIER BUS B 30A AL 45D","","FLOR","2","0","0","H87","0"
"100327494","208C3816P49","T BUS ALN/CLD 40A OUT AL 35D 9","","FLOR","2","0","0","H87","0"
"100327495","208C3816P50","T BUS ALN/CLD 40A OUT AL 40D 9","","FLOR","1","0","0","H87","0"
"100327496","208C3816P51","T BUS ALN/CLD 40A OUT AL 45D 9","","FLOR","2","0","0","H87","0"
"100327497","208C3816P55","T BUS ALN/CLD 40A INN AL 35D 9","","FLOR","2","0","0","H87","0"
"100327498","208C3816P56","T BUS ALN/CLD 40A INN AL 40D 9","","FLOR","1","0","0","H87","0"
"100327499","208C3816P57","T BUS ALN/CLD 40A INN AL 45D 9","","FLOR","2","0","0","H87","0"
"100327500","208C3816P61","T BUS BLNLH/BLDRH 40A AL 35D","","FLOR","2","0","0","H87","0"
"100327501","208C3816P63","T BUS BLNLH/BLDRH 40A AL 45D","","FLOR","2","0","0","H87","0"
"100327502","208C3816P67","T BUS BLNRH/BLDLH 40A AL 35D","","FLOR","2","0","0","H87","0"
"100327503","208C3816P69","T BUS BLNRH/BLDLH 40A AL 45D","","FLOR","2","0","0","H87","0"
"100327504","208C3816P7","TIER BUS A&C INN 25A AL 35D","","FLOR","11","0","0","H87","0"
"100327505","208C3816P73","T BUS ALD/CLN 40A OUT AL 35D 9","","FLOR","6","0","0","H87","0"
"100327506","208C3816P74","T BUS ALD/CLN 40A OUT AL 40D 9","","FLOR","2","0","0","H87","0"
"100327507","208C3816P75","T BUS ALD/CLN 40A OUT AL 45D 9","","FLOR","2","0","0","H87","0"
"100327508","208C3816P79","T BUS ALD/CLN 40A INN AL 35D 9","","FLOR","6","0","0","H87","0"
"100327509","208C3816P80","T BUS ALD/CLN 40A INN AL 40D 9","","FLOR","2","0","0","H87","0"
"100327510","208C3816P81","T BUS ALD/CLN 40A INN AL 45D 9","","FLOR","1","0","0","H87","0"
"100327511","208C3816P9","TIER BUS A&C INN 25A AL 45D","","FLOR","12","0","0","H87","0"
"100327512","208C3817P19","TIER BUS A&C OUT 25A CU 35D 9","","FLOR","1","0","0","H87","0"
"100327513","208C3817P25","TIER BUS A&C INN 25A CU 35D 9","","FLOR","2","0","0","H87","0"
"100327514","208C3822P1","SUPPORT LUG STP S/C BRC 40-50W","","FLOR","2","0","0","H87","0"
"100327515","208C3833P1","LUG STRAP A/C OUTER AL 40A","","FLOR","2","0","0","H87","0"
"100327516","208C3833P2","LUG STRAP A/C INNER AL 40A","","FLOR","2","0","0","H87","0"
"100327517","208C3833P3","LUG STRAP B OUT/INN AL 40A","","FLOR","2","0","0","H87","0"
"100327518","208C3874P3","COVER PWRBRK 11 D/O 40A 50W","","FLOR","3","0","0","H87","0"
"100327519","208C3874P6","COVER POWERBREAK II 40A 50W","","FLOR","1","0","0","H87","0"
"100327520","208C3875P3","SUPPORT SHELF D/O 25/30A 40W","","FLOR","3","0","0","H87","0"
"100327521","208C3875P4","SUPPORT SHELF D/O 25/30A 45W","","FLOR","1","0","0","H87","0"
"100327522","208C3880P1","SUPPORT SHELF D/O 40A 40W","","FLOR","6","0","0","H87","0"
"100327523","208C3880P3","SUPPORT SHELF D/O 40A 50W","","FLOR","1","0","0","H87","0"
"100327524","208C3886P20","BM RABBET 36W INNER DOOR T&B","","FLOR","1","0","0","H87","0"
"100327525","208C3886P25","BM RABBET 96H48X W/VENT OUTER","","FLOR","50","0","0","H87","0"
"100327526","208C3906P110","SPLIT NEUT","","FLOR","2","0","0","H87","0"
"100327527","208C3906P64","SPLIT NEUT","","FLOR","2","0","0","H87","0"
"100327528","208C3906P7","SPLIT NEUT","","FLOR","4","0","0","H87","0"
"100327529","208C3906P8","SPLIT NEUT","","FLOR","4","0","0","H87","0"
"100327530","208C3907P110","SPLIT NEUT","","FLOR","2","0","0","H87","0"
"100327531","208C3907P64","SPLIT NEUT","","FLOR","2","0","0","H87","0"
"100327532","208C3907P7","SPLIT NEUT","","FLOR","4","0","0","H87","0"
"100327533","208C3907P8","SPLIT NEUT","","FLOR","4","0","0","H87","0"
"100327534","208C3908P1","SPLIT NEUT","","FLOR","17","0","0","H87","0"
"100327535","208C3908P2","SPLIT NEUT","","FLOR","2","0","0","H87","0"
"100327536","208C3908P3","SPLIT NEUT","","FLOR","6","0","0","H87","0"
"100327537","208C3908P4","SPLIT NEUT","","FLOR","2","0","0","H87","0"
"100327538","208C3908P5","SPLIT NEUT","","FLOR","2","0","0","H87","0"
"100327539","208C3911P4","SPLIT NEUT","","FLOR","2","0","0","H87","0"
"100327540","208C3913P8","SPLIT NEUT","","FLOR","2","0","0","H87","0"
"100327541","208C3914P8","SPLIT NEUT","","FLOR","2","0","0","H87","0"
"100327542","208C3915P1","SPLIT NEUT","","FLOR","2","0","0","H87","0"
"100327543","208C3915P5","SPLIT NEUT","","FLOR","4","0","0","H87","0"
"100327544","208C3915P6","SPLIT NEUT","","FLOR","10","0","0","H87","0"
"100327545","208C3915P6X","SPLIT NEUT","","FLOR","1","0","0","H87","0"
"100327546","208C3915P7X","SPLIT NEUT","","FLOR","2","0","0","H87","0"
"100327547","208C3918P1","SPLIT NEUT","","FLOR","2","0","0","H87","0"
"100327548","208C3981P104","TIER STRAP B PH 40A 55D","","FLOR","2","0","0","H87","0"
"100327549","208C3981P94","TIER STRAP A/C OUTER 40A 55D","","FLOR","2","0","0","H87","0"
"100327550","208C3981P99","TIER STRAP A/C INNER 40A 55D","","FLOR","6","0","0","H87","0"
"100327551","208C4004P121","TIER STP A/C OUTER 9CL 40A 40D","","FLOR","8","0","0","H87","0"
"100327552","208C4004P122","TIER STP A/C OUTER 9CL 40A 45D","","FLOR","10","0","0","H87","0"
"100327553","208C4004P123","TIER STP A/C OUTER 9CL 40A 50D","","FLOR","6","0","0","H87","0"
"100327554","208C4004P126","TIER STP A/C INNER 9CL 40A 40D","","FLOR","8","0","0","H87","0"
"100327555","208C4004P127","TIER STP A/C INNER 9CL 40A 45D","","FLOR","10","0","0","H87","0"
"100327556","208C4004P128","TIER STP A/C INNER 9CL 40A 50D","","FLOR","6","0","0","H87","0"
"100327557","208C4004P131","TIER STRAP B PH 9CL 40A 40D","","FLOR","8","0","0","H87","0"
"100327558","208C4004P132","TIER STRAP B PH 9CL 40A 45D","","FLOR","10","0","0","H87","0"
"100327559","208C4004P133","TIER STRAP B PH 9CL 40A 50D","","FLOR","6","0","0","H87","0"
"100327560","208C4004P86","TIER STRAP C INNER 6CL 30A 40D","","FLOR","17","0","0","H87","0"
"100327561","208C4062P1","AUX NEUTRAL","","FLOR","1","0","0","H87","0"
"100327562","208C4062P10","HORIZ AUX NEUT","","FLOR","5","0","0","H87","0"
"100327563","208C4062P11","HORIZ AUX NEUT","","FLOR","2","0","0","H87","0"
"100327564","208C4062P13","HORIZ AUX N","","FLOR","3","0","0","H87","0"
"100327565","208C4062P2","AUX NEUTRAL","","FLOR","9","0","0","H87","0"
"100327566","208C4062P22","AUX NEUT","","FLOR","8","0","0","H87","0"
"100327567","208C4062P25","AUX NEUT","","FLOR","1","0","0","H87","0"
"100327568","208C4062P29","AUX NEUTRAL","","FLOR","2","0","0","H87","0"
"100327569","208C4062P30","AUX NEUTRAL","","FLOR","2","0","0","H87","0"
"100327570","208C4062P31","AUX NEUT","","FLOR","4","0","0","H87","0"
"100327571","208C4062P32","AUX NEUT","","FLOR","5","0","0","H87","0"
"100327572","208C4062P33","AUX NEUTRAL","","FLOR","6","0","0","H87","0"
"100327573","208C4062P34","HORIZ AUX N","","FLOR","1","0","0","H87","0"
"100327574","208C4062P35","AUX NEUTRAL","","FLOR","5","0","0","H87","0"
"100327575","208C4062P4","AUX NEUTRAL","","FLOR","1","0","0","H87","0"
"100327576","208C4062P5","AUX NEUTRAL","","FLOR","8","0","0","H87","0"
"100327577","208C4062P9","AUX NEUTRAL","","FLOR","1","0","0","H87","0"
"100327578","208C4063P10","HORIZ AUX NEUT","","FLOR","3","0","0","H87","0"
"100327579","208C4063P11","HORIZ AUX NEUT","","FLOR","3","0","0","H87","0"
"100327580","208C4063P111","SC AUX NEUT NP 50A LH 55D","","FLOR","1","0","0","H87","0"
"100327581","208C4063P112","SC AUX NEUT NP 50A LH 55D","","FLOR","1","0","0","H87","0"
"100327582","208C4063P16","HORIZ AUX NEUT","","FLOR","1","0","0","H87","0"
"100327583","208C4063P17","HORIZ AUX NEUT","","FLOR","1","0","0","H87","0"
"100327584","208C4063P20","HORIZ AUX NEUT","","FLOR","2","0","0","H87","0"
"100327585","208C4063P21","HORIZ AUX NEUT","","FLOR","2","0","0","H87","0"
"100327586","208C4063P22","AUX NEUT","","FLOR","1","0","0","H87","0"
"100327587","208C4063P25","HORIZ AUX NEUT","","FLOR","3","0","0","H87","0"
"100327588","208C4063P26","AUX NEUT","","FLOR","4","0","0","H87","0"
"100327589","208C4063P27","AUX NEUT","","FLOR","7","0","0","H87","0"
"100327590","208C4063P28","AUX NEUT","","FLOR","3","0","0","H87","0"
"100327591","208C4063P30","HORIZ AUX NEUT","","FLOR","1","0","0","H87","0"
"100327592","208C4063P31","AUX NEUTRAL","","FLOR","9","0","0","H87","0"
"100327593","208C4063P32","AUX NEUTRAL","","FLOR","7","0","0","H87","0"
"100327594","208C4063P39","AUX NEUTRAL","","FLOR","1","0","0","H87","0"
"100327595","208C4063P4","HORIZ AUX NEUT","","FLOR","1","0","0","H87","0"
"100327596","208C4063P41","HORIZ AUX NEUT","","FLOR","1","0","0","H87","0"
"100327597","208C4063P42","HORIZ AUX NEUT","","FLOR","1","0","0","H87","0"
"100327598","208C4063P5","AUX NEUTRAL","","FLOR","1","0","0","H87","0"
"100327599","208C4063P6","HORIZ AUX NEUT","","FLOR","2","0","0","H87","0"
"100327600","208C4063P61","SC AUX NEUT SP 60A LH 45D","","FLOR","1","0","0","H87","0"
"100327601","208C4063P62","SC AUX NEUT SP 60A LH 45D","","FLOR","1","0","0","H87","0"
"100327602","208C4063P63","SC AUX NEUT SP 60A LH 45D","","FLOR","1","0","0","H87","0"
"100327603","208C4063P64","SC AUX NEUT SP 60A LH 50D","","FLOR","1","0","0","H87","0"
"100327604","208C4063P65","SC AUX NEUT SP 60A LH 50D","","FLOR","1","0","0","H87","0"
"100327605","208C4063P66","SC AUX NEUT SP 60A LH 50D","","FLOR","1","0","0","H87","0"
"100327606","208C4063P7","HORIZ AUX NEUT","","FLOR","2","0","0","H87","0"
"100327607","208C4063P9","AUX NEUT","","FLOR","1","0","0","H87","0"
"100327608","208C4063P94","SC AUX NEUT SP 60A RH 50D","","FLOR","2","0","0","H87","0"
"100327609","208C4063P95","SC AUX NEUT SP 60A RH 50D","","FLOR","2","0","0","H87","0"
"100327610","208C4063P96","SC AUX NEUT SP 60A RH 50D","","FLOR","2","0","0","H87","0"
"100327611","208C4068P1","FULL WTH NEUT","","FLOR","2","0","0","H87","0"
"100327612","208C4068P13","NEUT BUS","","FLOR","3","0","0","H87","0"
"100327613","208C4068P17","NEUT BUS","","FLOR","7","0","0","H87","0"
"100327614","208C4068P18","FULL WTH NEUT","","FLOR","19","0","0","H87","0"
"100327615","208C4068P19","FULL WTH NEUT","","FLOR","43","0","0","H87","0"
"100327616","208C4068P27","FULL WTH NEUT","","FLOR","2","0","0","H87","0"
"100327617","208C4068P44","FULL WTH NEUT","","FLOR","2","0","0","H87","0"
"100327618","208C4068P45","FULL WTH NEUT","","FLOR","4","0","0","H87","0"
"100327619","208C4068P48","FULL WTH NEUT","","FLOR","22","0","0","H87","0"
"100327620","208C4068P49","FULL WTH NEUT","","FLOR","25","0","0","H87","0"
"100327621","208C4068P50","FULL WTH NEUT","","FLOR","1","0","0","H87","0"
"100327622","208C4068P54","FULL WTH NEUT","","FLOR","4","0","0","H87","0"
"100327623","208C4068P58","FULL WTH NEUT","","FLOR","4","0","0","H87","0"
"100327624","208C4069P10","25W X 5H NEUTRAL BUS","","FLOR","2","0","0","H87","0"
"100327625","208C4069P14","30W X 5H NEUTRAL BUS","","FLOR","3","0","0","H87","0"
"100327626","208C4069P15","FULL WTH NEUT","","FLOR","4","0","0","H87","0"
"100327627","208C4069P16","FULL WTH NEUT","","FLOR","4","0","0","H87","0"
"100327628","208C4069P17","NEUT BAR - 35","","FLOR","2","0","0","H87","0"
"100327629","208C4069P23","FULL WTH NEUT","","FLOR","1","0","0","H87","0"
"100327630","208C4069P24","FULL WTH NEUT","","FLOR","1","0","0","H87","0"
"100327631","208C4069P27","FULL WTH NEUT","","FLOR","2","0","0","H87","0"
"100327632","208C4069P30","FULL WTH NEUT","","FLOR","2","0","0","H87","0"
"100327633","208C4069P31","NEUT BUS","","FLOR","2","0","0","H87","0"
"100327634","208C4069P48","FULL WTH NEUT","","FLOR","2","0","0","H87","0"
"100327635","208C4069P49","FULL WTH NEUT","","FLOR","4","0","0","H87","0"
"100327636","208C4069P50","NEUTRAL BUS","","FLOR","2","0","0","H87","0"
"100327637","208C4069P51","FULL WTH NEUT","","FLOR","8","0","0","H87","0"
"100327638","208C4069P53","NEUTRAL BUS","","FLOR","10","0","0","H87","0"
"100327639","208C4069P63","FULL WTH NEUT CU SP 50A 30W","","FLOR","4","0","0","H87","0"
"100327640","208C4069P65","FULL WTH NEUT CU SP 50A 40W","","FLOR","4","0","0","H87","0"
"100327641","208C4072P13","FULL WTH NEUT","","FLOR","17","0","0","H87","0"
"100327642","208C4072P14","FULL WTH NEUT","","FLOR","2","0","0","H87","0"
"100327643","208C4072P15","FULL WTH NEUT","","FLOR","2","0","0","H87","0"
"100327644","208C4072P16","FULL WTH NEUT","","FLOR","2","0","0","H87","0"
"100327645","208C4072P18","FULL WTH NEUT","","FLOR","1","0","0","H87","0"
"100327646","208C4072P37","NEUTRAL BUS","","FLOR","4","0","0","H87","0"
"100327647","208C4072P45","FULL WTH NEUT","","FLOR","2","0","0","H87","0"
"100327648","208C4082P1","VERT DISC","","FLOR","60","0","0","H87","0"
"100327649","208C4082P2","VERT DISC","","FLOR","20","0","0","H87","0"
"100327650","208C4082P6","SA VERT DISC","","FLOR","31","0","0","H87","0"
"100327651","208C4084P1","VERT DISC","","FLOR","6","0","0","H87","0"
"100327652","208C4084P2","VERT DISC","","FLOR","2","0","0","H87","0"
"100327653","208C4084P7","SC VERT DISC SPLICE 50A","","FLOR","2","0","0","H87","0"
"100327654","208C4086P100","VERT RISER","","FLOR","4","0","0","H87","0"
"100327655","208C4086P106","VERT RISER","","FLOR","1","0","0","H87","0"
"100327656","208C4086P127","VERT RISER","","FLOR","13","0","0","H87","0"
"100327657","208C4086P154","VERT RISER","","FLOR","10","0","0","H87","0"
"100327658","208C4086P160","VERT RISER","","FLOR","1","0","0","H87","0"
"100327659","208C4086P179","VERT RISER","","FLOR","2","0","0","H87","0"
"100327660","208C4086P180","VERT RISER","","FLOR","2","0","0","H87","0"
"100327661","208C4086P181","VERT RISER","","FLOR","4","0","0","H87","0"
"100327662","208C4086P19","VERT RISER","","FLOR","4","0","0","H87","0"
"100327663","208C4086P208","VERT RISER","","FLOR","2","0","0","H87","0"
"100327664","208C4086P216","VERT RISER","","FLOR","2","0","0","H87","0"
"100327665","208C4086P46","VERT RISER","","FLOR","1","0","0","H87","0"
"100327666","208C4086P54","VERT RISER","","FLOR","16","0","0","H87","0"
"100327667","208C4086P73","VERT RISER","","FLOR","6","0","0","H87","0"
"100327668","208C4087P150","VERT RISER","","FLOR","18","0","0","H87","0"
"100327669","208C4087P162","VERT RISER","","FLOR","2","0","0","H87","0"
"100327670","208C4087P44","VERT RISER","","FLOR","8","0","0","H87","0"
"100327671","208C4087P54","VERT RISER","","FLOR","1","0","0","H87","0"
"100327672","208C4088P189","VERT RISER","","FLOR","2","0","0","H87","0"
"100327673","208C4088P252","VERT RISER","","FLOR","5","0","0","H87","0"
"100327674","208C4088P63","VERT RISER","","FLOR","6","0","0","H87","0"
"100327675","208C4088P91","VERT RISER","","FLOR","4","0","0","H87","0"
"100327676","208C4089P63","VERT RISER","","FLOR","2","0","0","H87","0"
"100327677","208C4098P6","SM MTG BKT VERT NEUT","","FLOR","1","0","0","H87","0"
"100327678","208C4101P18","SPLIT NEUT","","FLOR","1","0","0","H87","0"
"100327679","208C4101P7","SPLIT NEUT","","FLOR","1","0","0","H87","0"
"100327680","208C4102P13","SPLIT NEUT","","FLOR","6","0","0","H87","0"
"100327681","208C4102P8","NEUT BUS","","FLOR","2","0","0","H87","0"
"100327682","208C4103P24","SPLIT NEUT","","FLOR","1","0","0","H87","0"
"100327683","208C4103P8","NEUT BUS","","FLOR","3","0","0","H87","0"
"100327684","208C4118P6","PC CONN STRAP A&CPH INNER 6","","FLOR","11","0","0","H87","0"
"100327685","208C4118P7","PC CONN STRAP A&CPH OUTER 6","","FLOR","12","0","0","H87","0"
"100327686","208C4150P10","GND RISER CU 28 CL HAT SHAPE","","FLOR","1","0","0","H87","0"
"100327687","208C4150P22","GND RISER CU 52 CL HAT SHAPE","","FLOR","9","0","0","H87","0"
"100327688","208C4150P22KT","GND RISER","","FLOR","1","0","0","H87","0"
"100327689","208C4150P28","GND RISER CU 64 CL HAT SHAPE","","FLOR","2","0","0","H87","0"
"100327690","208C4150P29","GND RISER CU 66 CL HAT SHAPE","","FLOR","3","0","0","H87","0"
"100327691","208C4150P5","GND RISER CU 18 CL HAT SHAPE","","FLOR","1","0","0","H87","0"
"100327692","208C4150P99","SC GND RISER HAT 64 CL OUTER","","FLOR","1","0","0","H87","0"
"100327693","208C4151P1","GND RISER AL 4 CL FLAT","","FLOR","3","0","0","H87","0"
"100327694","208C4152P13","GND RISER CU 28 CL FLAT","","FLOR","1","0","0","H87","0"
"100327695","208C4153P4","GND","","FLOR","4","0","0","H87","0"
"100327696","208C4153P5","GND","","FLOR","3","0","0","H87","0"
"100327697","208C4156P2","GND","","FLOR","1","0","0","H87","0"
"100327698","208C4156P6","GND","","FLOR","1","0","0","H87","0"
"100327699","208C4177P3","DC SE","","FLOR","227","0","0","H87","0"
"100327700","208C4178P2","DM SF DBL STRAP A&C PH OUTR","","FLOR","197","0","0","H87","0"
"100327701","208C4197P1","27/31W TEY DB 3X FILLER","","FLOR","62","0","0","H87","0"
"100327702","208C4230P2","BM NEUTRAL PLATE 1200A","","FLOR","8","0","0","H87","0"
"100327703","208C4232P5","BM HOOD BRACKET 44W","","FLOR","4","0","0","H87","0"
"100327704","208C4233P3","BM HOOD 36W","","FLOR","1","0","0","H87","0"
"100327705","208C4233P5","BM HOOD 44W","","FLOR","5","0","0","H87","0"
"100327706","208C4239P17","BM DOOR 3R12 44W75H23DM","","FLOR","1","0","0","H87","0"
"100327707","211C6505P1","RH SIDE LV BOX","","FLOR","9","0","0","H87","0"
"100327708","211C6506P1","LH SIDE LV BOX","","FLOR","10","0","0","H87","0"
"100327709","211C6511P1","INSULATOR SUPPORT(TOP)","","FLOR","2","0","0","H87","0"
"100327710","211C6512P1","INSULATOR SUPPORT(BTM)","","FLOR","2","0","0","H87","0"
"100327711","211C6519P1","211C6519P1.PRT","","FLOR","1","0","0","H87","0"
"100327712","211C6527P3T","1200A","","FLOR","2","0","0","H87","0"
"100327713","211C6541P1","DOOR","","FLOR","1","0","0","H87","0"
"100327714","218A7407P1","FIRST MADE FOR PULL BOX","","FLOR","72","0","0","H87","0"
"100327715","236D1001P5SM","@SA MAIN BUS 06A 35W","","FLOR","3","0","0","H87","0"
"100327716","236D1002P8SM","@SA MAIN BUS 08/16A 50W","","FLOR","101","0","0","H87","0"
"100327717","236D1003P4SM","@SA MAIN BUS 10/20/30/40A 30W","","FLOR","223","0","0","H87","0"
"100327718","236D1003P5KT","@SA MAIN BUS 10/20/30/40A 35W","","FLOR","18","0","0","H87","0"
"100327719","236D1003P5SM","@SA MAIN BUS 10/20/30/40A 35W","","FLOR","56","0","0","H87","0"
"100327720","236D1003P6SM","@SA MAIN BUS 10/20/30/40A 40W","","FLOR","67","0","0","H87","0"
"100327721","236D1003P7SM","@SA MAIN BUS 10/20/30/40A 45W","","FLOR","53","0","0","H87","0"
"100327722","236D1003P8SM","@SA MAIN BUS 10/20/30/40A 50W","","FLOR","135","0","0","H87","0"
"100327723","236D1003P9SM","@SA MAIN BUS 10/20/30/40A 55W","","FLOR","26","0","0","H87","0"
"100327724","236D1004P4SM","@SA MAIN BUS 12/25A 30W","","FLOR","7","0","0","H87","0"
"100327725","236D1004P5SM","@SA MAIN BUS 12/25A 35W","","FLOR","65","0","0","H87","0"
"100327726","236D1004P7SM","@SA MAIN BUS 12/25A 45W","","FLOR","23","0","0","H87","0"
"100327727","236D1004P8SM","@SA MAIN BUS 12/25A 50W","","FLOR","3","0","0","H87","0"
"100327728","236D1005P5KT","@SC MAIN BUS 04A 35W","","FLOR","3","0","0","H87","0"
"100327729","236D1006P4KT","@SC MAIN BUS 06A 30W","","FLOR","3","0","0","H87","0"
"100327730","236D1006P5KT","@SC MAIN BUS 06A 35W","","FLOR","9","0","0","H87","0"
"100327731","236D1006P6SM","@SC MAIN BUS 06A 40W","","FLOR","112","0","0","H87","0"
"100327732","236D1007P4SM","@SC MAIN BUS 08/16A 30W","","FLOR","24","0","0","H87","0"
"100327733","236D1007P5SM","@SC MAIN BUS 08/16A 35W","","FLOR","3","0","0","H87","0"
"100327734","236D1007P7KT","@SC MAIN BUS 08/16A 45W","","FLOR","3","0","0","H87","0"
"100327735","236D1008P4KT","MAIN BUS","","FLOR","29","0","0","H87","0"
"100327736","236D1008P6KT","@SC MN BUS 10-60A 40W","","FLOR","141","0","0","H87","0"
"100327737","236D1008P6SM","@SC MN BUS 10-60A 40W","","FLOR","24","0","0","H87","0"
"100327738","236D1008P7KT","@SC MN BUS 10-60A 45W","","FLOR","131","0","0","H87","0"
"100327739","236D1008P8KT","@SC MN BUS 10-60A 50W","","FLOR","95","0","0","H87","0"
"100327740","236D1008P9KT","@SC MN BUS 10-60A 55W","","FLOR","20","0","0","H87","0"
"100327741","236D1009P2KT","@SC MAIN BUS 12/25A 20W","","FLOR","48","0","0","H87","0"
"100327742","236D1009P4KT","@SC MAIN BUS 12/25A 30W","","FLOR","253","0","0","H87","0"
"100327743","236D1009P4SM","@SC MAIN BUS 12/25A 30W","","FLOR","18","0","0","H87","0"
"100327744","236D1009P5KT","@SC MAIN BUS 12/25A 35W","","FLOR","38","0","0","H87","0"
"100327745","236D1009P6SM","@SC MAIN BUS 12/25A 40W","","FLOR","44","0","0","H87","0"
"100327746","236D1009P7KT","2500A HORIZONTAL BUS","","FLOR","32","0","0","H87","0"
"100327747","236D1009P7SM","@SC MAIN BUS BAR 12A","","FLOR","12","0","0","H87","0"
"100327748","236D1101P4SM","@SA NEUT BUS 06A 30W","","FLOR","8","0","0","H87","0"
"100327749","236D1101P6SM","@SA NEUT BUS 06A 40W","","FLOR","7","0","0","H87","0"
"100327750","236D1102P5SM","@SA NEUT BUS 08/16A 35W","","FLOR","8","0","0","H87","0"
"100327751","236D1102P6SM","@SA NEUT BUS 08/16A 40W","","FLOR","37","0","0","H87","0"
"100327752","236D1102P8SM","@SA NEUT BUS 08/16A 40W","","FLOR","6","0","0","H87","0"
"100327753","236D1103P14SM","@SA NEUT BUS 30A 30W","","FLOR","47","0","0","H87","0"
"100327754","236D1103P15SM","@SA NEUT BUS 30A 35W","","FLOR","3","0","0","H87","0"
"100327755","236D1103P16SM","@SA NEUT BUS 30A 45W","","FLOR","2","0","0","H87","0"
"100327756","236D1103P17SM","@SA NEUT BUS 30A 45W","","FLOR","5","0","0","H87","0"
"100327757","236D1103P18SM","@SA NEUT BUS 30A 50W","","FLOR","1","0","0","H87","0"
"100327758","236D1103P4SM","@SA NEUT BUS 10/20A 30W","","FLOR","14","0","0","H87","0"
"100327759","236D1103P5SM","@SA NEUT BUS 10/20A 35W","","FLOR","10","0","0","H87","0"
"100327760","236D1103P6SM","@SA NEUT BUS 10/20A 40W","","FLOR","22","0","0","H87","0"
"100327761","236D1103P8SM","@SA NEUT BUS 10/20A 50W","","FLOR","8","0","0","H87","0"
"100327762","236D1104P4SM","@SA NEUT BUS 12/25A 30W","","FLOR","14","0","0","H87","0"
"100327763","236D1104P6SM","@SA NEUT BUS 12/25A 40W","","FLOR","31","0","0","H87","0"
"100327764","236D1104P7SM","@SA NEUT BUS 12/25A 45W","","FLOR","6","0","0","H87","0"
"100327765","236D1104P8SM","@SA NEUT BUS 12/25A 50W","","FLOR","8","0","0","H87","0"
"100327766","236D1105P4SM","@SA NEUT BUS 40A 30W","","FLOR","4","0","0","H87","0"
"100327767","236D1105P6SM","@SA NEUT BUS 40A 40W","","FLOR","76","0","0","H87","0"
"100327768","236D1105P8SM","@SA NEUT BUS 40A 50W","","FLOR","18","0","0","H87","0"
"100327769","236D1105P9SM","@SA NEUT BUS 40A 55W","","FLOR","2","0","0","H87","0"
"100327770","236D1108P4KT","@SC NEUT BUS 08/16A 30W","","FLOR","43","0","0","H87","0"
"100327771","236D1108P7KT","@SC NEUT BUS 08/16A 45W","","FLOR","4","0","0","H87","0"
"100327772","236D1108P7SM","@SC NEUT BUS 08/16A 45W","","FLOR","4","0","0","H87","0"
"100327773","236D1108P8KT","@SC NEUT BUS 08/16A 40W","","FLOR","6","0","0","H87","0"
"100327774","236D1109P14KT","@SC NEUT BUS 30A 30W","","FLOR","1","0","0","H87","0"
"100327775","236D1109P15KT","@SC NEUT BUS 30A 35W","","FLOR","62","0","0","H87","0"
"100327776","236D1109P16KT","@SC NEUT BUS 30A 40W","","FLOR","7","0","0","H87","0"
"100327777","236D1109P17KT","@SC NEUT BUS 30A 45W","","FLOR","1","0","0","H87","0"
"100327778","236D1109P18KT","@SC NEUT BUS 30A 50W","","FLOR","9","0","0","H87","0"
"100327779","236D1109P4KT","@SC NEUT BUS 10/20A 30W","","FLOR","27","0","0","H87","0"
"100327780","236D1109P5KT","@SC NEUT BUS 10/20A 35W","","FLOR","9","0","0","H87","0"
"100327781","236D1109P6KT","@SC NEUT BUS 10/20A 40W","","FLOR","31","0","0","H87","0"
"100327782","236D1109P8KT","@SC NEUT BUS 10/20A 50W","","FLOR","3","0","0","H87","0"
"100327783","236D1109P9SM","@SC NEUT BUS 10/20A 55W","","FLOR","9","0","0","H87","0"
"100327784","236D1110P4KT","@SC NEUT BUS 12/25A 30W","","FLOR","13","0","0","H87","0"
"100327785","236D1110P5KT","@SC NEUT BUS 12/25A 35W","","FLOR","9","0","0","H87","0"
"100327786","236D1110P6KT","@SC NEUT BUS 12/25A 40W","","FLOR","5","0","0","H87","0"
"100327787","236D1110P7KT","@SC NEUT BUS 12/25A 45W","","FLOR","11","0","0","H87","0"
"100327788","236D1110P8KT","@SC NEUT BUS 12/25A 50W","","FLOR","7","0","0","H87","0"
"100327789","236D1111P10KT","@SC NEUT BUS 40A 60W","","FLOR","14","0","0","H87","0"
"100327790","236D1111P4KT","@SC NEUT BUS 40A 30W","","FLOR","14","0","0","H87","0"
"100327791","236D1111P6SM","@SC NEUT BUS 40A 40W","","FLOR","1","0","0","H87","0"
"100327792","236D1111P8KT","@SC NEUT BUS 40A 50W","","FLOR","2","0","0","H87","0"
"100327793","236D1111P9KT","@SC NEUT BUS 40A 55W","","FLOR","1","0","0","H87","0"
"100327794","236D1112P4SM","@SC NEUT BUS 50/60A 30W","","FLOR","1","0","0","H87","0"
"100327795","236D1112P8KT","@SC NEUT BUS 50/60A 50W","","FLOR","2","0","0","H87","0"
"100327796","236D1591P02SM","@SC VERTICAL GND .250 X 2 3W","","FLOR","1","0","0","H87","0"
"100327797","236D1591P05KT","@SC VERTICAL GND .250 X 3 3W","","FLOR","1","0","0","H87","0"
"100327798","236D1591P07SM","@SC VERTICAL GND .250 X 3 4W","","FLOR","1","0","0","H87","0"
"100327799","236D1591P08KT","@SC VERTICAL GND .250 X 3 4W","","FLOR","1","0","0","H87","0"
"100327800","236D1591P101","236D1591P101","","FLOR","2","0","0","H87","0"
"100327801","236D1591P102","236d1591P102","","FLOR","2","0","0","H87","0"
"100327802","236D1601P0002","@SI FH BAR; 25D SEC; RR RAIL MTG","","FLOR","1","0","0","H87","0"
"100327803","236D1601P0003","@SI FH BAR; 30D SEC; RR RAIL MTG","","FLOR","2","0","0","H87","0"
"100327804","236D1601P0009","@SI FH BAR; 30D SEC; RR RAIL MTG +5","","FLOR","1","0","0","H87","0"
"100327805","236D1601P0010","@SI FH BAR; 35D SEC; RR RAIL MTG +5","","FLOR","1","0","0","H87","0"
"100327806","236D1601P0011","@SI FH BAR; 40D SEC; RR RAIL MTG +5","","FLOR","1","0","0","H87","0"
"100327807","236D1601P0052","@SI FH BAR; 35D SEC; RR RAIL MTG +5","","FLOR","1","0","0","H87","0"
"100327808","236D1601P0124","@SI FH BAR; 40D SEC; RR RAIL MTG","","FLOR","2","0","0","H87","0"
"100327809","236D1601P0130","@SI FH BAR; 40D SEC; RR RAIL MTG +5","","FLOR","2","0","0","H87","0"
"100327810","236D1602P0005","FH BARRIER","","FLOR","2","0","0","H87","0"
"100327811","236D1602P0016","SI FH BAR; 40D SEC; RR RAIL MTG +10","","FLOR","1","0","0","H87","0"
"100327812","236D1602P0020","@SI FH BAR; 40D SEC; RR RAIL MTG +15","","FLOR","1","0","0","H87","0"
"100327813","236D1602P0031","@SI FH BAR; 30D SEC; RR RAIL MTG","","FLOR","3","0","0","H87","0"
"100327814","236D1602P0040","@SI FH BAR; 45D SEC; RR RAIL MTG +5","","FLOR","1","0","0","H87","0"
"100327815","236D1602P0059","@SI FH BAR; 30D SEC; RR RAIL MTG","","FLOR","1","0","0","H87","0"
"100327816","236D1602P0069","FHB RT_TOP NTRL - BTM GND 20","","FLOR","1","0","0","H87","0"
"100327817","236D1602P0072","@SI FH BAR; 40D SEC; RR RAIL MTG +10","","FLOR","2","0","0","H87","0"
"100327818","236D1602P0088","@SI FH BAR; 35D SEC; RR RAIL MTG","","FLOR","1","0","0","H87","0"
"100327819","236D1602P0091","50D FH BARRIER","","FLOR","2","0","0","H87","0"
"100327820","236D1602P0095","@SI FH BAR; 40D SEC; RR RAIL MTG +5","","FLOR","1","0","0","H87","0"
"100327821","236D1602P0096","@SI FH BAR; 45D SEC; RR RAIL MTG +5","","FLOR","1","0","0","H87","0"
"100327822","236D1602P0097","@SI FH BAR; 50_55_60D SEC; RR RAIL MTG +","","FLOR","1","0","0","H87","0"
"100327823","236D1602P0103","236d1602p0103","","FLOR","1","0","0","H87","0"
"100327824","236D1602P0118","FH BARRIER","","FLOR","87","0","0","H87","0"
"100327825","236D1602P0145","@SI FH BAR; 40D SEC; RR RAIL MTG","","FLOR","4","0","0","H87","0"
"100327826","236D1602P0151","@SI FH BAR; 40D SEC; RR RAIL MTG +5","","FLOR","6","0","0","H87","0"
"100327827","236D1603P0024","FH BAR; 30D SEC; RR RAIL MTG","","FLOR","2","0","0","H87","0"
"100327828","236D1603P0038","SI FH BAR","","FLOR","2","0","0","H87","0"
"100327829","236D1604P0007","@SI FH BAR; 45D SEC; RR RAIL MTG","","FLOR","1","0","0","H87","0"
"100327830","236D1604P0051","@SI FH BAR; 25D SEC; RR RAIL MTG","","FLOR","1","0","0","H87","0"
"100327831","236D1609P02","BARRIER EXT","","FLOR","6","0","0","H87","0"
"100327832","236D1741P023SM","236D1741P023.PRT","","FLOR","4","0","0","H87","0"
"100327833","236D1930P550KT","@SC NEUTRAL VERT BAR BUSWAY 40A","","FLOR","2","0","0","H87","0"
"100327834","236D1932P001SM","NEUT RISER","","FLOR","8","0","0","H87","0"
"100327835","236D1932P002SM","NEUT RISER","","FLOR","7","0","0","H87","0"
"100327836","236D1976P008SM","@SC NEUT DISCONNECT BW 30A","","FLOR","2","0","0","H87","0"
"100327837","236D1976P009SM","@SC NEUT DISCONNECT BW 30A","","FLOR","1","0","0","H87","0"
"100327838","236D1976P010SM","@SC NEUT DISCONNECT BW 30A","","FLOR","2","0","0","H87","0"
"100327839","236D1990P003","@SM SHIPPING PLATE BUSWAY","","FLOR","2","0","0","H87","0"
"100327840","236D1990P013","236D1990P013","","FLOR","2","0","0","H87","0"
"100327841","236D1990P015","236D1990P015","","FLOR","4","0","0","H87","0"
"100327842","236D1990P016","236D1990P016","","FLOR","2","0","0","H87","0"
"100327843","236D1990P019","236d1990p019","","FLOR","5","0","0","H87","0"
"100327844","236D1990P021","236d1990p021","","FLOR","6","0","0","H87","0"
"100327845","236D2017P030KT","@SC NEUT BUS 04A BW","","FLOR","1","0","0","H87","0"
"100327846","236D2017P045KT","@SC NEUT BUS 04A BW","","FLOR","2","0","0","H87","0"
"100327847","249A4300GHP1","@SI FH BAR; 45D SEC; RR RAIL MTG","","FLOR","1","0","0","H87","0"
"100327848","249A4300PHP1","HORIZONTAL MOUNTING PLATE 30W","","FLOR","2","0","0","H87","0"
"100327849","249A4300PJP1","HORIZONTAL MOUNTING PLATE 40W","","FLOR","3","0","0","H87","0"
"100327850","249A4300PLP1","HORIZONTAL MOUNTING PLATE 50W","","FLOR","2","0","0","H87","0"
"100327851","249A4300PMP1","SM TERMINAL BD BRACKET 30W","","FLOR","3","0","0","H87","0"
"100327852","252B1446P1","BM BRACKET WELD","","FLOR","72","0","0","H87","0"
"100327853","252B1510P1","PM CT MTGSUP","","FLOR","8","0","0","EA","0"
"100327854","252B1511P4","PI CTSUP MNDEV 50W","","FLOR","2","0","0","H87","0"
"100327855","252B1526P1","BM BRACKET SUPP","","FLOR","41","0","0","H87","0"
"100327856","252B1620P1","SM LGSTRP SUP","","FLOR","50","0","0","H87","0"
"100327857","252B1658P1","RM GROUND BRKT 3R/12","","FLOR","4","0","0","H87","0"
"100327858","252B2056P8","%MM SPACER PLT TEDL DB","","FLOR","1","0","0","H87","0"
"100327859","252B2205P1","PA CONN STRAP 04-20A","","FLOR","36","0","0","H87","0"
"100327860","252B2832P1","MOUNTING SUPPORT HORZ.08A 25W","","FLOR","2","0","0","H87","0"
"100327861","252B2832P2","SUPPORT","","FLOR","62","0","0","H87","0"
"100327862","252B3261P2","BRACKET","","FLOR","2","0","0","H87","0"
"100327863","252B3573P3","DM BRKT MTG TEDL W/TED DB 3X","","FLOR","2","0","0","H87","0"
"100327864","252B3591P13","BM RB 23DM","","FLOR","2","0","0","H87","0"
"100327865","252B3591P14","BM RB 23DM","","FLOR","2","0","0","H87","0"
"100327866","252B3591P19","BM RB 3R12 36","","FLOR","1","0","0","H87","0"
"100327867","252B3591P20","BM RB 3R12 36","","FLOR","1","0","0","H87","0"
"100327868","252B3592P3","BM HORIZ. RB","","FLOR","4","0","0","H87","0"
"100327869","252B3593P3","BM HORIZ. RB","","FLOR","4","0","0","H87","0"
"100327870","252B3639P1","1200A MAIN LUG BUS MOUNT","","FLOR","17","0","0","H87","0"
"100327871","252B3657P2","DC SPACER","","FLOR","11","0","0","H87","0"
"100327872","255C1110P10SM","@SC SPLICE STRAIGHT 12A","","FLOR","18","0","0","H87","0"
"100327873","255C1110P16","@SM SPLICE LOCATOR","","FLOR","99","0","0","H87","0"
"100327874","255C1110P21","@SA SPACER 0.25","","FLOR","4","0","0","H87","0"
"100327875","255C1110P2SM","@SA SPLICE STRAIGHT 06A","","FLOR","9","0","0","H87","0"
"100327876","255C1110P4KT","@SA SPLICE STRAIGHT 10A","","FLOR","64","0","0","H87","0"
"100327877","255C1110P8SM","@SC SPLICE STRAIGHT 08A","","FLOR","6","0","0","H87","0"
"100327878","255C1110P9SM","@SC SPLICE STRAIGHT 10A","","FLOR","20","0","0","H87","0"
"100327879","255C1111P001SM","@SA SPLICE OFFSET 06A","","FLOR","3","0","0","H87","0"
"100327880","255C1111P003SM","@SA SPLICE OFFSET 16A","","FLOR","3","0","0","H87","0"
"100327881","255C1111P004SM","@SA SPLICE OFFSET 16A","","FLOR","4","0","0","H87","0"
"100327882","255C1111P006SM","@SA SPLICE OFFSET 20A","","FLOR","65","0","0","H87","0"
"100327883","255C1111P007SM","@SA SPLICE OFFSET 20A","","FLOR","44","0","0","H87","0"
"100327884","255C1111P008SM","@SA SPLICE OFFSET 30A","","FLOR","34","0","0","H87","0"
"100327885","255C1111P009SM","@SA SPLICE OFFSET 30A","","FLOR","14","0","0","H87","0"
"100327886","255C1111P010SM","@SA SPLICE OFFSET 30A","","FLOR","4","0","0","H87","0"
"100327887","255C1111P011SM","@SA SPLICE OFFSET 40A","","FLOR","22","0","0","H87","0"
"100327888","255C1111P012SM","@SA SPLICE OFFSET 40A","","FLOR","14","0","0","H87","0"
"100327889","255C1111P013SM","@SA SPLICE OFFSET 40A","","FLOR","22","0","0","H87","0"
"100327890","255C1111P014SM","@SA SPLICE OFFSET 40A","","FLOR","18","0","0","H87","0"
"100327891","255C1111P042SM","@SA SPLICE OFFSET 16A","","FLOR","8","0","0","H87","0"
"100327892","255C1111P043SM","@SA SPLICE OFFSET 16A","","FLOR","6","0","0","H87","0"
"100327893","255C1111P050SM","@SA SPLICE OFFSET 16A","","FLOR","8","0","0","H87","0"
"100327894","255C1111P051SM","@SA SPLICE OFFSET 16A","","FLOR","6","0","0","H87","0"
"100327895","255C1111P058SM","@SA SPLICE OFFSET 10A","","FLOR","8","0","0","H87","0"
"100327898","255C1111P090SM","@SA SPLICE OFFSET 30A","","FLOR","1","0","0","H87","0"
"100327899","255C1111P091SM","@SA SPLICE OFFSET 30A","","FLOR","25","0","0","H87","0"
"100327900","255C1111P099SM","@SA SPLICE OFFSET 40A","","FLOR","4","0","0","H87","0"
"100327903","255C1111P115SM","@SA SPLICE OFFSET 12A","","FLOR","60","0","0","H87","0"
"100327904","255C1111P162KT","@SC SPLICE OFFSET 08A","","FLOR","3","0","0","H87","0"
"100327905","255C1111P162SM","@SC SPLICE OFFSET 08A","","FLOR","18","0","0","H87","0"
"100327906","255C1111P163KT","@SC SPLICE OFFSET 16A","","FLOR","6","0","0","H87","0"
"100327907","255C1111P166KT","@SC SPLICE OFFSET 20A","","FLOR","9","0","0","H87","0"
"100327908","255C1111P167KT","@SC SPLICE OFFSET 20A","","FLOR","9","0","0","H87","0"
"100327909","255C1111P168KT","@SC SPLICE OFFSET 30A","","FLOR","2","0","0","H87","0"
"100327910","255C1111P169KT","@SC SPLICE OFFSET 30A","","FLOR","1","0","0","H87","0"
"100327911","255C1111P170KT","@SC SPLICE OFFSET 30A","","FLOR","3","0","0","H87","0"
"100327912","255C1111P175KT","@SC SPLICE OFFSET 12A","","FLOR","9","0","0","H87","0"
"100327913","255C1111P176KT","@SC SPLICE OFFSET 25A","","FLOR","6","0","0","H87","0"
"100327914","255C1111P177KT","@SC SPLICE OFFSET 25A","","FLOR","6","0","0","H87","0"
"100327915","255C1111P194SM","@SC SPLICE OFFSET 08A","","FLOR","9","0","0","H87","0"
"100327916","255C1111P195SM","@SC SPLICE OFFSET 08A","","FLOR","9","0","0","H87","0"
"100327917","255C1111P203KT","@SC SPLICE OFFSET 16A","","FLOR","12","0","0","H87","0"
"100327918","255C1111P211KT","@SC SPLICE OFFSET 16A","","FLOR","3","0","0","H87","0"
"100327919","255C1111P218KT","@SC SPLICE OFFSET 10A","","FLOR","3","0","0","H87","0"
"100327920","255C1111P219KT","@SC SPLICE OFFSET 10A, 20A, 30","","FLOR","5","0","0","H87","0"
"100327921","255C1111P226KT","@SC SPLICE OFFSET 40A","","FLOR","3","0","0","H87","0"
"100327922","255C1111P229KT","@SC SPLICE OFFSET 40A","","FLOR","6","0","0","H87","0"
"100327923","255C1111P234KT","@SC SPLICE OFFSET 20A","","FLOR","2","0","0","H87","0"
"100327924","255C1111P235KT","@SC SPLICE OFFSET 20A, 30A","","FLOR","2","0","0","H87","0"
"100327925","255C1111P243KT","@SC SPLICE OFFSET 40A","","FLOR","1","0","0","H87","0"
"100327926","255C1111P245KT","@SC SPLICE OFFSET 40A","","FLOR","6","0","0","H87","0"
"100327927","255C1111P261KT","@SC SPLICE OFFSET 40A","","FLOR","6","0","0","H87","0"
"100327928","255C1111P266KT","@SC SPLICE OFFSET 40A","","FLOR","6","0","0","H87","0"
"100327929","255C1111P269KT","@SC SPLICE OFFSET 40A","","FLOR","6","0","0","H87","0"
"100327930","255C1111P274KT","@SC SPLICE OFFSET 12A","","FLOR","7","0","0","H87","0"
"100327931","255C1111P276KT","@SC SPLICE OFFSET 12A","","FLOR","6","0","0","H87","0"
"100327932","255C1111P282KT","@SC SPLICE OFFSET 25A","","FLOR","3","0","0","H87","0"
"100327933","255C1111P284KT","@SC SPLICE OFFSET 25A","","FLOR","6","0","0","H87","0"
"100327934","255C1260P2","@SM MAIN BUS SUPPORT 05A","","FLOR","34","0","0","H87","0"
"100327935","255C1261P2","@SM MAIN BUS BRACKET 05A","","FLOR","112","0","0","H87","0"
"100327936","255C1263P1","@SM MAIN BUS STIFFNER BRACKET","","FLOR","266","0","0","H87","0"
"100327937","255C1265P1","@SM ANTI-TURN BKT MAIN BUS","","FLOR","30","0","0","H87","0"
"100323888","255C1269P1","@SM NEUTRAL BUS BRACKET","","FLOR","0","0","0","H87","0"
"100327938","255C1269P21","255c1269p21.prt","","FLOR","10","0","0","H87","0"
"100327939","255C1269P3","@SM NEUTRAL BUS BRACKET","","FLOR","23","0","0","H87","0"
"100327940","255C1269P9","@SM NEUTRAL BUS BRACKET","","FLOR","2","0","0","H87","0"
"100327941","255C1325P1","@SI OFFSET SPLICE BRACE.","","FLOR","4","0","0","H87","0"
"100327942","255C1371P15","255C1371P15.PRT","","FLOR","1","0","0","H87","0"
"100327943","255C1371P24","255C1371P24.PRT","","FLOR","3","0","0","H87","0"
"100327944","255C1371P36","255C1371P36.PRT","","FLOR","2","0","0","H87","0"
"100327945","255C1371P45","255C1371P45.PRT","","FLOR","1","0","0","H87","0"
"100327946","255C141110P183","@SM COVER BLANK 25W 20H","","FLOR","1","0","0","H87","0"
"100327947","255C141110P223","@SM COVER BLANK 25W 24H","","FLOR","1","0","0","H87","0"
"100327948","255C141110P253","@SM COVER BLANK 25W 27H","","FLOR","1","0","0","H87","0"
"100327949","255C141110P263","@SM COVER BLANK 25W 28H","","FLOR","4","0","0","H87","0"
"100327950","255C141110P265","@SM COVER BLANK 35W 28H","","FLOR","2","0","0","H87","0"
"100327951","255C141110P303","@SM COVER BLANK 25W 32H","","FLOR","1","0","0","H87","0"
"100327952","255C141110P305","@SM COVER BLANK 35W 32H","","FLOR","2","0","0","H87","0"
"100327953","255C141110P3203","@SM COVER DOUBLE VENT 25W D 28","","FLOR","2","0","0","H87","0"
"100327954","255C141116P656","@SM COVER VENT ONE END 40W 12H","","FLOR","29","0","0","H87","0"
"100327955","255C141117P3206","@SM COVER DOUBLE VENT 40W D 28","","FLOR","42","0","0","H87","0"
"100327956","255C141118P104","@SM COVER BLANK 30W 12H","","FLOR","145","0","0","H87","0"
"100327957","255C141118P105","@SM COVER BLANK 35W 12H","","FLOR","2","0","0","H87","0"
"100327958","255C141118P106","@SM COVER BLANK 40W 12H","","FLOR","4","0","0","H87","0"
"100327959","255C141118P124","@SM COVER BLANK 30W 14H","","FLOR","1","0","0","H87","0"
"100327960","255C141118P126","@SM COVER BLANK 40W 14H","","FLOR","34","0","0","H87","0"
"100327961","255C141118P127","@SM COVER BLANK 45W 14H","","FLOR","7","0","0","H87","0"
"100327962","255C141118P128","@SM COVER BLANK 50W 14H","","FLOR","7","0","0","H87","0"
"100327963","255C141118P144","@SM COVER BLANK 30W 16H","","FLOR","11","0","0","H87","0"
"100327964","255C141118P184","@SM COVER BLANK 30W 20H","","FLOR","55","0","0","H87","0"
"100327965","255C141118P186","@SM COVER BLANK 40W 20H","","FLOR","2","0","0","H87","0"
"100327966","255C141118P224","@SM COVER BLANK 30W 24H","","FLOR","2","0","0","H87","0"
"100327967","255C141118P24","@SM COVER BLANK 30W 4H","","FLOR","3","0","0","H87","0"
"100327968","255C141118P266","@SM COVER BLANK 40W 28H","","FLOR","7","0","0","H87","0"
"100327969","255C141118P268","@SM COVER BLANK 50W 28H","","FLOR","14","0","0","H87","0"
"100327970","255C141118P270","@SM COVER BLANK 60W 28H","","FLOR","2","0","0","H87","0"
"100327971","255C141118P301","@SM COVER BLANK 15W 32H","","FLOR","4","0","0","H87","0"
"100327972","255C141118P304","@SM COVER BLANK 30W 32H","","FLOR","55","0","0","H87","0"
"100327973","255C141118P306","@SM COVER BLANK 40W 32H","","FLOR","7","0","0","H87","0"
"100327974","255C141118P308","@SM COVER BLANK 50W 32H","","FLOR","17","0","0","H87","0"
"100327975","255C141118P310","@SM COVER BLANK 60W 32H","","FLOR","1","0","0","H87","0"
"100327976","255C141118P3201","@SM COVER DOUBLE VENT 15W D 28","","FLOR","3","0","0","H87","0"
"100327977","255C141118P3204","@SM COVER DOUBLE VENT 30W D 28","","FLOR","91","0","0","H87","0"
"100327978","255C141118P3206","@SM COVER DOUBLE VENT 40W D 28","","FLOR","17","0","0","H87","0"
"100327979","255C141118P3208","@SM COVER DOUBLE VENT 50W D 28","","FLOR","38","0","0","H87","0"
"100327980","255C141118P44","@SM COVER BLANK 30W 6H","","FLOR","2","0","0","H87","0"
"100327981","255C141118P458","@SM COVER BLANK 50W 47H","","FLOR","1","0","0","H87","0"
"100327982","255C141118P46","@SM COVER BLANK 40W 6H","","FLOR","34","0","0","H87","0"
"100327983","255C141118P47","@SM COVER BLANK 45W 6H","","FLOR","7","0","0","H87","0"
"100327984","255C141118P48","@SM COVER BLANK 50W 6H","","FLOR","7","0","0","H87","0"
"100327985","255C141118P64","@SM COVER BLANK 30W 8H","","FLOR","47","0","0","H87","0"
"100327986","255C141118P66","@SM COVER BLANK 40W 8H","","FLOR","9","0","0","H87","0"
"100327987","255C1510P004KT","ESC SPL EVO-SPC 16A 10 OFF","","FLOR","3","0","0","H87","0"
"100327988","255C1510P005KT","ESC SPL EVO-SPC 16A 10 OFF","","FLOR","3","0","0","H87","0"
"100327989","255C1510P008KT","ESC SPL EVO-SPC 25A 10 OFF","","FLOR","27","0","0","H87","0"
"100327990","255C1510P009KT","ESC SPL EVO-SPC 25A 10 OFF","","FLOR","27","0","0","H87","0"
"100327991","255C1510P014KT","@SC SPL EVO-SPC 40A 10 OFF","","FLOR","1","0","0","H87","0"
"100327992","255C1510P015KT","@SC SPL EVO-SPC 40A 10 OFF","","FLOR","1","0","0","H87","0"
"100327993","255C1510P016KT","@SC SPL EVO-SPC 40A 10 OFF","","FLOR","1","0","0","H87","0"
"100327994","255C1510P018KT","@SC SPL EVO-SPC 50A 10 OFF","","FLOR","2","0","0","H87","0"
"100327995","255C1510P020KT","@SC SPL EVO-SPC 50A 10 OFF","","FLOR","2","0","0","H87","0"
"100327996","255C1510P105KT","255C1510P105.PRT","","FLOR","3","0","0","H87","0"
"100327997","255C1510P106KT","255C1510P106.PRT","","FLOR","17","0","0","H87","0"
"100327998","255C1510P107KT","255C1510P107.PRT","","FLOR","17","0","0","H87","0"
"100327999","255C1510P108KT","255C1510P108.PRT","","FLOR","27","0","0","H87","0"
"100328000","255C1510P109KT","255C1510P109.PRT","","FLOR","27","0","0","H87","0"
"100328001","255C1510P114KT","@SC SPL EVO-SPC 40A 05 OFF","","FLOR","9","0","0","H87","0"
"100328002","255C1510P203KT","@SC MAIN BUS SPLICE","","FLOR","2","0","0","H87","0"
"100328003","255C1512P006KT","@SC NEUTRAL SECTION SPLICE","","FLOR","13","0","0","H87","0"
"100328004","255C1512P105KT","@SC NEUTRAL SECTION SPLICE","","FLOR","11","0","0","H87","0"
"100328005","255C1512P106KT","@SC NEUTRAL SECTION SPLICE","","FLOR","12","0","0","H87","0"
"100328006","255C1512P107KT","@SC NEUTRAL SECTION SPLICE","","FLOR","12","0","0","H87","0"
"100328007","255C1513P004KT","NEUT RISER","","FLOR","28","0","0","H87","0"
"100328008","255C1513P006KT","@SC NEUTRAL RISER","","FLOR","21","0","0","H87","0"
"100328009","255C1514P004KT","NEUT DISC","","FLOR","18","0","0","H87","0"
"100328010","255C1515P005KT","NEUT STRAP","","FLOR","9","0","0","H87","0"
"100328011","255C1515P006KT","NEUT STRAP","","FLOR","9","0","0","H87","0"
"100328012","255C1515P007KT","@SC NEUTRAL RISER","","FLOR","1","0","0","H87","0"
"100328013","255C1515P008KT","@SC NEUTRAL RISER","","FLOR","1","0","0","H87","0"
"100328014","255C1515P009KT","@SC NEUTRAL RISER","","FLOR","12","0","0","H87","0"
"100328015","255C1515P010KT","@SC NEUTRAL RISER","","FLOR","11","0","0","H87","0"
"100328016","255C1515P011KT","@SC NEUTRAL RISER","","FLOR","12","0","0","H87","0"
"100328017","255C1516P005","255c1516p005.prt","","FLOR","5","0","0","H87","0"
"100328018","255C1516P018","255c1516p018.prt","","FLOR","2","0","0","H87","0"
"100328019","255C1516P118","255c1516p118.prt","","FLOR","2","0","0","H87","0"
"100328020","255C1517P002KT","@SC BONDING JUMPER LINK","","FLOR","9","0","0","H87","0"
"100328021","255C1517P003","255c1517p003.prt","","FLOR","2","0","0","H87","0"
"100328022","255C1517P003KT","@SC BONDING JUMPER LINK","","FLOR","3","0","0","H87","0"
"100328023","255C1517P106KT","@SC BOND JUMPER CONNECTOR 2500-3000A 3P","","FLOR","9","0","0","H87","0"
"100328024","255C1517P107KT","@SC BOND JUMPER CONNECTOR 2500-3000A 3P","","FLOR","9","0","0","H87","0"
"100328025","255C1517P108KT","@SC BOND JUMPER CONNECTOR 4000A 3P NEUTR","","FLOR","3","0","0","H87","0"
"100328026","255C1517P109","255c1517p109.prt","","FLOR","4","0","0","H87","0"
"100328027","255C1517P109KT","@SC BOND JUMPER CONNECTOR 4000A 3P GROUN","","FLOR","3","0","0","H87","0"
"100328028","255C1517P116","255c1517p116.prt","","FLOR","4","0","0","H87","0"
"100328029","255C1527P005","255c1527p005.prt","","FLOR","1","0","0","H87","0"
"100328030","255C1528P007KT","@SC GROUND SPLICE 0.250","","FLOR","14","0","0","H87","0"
"100328031","255C1528P008KT","@SC GROUND SPLICE 0.250","","FLOR","18","0","0","H87","0"
"100328032","255C1529P044","255c1529p044.prt","","FLOR","1","0","0","H87","0"
"100328033","255C1529P083","255c1529p083.prt","","FLOR","9","0","0","H87","0"
"100328034","255C1529P085","SI EVO-DRY XFMR FH BARRIER","","FLOR","1","0","0","H87","0"
"100328035","255C1529P305","@SI EVO-DRY XFMR FHB FILLER","","FLOR","1","0","0","H87","0"
"100328036","255C1529P405","@SI EVO-DRY XFMR FHB FILLER","","FLOR","1","0","0","H87","0"
"100328037","255C1634P350SM","SA MB ADAPTER AL 25A LH","","FLOR","6","0","0","H87","0"
"100328038","255C1634P351SM","SA MB ADAPTER AL 25A RH","","FLOR","6","0","0","H87","0"
"100328039","255C1645P350SM","SA MB ADAPTER BW 30A AL WITH VB 25A AL L","","FLOR","1","0","0","H87","0"
"100328040","255C1645P351SM","SA MB ADAPTER BW 30A AL WITH VB 25A AL R","","FLOR","1","0","0","H87","0"
"100328041","255C1646P350SM","SA MB ADAPTER CU 30A LH","","FLOR","6","0","0","H87","0"
"100328042","255C1646P351KT","SA MB ADAPTER CU 30A RH","","FLOR","9","0","0","H87","0"
"100328043","255C1646P351SM","SA MB ADAPTER CU 30A RH","","FLOR","6","0","0","H87","0"
"100328044","255C1654P070KT","ESA ADAPT MB PHA","","FLOR","13","0","0","H87","0"
"100328045","255C1656P181","255C1656P181","","FLOR","2","0","0","H87","0"
"100328046","255C1656P188","255C1656P188","","FLOR","2","0","0","H87","0"
"100328047","255C1656P194","255C1656P194","","FLOR","6","0","0","H87","0"
"100328048","255C1656P195","255C1656P195","","FLOR","2","0","0","H87","0"
"100328049","255C1656P196","@SI CHANNEL BRACE 4PH 150-200KIC","","FLOR","3","0","0","H87","0"
"100328050","255C1656P206","255C1656P206","","FLOR","2","0","0","H87","0"
"100328051","255C1656P515","255C1656P515","","FLOR","1","0","0","H87","0"
"100328052","255C1658P301","255c1658p301.prt","","FLOR","1","0","0","H87","0"
"100328053","255C1659P122","255c1659p122","","FLOR","1","0","0","H87","0"
"100328054","255C1659P123","255c1659p123","","FLOR","3","0","0","H87","0"
"100328055","255C1660P100","255c1660p100.prt","","FLOR","2","0","0","H87","0"
"100328056","255C1660P120","255C1660P120","","FLOR","1","0","0","H87","0"
"100328057","255C1665P003","255c1665p003.prt","","FLOR","1","0","0","H87","0"
"100328058","255C1665P009","255c1665p009.prt","","FLOR","2","0","0","H87","0"
"100328059","255C1666P070SM","ESA ADAPT MB PHA","","FLOR","2","0","0","H87","0"
"100328060","255C1680P03","255C1680P03.PRT","","FLOR","7","0","0","H87","0"
"100328061","255C1680P10","255C1680P10.PRT","","FLOR","4","0","0","H87","0"
"100328062","255C1680P17","255C1680P17.PRT","","FLOR","2","0","0","H87","0"
"100328063","255C1753P022SM","@SA BUS SPACER","","FLOR","6","0","0","H87","0"
"100328064","255C1824P240SM","ADAPTER","","FLOR","9","0","0","H87","0"
"100328065","255C1827P240KT","ESA ADAPT MB PHA","","FLOR","1","0","0","H87","0"
"100328066","255C1827P241KT","ESA ADAPT MB PHA","","FLOR","2","0","0","H87","0"
"100328067","255C2096P201","255c2096p201.prt","","FLOR","2","0","0","H87","0"
"100328068","255C2096P302","255C2096P302","","FLOR","1","0","0","H87","0"
"100328069","255C2243P57SM","@SC CONNECTOR VERTICAL AUX GND. 25X3","","FLOR","1","0","0","H87","0"
"100328070","255C2328P025SM","ESA SPL EVO-SPC 10A 05 OFF","","FLOR","3","0","0","H87","0"
"100328071","255C2328P033SM","ESA SPL EVO-SPC 12A 05 OFF","","FLOR","1","0","0","H87","0"
"100328072","255C2328P089SM","ESA SPL EVO-SPC 30A 05 OFF","","FLOR","8","0","0","H87","0"
"100328073","255C2328P090SM","ESA SPL EVO-SPC 30A 05 OFF","","FLOR","8","0","0","H87","0"
"100328074","255C2328P091SM","ESA SPL EVO-SPC 30A 05 OFF","","FLOR","8","0","0","H87","0"
"100328075","255C2328P115SM","ESA SPL EVO-SPC 40A 05 OFF","","FLOR","5","0","0","H87","0"
"100328076","255C2328P116SM","ESA SPL EVO-SPC 40A 05 OFF","","FLOR","6","0","0","H87","0"
"100328077","255C2328P119SM","ESA SPL EVO-SPC 40A 10 OFF","","FLOR","1","0","0","H87","0"
"100328078","255C2328P121SM","ESA SPL EVO-SPC 40A 15 OFF","","FLOR","6","0","0","H87","0"
"100328079","255C2328P122SM","ESA SPL EVO-SPC 40A 15 OFF","","FLOR","9","0","0","H87","0"
"100328080","255C2328P123SM","ESA SPL EVO-SPC 40A 15 OFF","","FLOR","6","0","0","H87","0"
"100328081","255C2328P124SM","ESA SPL EVO-SPC 40A 15 OFF","","FLOR","6","0","0","H87","0"
"100328082","255C2328P525SM","255c2328p525.prt","","FLOR","15","0","0","H87","0"
"100328083","255C2328P533SM","255c2328p533.prt","","FLOR","3","0","0","H87","0"
"100328084","255C2328P541SM","255c2328p541.prt","","FLOR","9","0","0","H87","0"
"100328085","255C2328P542SM","255c2328p542.prt","","FLOR","9","0","0","H87","0"
"100328086","255C2328P589SM","255C2328P589.PRT","","FLOR","3","0","0","H87","0"
"100328087","255C2328P590SM","255C2328P590.PRT","","FLOR","3","0","0","H87","0"
"100328088","255C2328P593SM","255c2328p593.prt","","FLOR","3","0","0","H87","0"
"100328089","255C2328P605SM","255C2328P605.PRT","","FLOR","5","0","0","H87","0"
"100328090","255C2328P606SM","255C2328P606.PRT","","FLOR","6","0","0","H87","0"
"100328091","255C2328P607SM","255C2328P607.PRT","","FLOR","11","0","0","H87","0"
"100328092","255C2328P608SM","255C2328P608.PRT","","FLOR","9","0","0","H87","0"
"100328093","255C2328P609SM","255C2328P609.PRT","","FLOR","6","0","0","H87","0"
"100328094","255C2328P610SM","255C2328P610.PRT","","FLOR","6","0","0","H87","0"
"100328095","255C2331P001KT","ESC SPLICE EVO-SPC 06A","","FLOR","4","0","0","H87","0"
"100328096","255C2331P006KT","EVO SPLICE","","FLOR","11","0","0","H87","0"
"100328097","255C2331P007KT","EVO SPLICE","","FLOR","12","0","0","H87","0"
"100328098","255C2331P012KT","SPLICE","","FLOR","18","0","0","H87","0"
"100328099","255C2331P013KT","SPLICE","","FLOR","6","0","0","H87","0"
"100328100","255C2331P014KT","SPLICE","","FLOR","16","0","0","H87","0"
"100328101","255C2331P020KT","SPLICE","","FLOR","3","0","0","H87","0"
"100328102","255C2331P023KT","SPLICE","","FLOR","3","0","0","H87","0"
"100328103","255C2331P203KT","@SC SPLICE SPECTRA-EVO 08A","","FLOR","3","0","0","H87","0"
"100328104","255C2331P208KT","SPLICE BUS","","FLOR","12","0","0","H87","0"
"100328105","255C2331P209KT","SPLICE BUS","","FLOR","17","0","0","H87","0"
"100328106","255C2331P215KT","@SC SPLICE SPECTRA-EVO 40A","","FLOR","1","0","0","H87","0"
"100328107","255C2331P216KT","SPLICE","","FLOR","2","0","0","H87","0"
"100328108","255C2331P217KT","SPLICE","","FLOR","2","0","0","H87","0"
"100328109","255C2331P218KT","SPLICES","","FLOR","15","0","0","H87","0"
"100328110","255C2331P219KT","SPLICES","","FLOR","16","0","0","H87","0"
"100328111","255C2331P220KT","SPLICES","","FLOR","15","0","0","H87","0"
"100328112","255C2331P221KT","SPLICE","","FLOR","15","0","0","H87","0"
"100328113","255C2332P026KT","255C2332P026.PRT","","FLOR","9","0","0","H87","0"
"100328114","255C2332P041KT","@SC SPL EVO-SPC 16A 05 OFF","","FLOR","3","0","0","H87","0"
"100328115","255C2332P042KT","@SC SPL EVO-SPC 16A 05 OFF","","FLOR","3","0","0","H87","0"
"100328116","255C2332P043SM","255C2332P043.PRT","","FLOR","3","0","0","H87","0"
"100328117","255C2332P044SM","255C2332P044.PRT","","FLOR","3","0","0","H87","0"
"100328118","255C2332P057KT","@SC SPL EVO-SPC 20A 05 OFF","","FLOR","6","0","0","H87","0"
"100328119","255C2332P058KT","@SC SPL EVO-SPC 20A 05 OFF","","FLOR","6","0","0","H87","0"
"100328120","255C2332P073KT","@SC SPL EVO-SPC 25A 05 OFF","","FLOR","6","0","0","H87","0"
"100328121","255C2332P074KT","@SC SPL EVO-SPC 25A 05 OFF","","FLOR","6","0","0","H87","0"
"100328122","255C2332P075KT","@SC SPL EVO-SPC 25A 10 OFF","","FLOR","3","0","0","H87","0"
"100328123","255C2332P076KT","@SC SPL EVO-SPC 25A 10 OFF","","FLOR","3","0","0","H87","0"
"100328124","255C2332P079KT","@SC SPL EVO-SPC 25A 20 OFF","","FLOR","3","0","0","H87","0"
"100328125","255C2332P080KT","@SC SPL EVO-SPC 25A 20 OFF","","FLOR","3","0","0","H87","0"
"100328126","255C2332P089KT","@SC SPL EVO-SPC 30A 05 OFF","","FLOR","14","0","0","H87","0"
"100328127","255C2332P090KT","@SC SPL EVO-SPC 30A 05 OFF","","FLOR","12","0","0","H87","0"
"100328128","255C2332P091KT","@SC SPL EVO-SPC 30A 05 OFF","","FLOR","14","0","0","H87","0"
"100328129","255C2332P113KT","@SC SPL EVO-SPC 40A 05 OFF","","FLOR","12","0","0","H87","0"
"100328130","255C2332P114KT","@SC SPL EVO-SPC 40A 05 OFF","","FLOR","10","0","0","H87","0"
"100328131","255C2332P115KT","@SC SPL EVO-SPC 40A 05 OFF","","FLOR","3","0","0","H87","0"
"100328132","255C2332P116KT","@SC SPL EVO-SPC 40A 05 OFF","","FLOR","7","0","0","H87","0"
"100328133","255C2332P145KT","@SC SPL EVO-SPC 50A 05 OFF","","FLOR","3","0","0","H87","0"
"100328134","255C2332P146KT","@SC SPL EVO-SPC 50A 05 OFF","","FLOR","3","0","0","H87","0"
"100328135","255C2332P147KT","@SC SPL EVO-SPC 50A 05 OFF","","FLOR","3","0","0","H87","0"
"100328136","255C2332P148KT","@SC SPL EVO-SPC 50A 05 OFF","","FLOR","3","0","0","H87","0"
"100328137","255C2332P149KT","@SC SPL EVO-SPC 50A 05 OFF","","FLOR","3","0","0","H87","0"
"100328138","255C2332P154KT","@SC SPL EVO-SPC 50A 10 OFF","","FLOR","1","0","0","H87","0"
"100328139","255C2332P187KT","SPLICE BUS","","FLOR","3","0","0","H87","0"
"100328140","255C2332P189KT","SPLICE BUS","","FLOR","3","0","0","H87","0"
"100328141","255C2332P518KT","255C2332P518.PRT","","FLOR","3","0","0","H87","0"
"100328142","255C2332P526KT","255C2332P526.PRT","","FLOR","3","0","0","H87","0"
"100328143","255C2332P543SM","255C2332P543.PRT","","FLOR","3","0","0","H87","0"
"100328144","255C2332P544SM","255C2332P544.PRT","","FLOR","3","0","0","H87","0"
"100328145","255C2332P557KT","SC SPL EVO-SPC 20A 05 OFF","","FLOR","6","0","0","H87","0"
"100328146","255C2332P558KT","SC SPL EVO-SPC 20A 05 OFF","","FLOR","6","0","0","H87","0"
"100328147","255C2332P573KT","SC SPL EVO-SPC 25A 05 OFF","","FLOR","6","0","0","H87","0"
"100328148","255C2332P574KT","SC SPL EVO-SPC 25A 05 OFF","","FLOR","2","0","0","H87","0"
"100328149","255C2332P589KT","SC SPL EVO-SPC 30A 05 OFF","","FLOR","6","0","0","H87","0"
"100328150","255C2332P590KT","SC SPL EVO-SPC 30A 05 OFF","","FLOR","12","0","0","H87","0"
"100328151","255C2332P590SM","255C2332P590.PRT","","FLOR","3","0","0","H87","0"
"100328152","255C2332P593KT","SC SPL EVO-SPC 30A 15 OFF","","FLOR","6","0","0","H87","0"
"100328153","255C2332P594KT","SC SPL EVO-SPC 30A 15 OFF","","FLOR","3","0","0","H87","0"
"100328154","255C2332P599KT","255C2332P599.PRT","","FLOR","3","0","0","H87","0"
"100328155","255C2332P600KT","255C2332P600.PRT","","FLOR","3","0","0","H87","0"
"100328156","255C2332P605KT","SC SPL EVO-SPC 40A 05 OFF","","FLOR","24","0","0","H87","0"
"100328157","255C2332P606KT","SC SPL EVO-SPC 40A 05 OFF","","FLOR","25","0","0","H87","0"
"100328158","255C2332P625KT","SPLICE","","FLOR","6","0","0","H87","0"
"100328159","255C2332P626KT","SPLICE","","FLOR","6","0","0","H87","0"
"100328160","255C2333P017KT","255c2333p017.prt","","FLOR","1","0","0","H87","0"
"100328161","255C2333P025KT","255c2333p025.prt","","FLOR","12","0","0","H87","0"
"100328162","255C2333P041KT","255c2333p041.prt","","FLOR","3","0","0","H87","0"
"100328163","255C2333P042KT","255c2333p042.prt","","FLOR","2","0","0","H87","0"
"100328164","255C2333P073KT","255c2333p073.prt","","FLOR","6","0","0","H87","0"
"100328165","255C2333P074KT","255c2333p074.prt","","FLOR","6","0","0","H87","0"
"100328166","255C2333P093KT","255c2333p093.prt","","FLOR","3","0","0","H87","0"
"100328167","255C2333P094KT","255c2333p094.prt","","FLOR","2","0","0","H87","0"
"100328168","255C2333P095KT","255c2333p095.prt","","FLOR","3","0","0","H87","0"
"100328169","255C2333P096KT","255c2333p096.prt","","FLOR","3","0","0","H87","0"
"100328170","255C2333P097KT","255c2333p097.prt","","FLOR","3","0","0","H87","0"
"100328171","255C2333P115KT","@SC SPL EVO-SPC 40A 05 OFF","","FLOR","1","0","0","H87","0"
"100328172","255C2333P116KT","@SC SPL EVO-SPC 40A 05 OFF","","FLOR","1","0","0","H87","0"
"100328173","255C2333P118KT","255c2333p118.prt","","FLOR","1","0","0","H87","0"
"100328174","255C2333P533KT","255C2333P533.PRT","","FLOR","3","0","0","H87","0"
"100328175","255C2333P541KT","255C2333P541.PRT","","FLOR","3","0","0","H87","0"
"100328176","255C2333P542KT","255C2333P542.PRT","","FLOR","3","0","0","H87","0"
"100328177","255C2333P605KT","255C2333P605.PRT","","FLOR","3","0","0","H87","0"
"100328178","255C2333P609KT","255C2333P609.PRT","","FLOR","3","0","0","H87","0"
"100328179","255C2333P610KT","255C2333P610.PRT","","FLOR","3","0","0","H87","0"
"100328180","255C2334P02KT","@SC SPLICE NEUT EVO-SPC 06A","","FLOR","1","0","0","H87","0"
"100328181","255C2334P04KT","@SC SPLICE NEUT EVO-SPC 10A","","FLOR","1","0","0","H87","0"
"100328182","255C2334P08KT","@SC SPLICE NEUT EVO-SPC 20A","","FLOR","6","0","0","H87","0"
"100328183","255C2334P08SM","@SC SPLICE NEUT EVO-SPC 20A","","FLOR","7","0","0","H87","0"
"100328184","255C2334P09KT","@SC SPLICE NEUT EVO-SPC 20A","","FLOR","6","0","0","H87","0"
"100328185","255C2334P10KT","@SC SPLICE NEUT EVO-SPC 25A","","FLOR","3","0","0","H87","0"
"100328186","255C2334P11KT","@SC SPLICE NEUT EVO-SPC 25A","","FLOR","5","0","0","H87","0"
"100328187","255C2334P12KT","SPLICE BUS","","FLOR","3","0","0","H87","0"
"100328188","255C2334P13KT","SPLICE BUS","","FLOR","3","0","0","H87","0"
"100328189","255C2334P17KT","SC SPLICE NEUT EVO-SPC 50A","","FLOR","4","0","0","H87","0"
"100328190","255C2334P204SM","255C2334P204","","FLOR","2","0","0","H87","0"
"100328191","255C2334P205SM","@SC SPLICE NEUT EVO-SPC 12A","","FLOR","4","0","0","H87","0"
"100328192","255C2334P206SM","@SA SPLICE NEUT EVO-SPC 16A","","FLOR","1","0","0","H87","0"
"100328193","255C2334P207SM","@SA SPLICE NEUT EVO-SPC 16A","","FLOR","1","0","0","H87","0"
"100328194","255C2337P009SM","@SA SPL EVO-SPC 06A 05 OFF","","FLOR","6","0","0","H87","0"
"100328195","255C2337P041SM","@SA SPL EVO-SPC 16A 05 OFF","","FLOR","103","0","0","H87","0"
"100328196","255C2337P042SM","@SA SPL EVO-SPC 16A 05 OFF","","FLOR","51","0","0","H87","0"
"100328197","255C2337P045SM","255C2337P045SM","","FLOR","3","0","0","H87","0"
"100328198","255C2337P046SM","255C2337P046SM","","FLOR","3","0","0","H87","0"
"100328199","255C2337P057SM","@SA SPL EVO-SPC 20A 05 OFF","","FLOR","28","0","0","H87","0"
"100328200","255C2337P058SM","@SA SPL EVO-SPC 20A 05 OFF","","FLOR","32","0","0","H87","0"
"100328201","255C2337P074SM","@SA SPL EVO-SPC 25A 05 OFF","","FLOR","2","0","0","H87","0"
"100328202","255C2337P079SM","@SA SPL EVO-SPC 16A 05 OFF","","FLOR","6","0","0","H87","0"
"100328203","255C2337P080SM","@SA SPL EVO-SPC 25A 20 OFF","","FLOR","6","0","0","H87","0"
"100328204","255C2337P094SM","@SA SPL EVO-SPC 30A 10 OFF","","FLOR","1","0","0","H87","0"
"100328205","255C2337P113SM","@SA SPL EVO-SPC 40A 05 OFF","","FLOR","4","0","0","H87","0"
"100328206","255C2337P114SM","@SA SPL EVO-SPC 40A 05 OFF","","FLOR","5","0","0","H87","0"
"100328207","255C2337P115SM","@SA SPL EVO-SPC 40A 05 OFF","","FLOR","6","0","0","H87","0"
"100328208","255C2337P116SM","@SA SPL EVO-SPC 40A 05 OFF","","FLOR","3","0","0","H87","0"
"100328209","255C2337P118SM","@SA SPL EVO-SPC 40A 10 OFF","","FLOR","3","0","0","H87","0"
"100328210","255C2337P525SM","255C2337P525.PRT","","FLOR","6","0","0","H87","0"
"100328211","255C2337P541SM","255C2337P541.PRT","","FLOR","22","0","0","H87","0"
"100328212","255C2337P542SM","255C2337P542.PRT","","FLOR","16","0","0","H87","0"
"100328213","255C2337P543SM","SA SPL EVO-SPC 16A 10 OFF","","FLOR","6","0","0","H87","0"
"100328214","255C2337P544SM","SA SPL EVO-SPC 16A 10 OFF","","FLOR","6","0","0","H87","0"
"100328215","255C2337P545SM","255C2337P545SM","","FLOR","3","0","0","H87","0"
"100328216","255C2337P546SM","255C2337P546SM","","FLOR","3","0","0","H87","0"
"100328217","255C2337P557SM","@SA SPL EVO-SPC 20A 05 OFF","","FLOR","39","0","0","H87","0"
"100328218","255C2337P558SM","@SA SPL EVO-SPC 20A 05 OFF","","FLOR","29","0","0","H87","0"
"100328219","255C2337P573SM","SC SPL EVO-SPC 25A 05 OFF","","FLOR","11","0","0","H87","0"
"100328220","255C2337P574SM","SC SPL EVO-SPC 25A 05 OFF","","FLOR","6","0","0","H87","0"
"100328221","255C2337P579SM","SC SPL EVO-SPC 25A 20 OFF","","FLOR","3","0","0","H87","0"
"100328222","255C2337P580SM","SC SPL EVO-SPC 25A 20 OFF","","FLOR","3","0","0","H87","0"
"100328223","255C2337P591SM","255C2337P591.PRT","","FLOR","2","0","0","H87","0"
"100328224","255C2337P594SM","SC SPL EVO-SPC 30A 15 OFF","","FLOR","1","0","0","H87","0"
"100328225","255C2337P605SM","SC SPL EVO-SPC 40A 05 OFF","","FLOR","8","0","0","H87","0"
"100328226","255C2337P606SM","SC SPL EVO-SPC 40A 05 OFF","","FLOR","8","0","0","H87","0"
"100328227","255C2337P607SM","10 OFFSET SPLICE","","FLOR","9","0","0","H87","0"
"100328228","255C2337P608SM","10 OFFSET SPLICE","","FLOR","9","0","0","H87","0"
"100328229","255C2337P609SM","255C2337P609.PRT","","FLOR","3","0","0","H87","0"
"100328230","255C2337P610SM","255C2337P610.PRT","","FLOR","1","0","0","H87","0"
"100328231","255C2338P002SM","255C2338P002.PRT","","FLOR","6","0","0","H87","0"
"100328232","255C2338P004SM","255C2338P004.PRT","","FLOR","18","0","0","H87","0"
"100328233","255C2338P005SM","@SA SPLICE EVO-SPC 12A","","FLOR","43","0","0","H87","0"
"100328234","255C2338P008SM","@SA SPLICE EVO-SPC 20A","","FLOR","10","0","0","H87","0"
"100328235","255C2338P009SM","@SA SPLICE EVO-SPC 20A","","FLOR","5","0","0","H87","0"
"100328236","255C2338P010SM","255C2338P010.PRT","","FLOR","13","0","0","H87","0"
"100328237","255C2338P011SM","255C2338P011.PRT","","FLOR","17","0","0","H87","0"
"100328238","255C2338P012SM","255C2338P012.PRT","","FLOR","25","0","0","H87","0"
"100328239","255C2338P013SM","255C2338P013.PRT","","FLOR","23","0","0","H87","0"
"100328240","255C2338P014SM","255C2338P014.PRT","","FLOR","22","0","0","H87","0"
"100328241","255C2338P015SM","@SA SPLICE EVO-SPC 40A","","FLOR","7","0","0","H87","0"
"100328242","255C2338P016SM","@SA SPLICE EVO-SPC 40A","","FLOR","3","0","0","H87","0"
"100328243","255C2338P017SM","@SA SPLICE EVO-SPC 40A","","FLOR","15","0","0","H87","0"
"100328244","255C2338P018SM","@SA SPLICE EVO-SPC 40A","","FLOR","9","0","0","H87","0"
"100328245","255C2338P205SM","@SA SPLICE SPECTRA-EVO 12A","","FLOR","82","0","0","H87","0"
"100328246","255C2338P206SM","@SA SPLICE SPECTRA-EVO 16A","","FLOR","3","0","0","H87","0"
"100328247","255C2338P207SM","@SA SPLICE SPECTRA-EVO 16A","","FLOR","4","0","0","H87","0"
"100328248","255C2338P208SM","@SA SPLICE SPECTRA-EVO 20A","","FLOR","5","0","0","H87","0"
"100328249","255C2338P209SM","@SA SPLICE SPECTRA-EVO 20A","","FLOR","8","0","0","H87","0"
"100328250","255C2338P212SM","@SA SPLICE SPECTRA-EVO 30A","","FLOR","3","0","0","H87","0"
"100328251","255C2338P213SM","@SA SPLICE SPECTRA-EVO 30A","","FLOR","3","0","0","H87","0"
"100328252","255C2338P214SM","MAIN BUS SPLICES","","FLOR","10","0","0","H87","0"
"100328253","255C2338P215SM","MAIN BUS SPLICES","","FLOR","13","0","0","H87","0"
"100328254","255C2497P06KT","@SC NEU_BAR RISER 08/16A TO 08/16A CU","","FLOR","1","0","0","H87","0"
"100328255","255C2497P10KT","@SC NEU_BAR RISER 12/25A TO 12/25A CU","","FLOR","4","0","0","H87","0"
"100328256","255C2497P21KT","@SC NEU_BAR RISER 40A TO 40A CU","","FLOR","2","0","0","H87","0"
"100328257","255C2497P30SM","@SC NEU_BAR RISER 08/16A TO 08/16A AL","","FLOR","7","0","0","H87","0"
"100328258","255C2497P45SM","@SC NEU_BAR RISER 40A TO 40A AL","","FLOR","1","0","0","H87","0"
"100328259","270A0002P14","SM BASEPLATE 35W 23H","","FLOR","44","0","0","H87","0"
"100328260","270A0018P14","SM L.H","","FLOR","2","0","0","H87","0"
"100328261","270A0028P14SM","SA RSB","","FLOR","2","0","0","H87","0"
"100328262","270A0029P14SM","SA RSB","","FLOR","2","0","0","H87","0"
"100328263","270A0030P14SM","SA DISC NEUT 16A FOR 1SDA082134R1","","FLOR","1","0","0","H87","0"
"100328264","270A0031P14SM","SA DISC NEUT 16A FOR 1SDA082134R1","","FLOR","1","0","0","H87","0"
"100328265","270A0141P14KT","SC NEUT SPLIT 30A RG","","FLOR","2","0","0","H87","0"
"100328266","270A0142P14KT","SC NEUT SPLIT 30A RG","","FLOR","2","0","0","H87","0"
"100328267","270A0143P14KT","SC NEUT SPLIT 30A RG","","FLOR","2","0","0","H87","0"
"100328268","270A0144P14KT","SC NEUT DISCONNECT 30A","","FLOR","2","0","0","H87","0"
"100328269","270A0195P14KT","SC LUG STRAPS 60A 20D","","FLOR","23","0","0","H87","0"
"100328270","270A0211P14KT","SC AUX NEUT BUS 40A TR/BL 40D 2HOLE","","FLOR","2","0","0","H87","0"
"100328271","270A0212P14KT","SC AUX NEUT BUS 40A TR/BL 40D 2HOLE","","FLOR","2","0","0","H87","0"
"100328272","270A0228P14","SM FHB 45D CMB25 N77 G67","","FLOR","1","0","0","H87","0"
"100328273","270A0241P14SM","SA TIER BUS EXTEND AL 12A-25A","","FLOR","6","0","0","H87","0"
"100328274","270A0242P14SM","SA TIER BUS EXTEND AL 12A-25A","","FLOR","6","0","0","H87","0"
"100328275","270A0243P14SM","SA TIER BUS EXTEND AL 12A-25A","","FLOR","6","0","0","H87","0"
"100328276","270A0268P14KT","SC AUX GND BR/TL 40D 40A 25%","","FLOR","2","0","0","H87","0"
"100328277","270A0541P14KT","SC EMAX TIER ADPTR CL6 20A","","FLOR","2","0","0","H87","0"
"100328278","270A0542P14KT","SC EMAX TIER ADPTR CL6 20A","","FLOR","2","0","0","H87","0"
"100328279","270A0543P14KT","SC EMAX TIER ADPTR CL6 20A","","FLOR","2","0","0","H87","0"
"100328280","270A0551P14SM","SA AUX NEUT BUS 25A TR/BL 35D","","FLOR","2","0","0","H87","0"
"100328281","270A0553P14SM","SA XT5 A PHASE ZERO TIER T20 AL","","FLOR","2","0","0","H87","0"
"100328282","270A0554P14SM","SA XT5 C PHASE ZERO TIER T20 AL","","FLOR","1","0","0","H87","0"
"100328283","270A0565P14KT","SC TIER CU 40A T1 TOP CPH OUT","","FLOR","1","0","0","H87","0"
"100328284","270A0566P14KT","SC TIER CU 40A T1 TOP CPH MID","","FLOR","1","0","0","H87","0"
"100328285","270A0567P14KT","SC TIER CU 40A T1 TOP CPH INN","","FLOR","1","0","0","H87","0"
"100328286","270A0568P14KT","SC TIER CU 40A T1 TOP BPH OUT","","FLOR","1","0","0","H87","0"
"100328287","270A0569P14KT","SC TIER CU 40A T1 TOP BPH MID","","FLOR","1","0","0","H87","0"
"100328288","270A0570P14KT","SC TIER CU 40A T1 TOP BPH INN","","FLOR","1","0","0","H87","0"
"100328289","270A0571P14KT","SC TIER CU 40A T1 TOP NEU APH INN","","FLOR","2","0","0","H87","0"
"100328290","270A0572P14KT","SC TIER CU 40A T1 BOT NEU APH INN","","FLOR","2","0","0","H87","0"
"100328291","270A0573P14KT","SC TIER CU 40A T1 BOT NEU APH OUT","","FLOR","2","0","0","H87","0"
"100328292","270A0667P14SM","SA AUX NEUT 30A SE 30D IV","","FLOR","9","0","0","H87","0"
"100328293","270A0670P14SM","SC VERTICAL NEUT LINK 8-20A RG","","FLOR","2","0","0","H87","0"
"100328294","270A0671P14SM","SC VERTICAL NEUTRAL 08/16A RG","","FLOR","2","0","0","H87","0"
"100328295","270A0684P14","SM MTG BRCKT CT 142-202 40W REAR","","FLOR","8","0","0","H87","0"
"100328296","270A0685P14","SM MTG BRCKT CT 142-202 40W REAR","","FLOR","8","0","0","H87","0"
"100328297","270A0720P14","SM FH BARRIER 45D","","FLOR","1","0","0","H87","0"
"100328298","270A0734P14SM","SA AUX NEUTRAL LUGS 800A","","FLOR","3","0","0","H87","0"
"100328299","270A0736P14SM","SA AUX NEUTRAL CON 800A","","FLOR","1","0","0","H87","0"
"100328300","270A0754P14KT","SC AUX GND BR/TL 40D 30A","","FLOR","3","0","0","H87","0"
"100328301","270A0755P14KT","SC AUX GND BL/TR 40D 30A","","FLOR","6","0","0","H87","0"
"100328302","270A0758P14KT","SC GND BUS REAR 40W .20THK X 4","","FLOR","12","0","0","H87","0"
"100328303","270A0766P14SM","SC GND BONDING 20A RG-BW","","FLOR","1","0","0","H87","0"
"100328304","270A0777P14","SM AUX NEUT BRACKET 2","","FLOR","1","0","0","H87","0"
"100328305","270A0778P14","SM AUX NEUT BRACKET 2.5 STRINGER SM AUX","","FLOR","1","0","0","H87","0"
"100328306","270A0779P14KT","SC GND FNT ACC 2","","FLOR","8","0","0","H87","0"
"100328307","270A0848P14KT","SC AUX GND BUS 30D 08A","","FLOR","1","0","0","H87","0"
"100328308","270A0849P14KT","SC GND BONDING","","FLOR","1","0","0","H87","0"
"100328309","270A0891P14KT","SC GND RISER CU 62 CL HAT SHAPE","","FLOR","1","0","0","H87","0"
"100328310","270A0957P14KT","SC NEUT DISC 12A","","FLOR","1","0","0","H87","0"
"100328311","270A1013P1","SUPT NEUTRAL BUS","","FLOR","142","0","0","H87","0"
"100328312","270A1021P14SM","SA BUS SPLICE 40A 15D SPEC - SPEC","","FLOR","6","0","0","H87","0"
"100328313","270A1025P14SM","SA BUS SPLICE 40A 15D SPEC - SPEC","","FLOR","11","0","0","H87","0"
"100328314","270A1048P1","LINE SIDE BARRIER","","FLOR","13","0","0","H87","0"
"100328315","270A1088P14","SM UPS SUPPORT L BRACKET 3 STRINGER","","FLOR","8","0","0","H87","0"
"100328316","270A1097P14SM","SC ADAPTER VERT BUS 7 IN 20A","","FLOR","6","0","0","H87","0"
"100328317","270A1121P1","GUIDE PLATE","","FLOR","67","0","0","H87","0"
"100328318","270A1134P1SM","BUS BAR","","FLOR","4","0","0","H87","0"
"100328319","270A1135P14SM","SC PH CONNECTION 12A MCC COORDINATION","","FLOR","2","0","0","H87","0"
"100328320","270A1135P1KT","BUS BAR","","FLOR","4","0","0","H87","0"
"100328321","270A1135P1SM","BUS BAR","","FLOR","4","0","0","H87","0"
"100328322","270A1137P14","SM HAT TYPE MTG BRKT FOR 4NWP100201R0011","","FLOR","3","0","0","H87","0"
"100328323","270A1155P1","BRACKET","","FLOR","70","0","0","H87","0"
"100328324","270A1155P4","BRACKET","","FLOR","21","0","0","H87","0"
"100328325","270A1155P8","BRACKET","","FLOR","10","0","0","H87","0"
"100328326","270A1157P1","BRACKET","","FLOR","1","0","0","H87","0"
"100328327","270A1157P2","BRACKET","","FLOR","1","0","0","H87","0"
"100328328","270A1171P8SM","BUS BAR","","FLOR","3","0","0","H87","0"
"100328329","270A1171P9SM","BUS BAR","","FLOR","4","0","0","H87","0"
"100328330","270A1191P2","PNL SHIELD TOP & BOT","","FLOR","5","0","0","H87","0"
"100328331","270A1192P2","LH SUPT BRACKET","","FLOR","8","0","0","H87","0"
"100328332","270A1193P14","SM FHB 35D TM20&30 N34 G79","","FLOR","3","0","0","H87","0"
"100328333","270A1194P2","RH SUPT BRACKET","","FLOR","4","0","0","H87","0"
"100328334","270A1195P1","PNL SHIELD BACK BRKT","","FLOR","9","0","0","H87","0"
"100328335","270A1195P2","BARRIER","","FLOR","8","0","0","H87","0"
"100328336","270A1195P3","BARRIER","","FLOR","14","0","0","H87","0"
"100328337","270A1196P1","FIRST MADE","","FLOR","6","0","0","H87","0"
"100328338","270A1200P11","SIDE COVER PLATE","","FLOR","2","0","0","H87","0"
"100328339","270A1225P14KT","SC SPLIT NEUTRAL CU 20A","","FLOR","2","0","0","H87","0"
"100328340","270A1226P14KT","SC AUX NEUTRAL W SENSOR CU 20A OUT","","FLOR","1","0","0","H87","0"
"100328341","270A1227P14KT","SC AUX NEUTRAL W SENSOR CU 20A INN","","FLOR","1","0","0","H87","0"
"100328342","270A1266P14","SM FHB 35D TMB CMB N34 GND79","","FLOR","1","0","0","H87","0"
"100328343","270A1279P1","SPACER - STD LUG","","FLOR","280","0","0","H87","0"
"100328344","270A1327P2SM","RISER","","FLOR","6","0","0","H87","0"
"100328345","270A1351P1","K LOCK SPACER","","FLOR","119","0","0","H87","0"
"100328346","270A1356P1","SPACER","","FLOR","2740","0","0","H87","0"
"100328347","270A1365P2SM","GROUND BUS SPLICE","","FLOR","6","0","0","H87","0"
"100328348","270A1365P6KT","GROUND BUS SPLICE","","FLOR","15","0","0","H87","0"
"100328349","270A1370P1SM","GRD BUS SPLICE","","FLOR","4","0","0","H87","0"
"100328350","270A1370P7SM","NEUTRAL BUS SPLICE","","FLOR","7","0","0","H87","0"
"100328351","270A1393P1","RELAY MOUNTING PLATE","","FLOR","140","0","0","H87","0"
"100328352","270A1422P1","BRACKET, BARRIER SUPPORT","","FLOR","41","0","0","H87","0"
"100328353","270A1428P12","BRACKET","","FLOR","2","0","0","H87","0"
"100328354","270A1428P2","BRACKET 2.61 H","","FLOR","9","0","0","H87","0"
"100328355","270A1428P3","BRACKET","","FLOR","7","0","0","H87","0"
"100328356","270A1428P4","BRACKET","","FLOR","17","0","0","H87","0"
"100328357","270A1453P3","LEX BAR","","FLOR","1","0","0","H87","0"
"100328358","270A1455P1","THERMOSTAT MTG BRACKET","","FLOR","206","0","0","H87","0"
"100328359","270A1473P14KT","SC REAR NEUTRAL SPLIT CU 30A","","FLOR","3","0","0","H87","0"
"100328360","270A1474P14KT","SC REAR NEUTRAL SPLIT CU 30A","","FLOR","3","0","0","H87","0"
"100328361","270A1475P14KT","SC DISC NEUTRAL 30/60A 35W","","FLOR","3","0","0","H87","0"
"100328362","270A1488P14SM","SC AUXILIARY NEUT BUS 30A CU TL/BR 45D","","FLOR","9","0","0","H87","0"
"100328363","270A1489P1","USE X270A1489P1","","FLOR","36","0","0","H87","0"
"100328364","270A1495P9","BARRIER, MAIN BUS 20W, 3INCH S","","FLOR","3","0","0","H87","0"
"100328365","270A1511P1","BARRIER PH.A 1600A MLO","","FLOR","128","0","0","H87","0"
"100328366","270A1512P1","BRACKET","","FLOR","46","0","0","H87","0"
"100328367","270A1523P1","SPACER","","FLOR","6","0","0","H87","0"
"100328368","270A1546P5","K-FRAME FULL LENGTH BARRIERS","","FLOR","1","0","0","H87","0"
"100328369","270A1547P1","MTG PLATE","","FLOR","67","0","0","H87","0"
"100328370","270A1575P1","BRACKET","","FLOR","4","0","0","H87","0"
"100328371","270A1586P4","BRACKET","","FLOR","100","0","0","H87","0"
"100328372","270A1601P1","SUPPORT BRKT. (ISOLATED NEUTRA","","FLOR","36","0","0","H87","0"
"100328373","270A1601P2","SUPPORT BRKT. (ISOLATED NEUTRA","","FLOR","42","0","0","H87","0"
"100328374","270A1607P14SM","SC BONDING JUMPER RG","","FLOR","1","0","0","H87","0"
"100328375","270A1614P1","TOP SPACER FOR MOUNTING SZ2","","FLOR","13","0","0","H87","0"
"100328376","270A1615P1","BOTTOM SPACER FOR MOUNTING SZ2","","FLOR","75","0","0","H87","0"
"100328377","270A1615P14","SM FHB 30D TB15 N34 G67","","FLOR","1","0","0","H87","0"
"100328378","270A1624P14KT","SC ADAPTER MB-BW 30A","","FLOR","3","0","0","H87","0"
"100328379","270A1625P14KT","SC ADAPTER MB-BW 30A","","FLOR","3","0","0","H87","0"
"100328380","270A1625P14SM","SC ADAPTER MB-BW 30A","","FLOR","8","0","0","H87","0"
"100328381","270A1635P14SM","SA NEUT BW W/PLUG 12/25A 35W","","FLOR","3","0","0","H87","0"
"100328382","270A1638P14","SM RECP BRACING BRKT 16A","","FLOR","2","0","0","H87","0"
"100328383","270A1640P1","RED EGGS ADAPTER PLATE","","FLOR","1","0","0","H87","0"
"100328384","270A1752P14","SM BRKT XT7 MOUNTING BOTTOM LEFT","","FLOR","1","0","0","H87","0"
"100328385","270A1753P14","SM BRKT XT7 MOUNTING BOTTOM RIGHT","","FLOR","1","0","0","H87","0"
"100328386","270A1760P14KT","SC RSB EMAX2 CU NEU REAR SPLICE","","FLOR","4","0","0","H87","0"
"100328387","270A1769P14SM","SC ADAPTER BW 40A RG","","FLOR","3","0","0","H87","0"
"100328388","270A1770P14SM","SC ADAPTER BW 40A RG","","FLOR","3","0","0","H87","0"
"100328389","270A17787P14SM","SC ESC SPLICE NEUT EVO-SPC 10A","","FLOR","1","0","0","H87","0"
"100328390","270A1817P14","SM BASEPLATE 11W 11H","","FLOR","4","0","0","H87","0"
"100328391","270A1820P14KT","SC NEUTRAL RISER VERT BAR BW 16A","","FLOR","8","0","0","H87","0"
"100328392","270A1821P14KT","SC NEUTRAL RISER VERT BAR BW 16A","","FLOR","4","0","0","H87","0"
"100328393","270A1822P14KT","SC NEUTRAL RISER VERT BAR BW 16A","","FLOR","3","0","0","H87","0"
"100328394","270A1848P14","SM FHB 40D BMB 20 N7 G17 SPECTRA","","FLOR","2","0","0","H87","0"
"100328395","270A1866P1","CARRAIGE STOPPER, 250A","","FLOR","70","0","0","H87","0"
"100328396","270A1875P14","SM FHB 45D CMB30 N77 G67 06 OFF","","FLOR","1","0","0","H87","0"
"100328397","270A1947P1","NEUTRAL SPACER BRACKET","","FLOR","34","0","0","H87","0"
"100328398","270A1947P2","NEUTRAL SPACER BRACKET","","FLOR","4","0","0","H87","0"
"100328399","270A1962P2","SPACER INSULATOR BRACKET","","FLOR","9","0","0","H87","0"
"100328400","270A1968P14","SM BARR BRKT-STR 5 OFF","","FLOR","1","0","0","H87","0"
"100328401","270A1971P4","Bus barrier upper 20W 2500A/3200A","","FLOR","9","0","0","H87","0"
"100328402","270A1975P1","HEAT SINK THREAD PLATE","","FLOR","4","0","0","H87","0"
"100328403","270A1987P1","AR SIDE COVER - LEXAN","","FLOR","4","0","0","H87","0"
"100328404","270A1988P1","AR SIDE COVER - METAL","","FLOR","8","0","0","H87","0"
"100328405","270A2004P14","SM FHB TMB20 N34 G79 40D SPECTRA","","FLOR","1","0","0","H87","0"
"100315302","LISMTY557P1","PLACA CPT 40","","FLOR","573","0","0","H87","0"
"100328407","270A2030P2","Cable side support","","FLOR","4","0","0","H87","0"
"100328408","270A2031P2","CABLE MAIN SUPPORT 30W","","FLOR","4","0","0","H87","0"
"100328409","270A2042P5","SPACER TRANSITION","","FLOR","1","0","0","H87","0"
"100328410","270A2079P1","Mullion W20","","FLOR","8","0","0","H87","0"
"100328412","270A2080P14","SM AUX NEUTRAL BRACKET NEUT 69","","FLOR","1","0","0","H87","0"
"100328413","270A2085P1","Ventilated roof base plate W20","","FLOR","15","0","0","H87","0"
"100328414","270A2085P3","VENTILATED ROOF BASE PLATE W30","","FLOR","2","0","0","H87","0"
"100328415","270A2093P1","Side Channel Cover_p1","","FLOR","4","0","0","H87","0"
"100328416","270A2105P1","VENTILATED ROOF FRONT WALL W20","","FLOR","29","0","0","H87","0"
"100328417","270A2105P3","VENTILATED ROOF FRONT WALL W30","","FLOR","4","0","0","H87","0"
"100328418","270A2106P1","VENTILATED ROOF SIDE WALL","","FLOR","34","0","0","H87","0"
"100328419","270A2113P2","SHELF","","FLOR","2","0","0","H87","0"
"100328420","270A2125P1","Bracket","","FLOR","28","0","0","H87","0"
"100328421","270A2126P1","RIGHT WING PLATE","","FLOR","14","0","0","H87","0"
"100328422","270A2130P1","VBS right wingplate splice plug 20W","","FLOR","24","0","0","H87","0"
"100328423","270A2146P14","SM BASEPLATE FOXBAT 40W","","FLOR","39","0","0","H87","0"
"100328424","270A2177P1","DOOR TOP WIREWAY TYPE1/2/3R NONAR 20W","","FLOR","22","0","0","H87","0"
"100328425","270A2177P2","DOOR TOP WIREWAY TYPE1/2/3R NONAR 24W","","FLOR","5","0","0","H87","0"
"100328426","270A2177P3","DOOR TOP WIREWAY TYPE1/2/3R NONAR 30W","","FLOR","2","0","0","H87","0"
"100328427","270A2182P14","SM BRKT TIER 7.5CL","","FLOR","2","0","0","H87","0"
"100328428","270A2183P14","SM BRKT TIER 7.5CL","","FLOR","4","0","0","H87","0"
"100328429","270A2200P4","EMAX2.2 FIX MTG PLATE 30W","","FLOR","2","0","0","H87","0"
"100328430","270A2211P1","EMAX SPACER INSULATOR SUPPORT","","FLOR","8","0","0","H87","0"
"100328431","270A2211P2","EMAX SPACER INSULATOR SUPPORT","","FLOR","4","0","0","H87","0"
"100328432","270A2211P3","EMAX SPACER INSULATOR SUPPORT","","FLOR","4","0","0","H87","0"
"100328433","270A2211P4","EMAX SPACER INSULATOR SUPPORT","","FLOR","4","0","0","H87","0"
"100328434","270A2214P1","EMAX SHELF SUPPORT","","FLOR","4","0","0","H87","0"
"100328435","270A2215P1","EMAX STOP BRACKET","","FLOR","16","0","0","H87","0"
"100328436","270A2216P4","EMAX 2.2 BARRIER UPPER","","FLOR","1","0","0","H87","0"
"100328437","270A2216P9","EMAX 4.2 BARRIER UPPER","","FLOR","1","0","0","H87","0"
"100328438","270A2217P4","EMAX BARRIER LOWER","","FLOR","1","0","0","H87","0"
"100328439","270A2221P2","BUS BARRIER 30W","","FLOR","1","0","0","H87","0"
"100328440","270A2232P2","VFD_FEEDER_FUSES_PLATE","","FLOR","4","0","0","H87","0"
"100328441","270A2240P1","VFD_Z_BRACKET_WELDED_STIFFENER","","FLOR","12","0","0","H87","0"
"100328442","270A2240P2","VFD_Z_BRACKET_WELDED_STIFFENER_VERTICAL","","FLOR","12","0","0","H87","0"
"100328443","270A2241P1","VFD_Z_BRACKET_DRIVE_R10","","FLOR","6","0","0","H87","0"
"100328444","270A2242P1","VFD_BEAM_DRIVE_SUPPORT_W30","","FLOR","15","0","0","H87","0"
"100328445","270A2244P1","VFD_DRIVE_HORIZ_BEAM_R10","","FLOR","3","0","0","H87","0"
"100328446","270A2251P1","BRKT_LEFT_SUPP_XT7_FEEDER","","FLOR","3","0","0","H87","0"
"100328447","270A2251P2","BRKT_RIGHT_SUPP_XT7_FEEDER","","FLOR","3","0","0","H87","0"
"100328448","270A2277P14SM","SA NEUT BUS W BW RISER 30A 35W","","FLOR","3","0","0","H87","0"
"100328449","270A2290P14","MTG BRKT","","FLOR","2","0","0","H87","0"
"100328450","270A2295P14SM","SA SPLICE OFFSET 40A","","FLOR","3","0","0","H87","0"
"100328451","270A2296P14SM","SA SPLICE OFFSET 40A","","FLOR","3","0","0","H87","0"
"100328452","270A2298P14SM","SA SPLICE OFFSET 40A","","FLOR","3","0","0","H87","0"
"100328453","270A2302P4","VFD580","","FLOR","14","0","0","H87","0"
"100328454","270A2302P6","VFD580","","FLOR","7","0","0","H87","0"
"100328455","270A2312P10","BACKPLATESUB_SB 12H","","FLOR","65","0","0","H87","0"
"100328456","270A2319P106","ACS580_MOUNTING_PLATE 24W X 42H","","FLOR","3","0","0","H87","0"
"100328457","270A2319P116","ACS580_MOUNTING_PLATE_30W X 16H","","FLOR","1","0","0","H87","0"
"100328458","270A2319P39","ACS580_MOUNTING_PLATE 20W X 48H","","FLOR","5","0","0","H87","0"
"100328459","270A2319P41","ACS580_MOUNTING_PLATE 20W X 36H","","FLOR","11","0","0","H87","0"
"100328460","270A2319P49","ACS580_MOUNTING_PLATE 24W X 54H","","FLOR","6","0","0","H87","0"
"100328461","270A2319P67","ACS580_MOUNTING_PLATE 20W X 54H","","FLOR","3","0","0","H87","0"
"100328462","270A2319P69","ACS580_MOUNTING_PLATE 20W X 42H","","FLOR","2","0","0","H87","0"
"100328463","270A2331P1","ACS580_BUBBLE_R4&R5","","FLOR","3","0","0","H87","0"
"100328464","270A2336P13","MTG PLATE_VFD EXTRA DEVICES 24 IN","","FLOR","8","0","0","H87","0"
"100328465","270A2336P18","MTG PLATE_VFD EXTRA DEVICES 22.5 IN","","FLOR","19","0","0","H87","0"
"100328466","270A2336P19","MTG PLATE_VFD EXTRA DEVICES 38 IN","","FLOR","3","0","0","H87","0"
"100328467","270A2337P1","MOUNTING BRACKET 8.5 H X 9.07 W","","FLOR","4","0","0","H87","0"
"100328468","270A2337P5","MOUNTING BRACKET 8.5 H X 12.32 W","","FLOR","3","0","0","H87","0"
"100328469","270A2353P1","BRACKET","","FLOR","17","0","0","H87","0"
"100328470","270A2381P1","SUPPORT FOR FILTER TO AIR INLET 5.5 R","","FLOR","122","0","0","H87","0"
"100328471","270A2381P13","SUPPORT FOR FILTER TO AIR INLET 1.5 R","","FLOR","108","0","0","H87","0"
"100328472","270A2381P14","SUPPORT FOR FILTER TO AIR INLET 1.5 L","","FLOR","108","0","0","H87","0"
"100328473","270A2381P15","SUPPORT FOR FILTER TO AIR INLET 8 R","","FLOR","17","0","0","H87","0"
"100328474","270A2381P16","SUPPORT FOR FILTER TO AIR INLET 8 L","","FLOR","15","0","0","H87","0"
"100328475","270A2381P17","SUPPORT FOR FILTER TO AIR INLET 4 R","","FLOR","169","0","0","H87","0"
"100328476","270A2381P18","SUPPORT FOR FILTER TO AIR INLET 4 L","","FLOR","23","0","0","H87","0"
"100328478","270A2381P2","SUPPORT FOR FILTER TO AIR INLET 5.5 L","","FLOR","119","0","0","H87","0"
"100328480","270A2381P3","SUPPORT FOR FILTER TO AIR INLET 3.5 R","","FLOR","3","0","0","H87","0"
"100328481","270A2381P4","SUPPORT FOR FILTER TO AIR INLET 3.5 L","","FLOR","3","0","0","H87","0"
"100328482","270A2381P5","SUPPORT FOR FILTER TO AIR INLET 18 R","","FLOR","6","0","0","H87","0"
"100328483","270A2381P6","SUPPORT FOR FILTER TO AIR INLET 18 L","","FLOR","6","0","0","H87","0"
"100328484","270A2390P1","BRKT","","FLOR","9","0","0","H87","0"
"100328485","270A2390P3","BRKT","","FLOR","4","0","0","H87","0"
"100328486","270A2396P1","XT5 FEEDER BACKPLATE","","FLOR","3","0","0","H87","0"
"100328487","270A2396P2","XT5 FEEDER BACKPLATE 18H","","FLOR","3","0","0","H87","0"
"100328488","270A2404P1","SMRT_FVNR","","FLOR","6","0","0","H87","0"
"100328489","270A2404P2","SMRT_FVNR","","FLOR","26","0","0","H87","0"
"100328490","270A2404P3","SMRT_FVNR","","FLOR","1","0","0","H87","0"
"100328491","270A2404P4","SMRT_FVNR, SADDLE PLATE, 30 INCH","","FLOR","4","0","0","H87","0"
"100328492","270A2404P5","SMRT_FVNR","","FLOR","2","0","0","H87","0"
"100328493","270A2409P14","SM BREAKER LIFTING BEAM 2.2 & 4","","FLOR","268","0","0","H87","0"
"100328494","270A2413P1","XT5 SADDLE LOCK RETAINER","","FLOR","130","0","0","H87","0"
"100328495","270A2421P13","MTG_BRKT_5.2Wx18.5H_FVNR","","FLOR","3","0","0","H87","0"
"100328496","270A2451P1","BRACKET CPT FUSES","","FLOR","6","0","0","H87","0"
"100328497","270A2451P2","BRACKET_CPT_FUSES_2H","","FLOR","13","0","0","H87","0"
"100328498","270A2455P4","BRKT_TO_MOUNT_CPT_FUSES_INST4","","FLOR","53","0","0","H87","0"
"100328499","270A2455P5","BRKT_TO_MOUNT_CPT_FUSES_INST5","","FLOR","26","0","0","H87","0"
"100328500","270A2468P14KT","SC BONDING JUMPER 30A","","FLOR","3","0","0","H87","0"
"100328501","270A2468P14SM","SC BONDING JUMPER 30A","","FLOR","1","0","0","H87","0"
"100328502","270A2471P14KT","SC MB CONN PH A","","FLOR","6","0","0","H87","0"
"100328503","270A2479P14KT","SC NEUT BACK CONN 40A RG","","FLOR","1","0","0","H87","0"
"100328504","270A2480P14KT","SC NEUT BACK CONN 40A RG","","FLOR","1","0","0","H87","0"
"100328505","270A2483P14KT","SC NEUT GF SE LN 40A RG","","FLOR","2","0","0","H87","0"
"100328506","270A2486P14KT","SC GND BACK CONN 40A RG","","FLOR","1","0","0","H87","0"
"100328507","270A2492P1","FAN COVER PART","","FLOR","23","0","0","H87","0"
"100328508","270A2492P14","SM E2","","FLOR","1","0","0","H87","0"
"100328509","270A2531P14","SM HORIZONTAL MOUNTING PLATE 40W","","FLOR","2","0","0","H87","0"
"100328510","270A2532P14","SM MTG BRKT FOR UPS 30W","","FLOR","7","0","0","H87","0"
"100328511","270A2533P14","SM MOUNTING BRACKET FOR UPS UPS SSG1","","FLOR","43","0","0","H87","0"
"100328512","270A2539P2","BARRIER, XT7 HTC, BUS CONN","","FLOR","6","0","0","H87","0"
"100328513","270A2541P14KT","SC SPACER VB 40A","","FLOR","6","0","0","H87","0"
"100328514","270A2549P14","SM E6","","FLOR","146","0","0","H87","0"
"100328515","270A2553P1","U BRACKET CPT FUSES 3.85IN","","FLOR","225","0","0","H87","0"
"100328516","270A2564P1","XT7","","FLOR","79","0","0","H87","0"
"100328517","270A2575P4","BKPL_30_PSTX_PL-IN_T1/T12_LD","","FLOR","13","0","0","H87","0"
"100328518","270A2575P5","BKPL_36_PSTX_PL-IN_T1/T12_LD","","FLOR","1","0","0","H87","0"
"100328519","270A2581P1","HANDLE SUPT","","FLOR","8","0","0","H87","0"
"100328520","270A2592P1","SADDLE_18H_SMRT_STARTERS_AFM_300A","","FLOR","7","0","0","H87","0"
"100328521","270A2633P1","PLATE","","FLOR","198","0","0","H87","0"
"100328522","270A2633P2","PLATE","","FLOR","130","0","0","H87","0"
"100328523","270A2633P3","PLATE","","FLOR","29","0","0","H87","0"
"100328524","270A2633P4","PLATE","","FLOR","3","0","0","H87","0"
"100328525","270A2633P5","PLATE","","FLOR","14","0","0","H87","0"
"100328526","270A2633P9","PLATE","","FLOR","1","0","0","H87","0"
"100328527","270A2641P14","SM BASEPLATE FOXBAT 35W","","FLOR","32","0","0","H87","0"
"100328528","270A2650P14","SA CT 431 BRACKET STRINGER 3 75A105899P1","","FLOR","8","0","0","H87","0"
"100328529","270A2651P14","SA CT 431 BRACKET STRINGER 3 75A105899P1","","FLOR","8","0","0","H87","0"
"100328530","270A2651P2SM","XT7","","FLOR","3","0","0","H87","0"
"100328531","270A2651P4SM","XT7","","FLOR","7","0","0","H87","0"
"100328532","270A2652P14","SM FHB 40D BMB35 G33 SS TO EVO","","FLOR","3","0","0","H87","0"
"100328533","270A2652P1SM","XT7","","FLOR","2","0","0","H87","0"
"100328534","270A2652P2SM","XT7","","FLOR","5","0","0","H87","0"
"100328535","270A2653P2SM","XT7","","FLOR","1","0","0","H87","0"
"100328536","270A2653P4SM","XT7","","FLOR","4","0","0","H87","0"
"100328537","270A2656P1","XT7","","FLOR","177","0","0","H87","0"
"100328538","270A2657P1","XT7","","FLOR","95","0","0","H87","0"
"100328539","270A2661P2SM","XT7","","FLOR","5","0","0","H87","0"
"100328540","270A2661P3SM","XT7","","FLOR","6","0","0","H87","0"
"100328541","270A2662P2","XT7","","FLOR","1","0","0","H87","0"
"100328542","270A2669P1","BRKT_CEM11_NEMA3_INST","","FLOR","1","0","0","H87","0"
"100328543","270A2677P2SM","XT7","","FLOR","4","0","0","H87","0"
"100328544","270A2677P4SM","XT7","","FLOR","1","0","0","H87","0"
"100328545","270A2678P2SM","XT7","","FLOR","4","0","0","H87","0"
"100328546","270A2679P2SM","XT7","","FLOR","4","0","0","H87","0"
"100328547","270A2679P4SM","XT7","","FLOR","1","0","0","H87","0"
"100328548","270A2681P1SM","XT7 FRF INC BOT","","FLOR","1","0","0","H87","0"
"100328549","270A2681P3SM","XT7 FRF INC BOT","","FLOR","1","0","0","H87","0"
"100328550","270A2684P7","XT5","","FLOR","4","0","0","H87","0"
"100328551","270A2703P1","BARRIER, LINE SIDE, XT5 24IN","","FLOR","3","0","0","H87","0"
"100328552","270A2713P14KT","SC TIER BUS EXT XT7-UTY08A","","FLOR","1","0","0","H87","0"
"100328553","270A2718P14","SM SUPPORT CORNER POST-VB BEACE","","FLOR","4","0","0","H87","0"
"100328554","270A2718P1SM","XT7","","FLOR","8","0","0","H87","0"
"100328555","270A2720P3SM","XT7","","FLOR","1","0","0","H87","0"
"100328556","270A2724P14","SM DEPTH POST","","FLOR","4","0","0","H87","0"
"100328557","270A2725P1","XT5","","FLOR","1","0","0","H87","0"
"100328558","270A2726P1","XT5","","FLOR","1","0","0","H87","0"
"100328559","270A2730P3","XT7, CONN BUS, BRACE, MOUNT","","FLOR","18","0","0","H87","0"
"100328560","270A2765P4","XT5_MAINS_BACK PLATE_SB_24H","","FLOR","1","0","0","H87","0"
"100328561","270A2765P5","XT5_MAINS_BACK PLATE_SB_30H","","FLOR","10","0","0","H87","0"
"100328562","270A2772P1","MASTER NAME PLATE 20","","FLOR","1","0","0","H87","0"
"100328563","270A2773P2","XT5_MAINS_COMPT BRACKET_20W","","FLOR","7","0","0","H87","0"
"100328564","270A2773P3","XT5 TIE COMPONENT BRACKET","","FLOR","5","0","0","H87","0"
"100328565","270A2782P14SM","SA NEUT BUS 12/25A 35W","","FLOR","2","0","0","H87","0"
"100328566","270A2790P2","XT5_MAINS_METERING_PLATE_24W","","FLOR","2","0","0","H87","0"
"100328567","270A2795P1","XT7","","FLOR","1","0","0","H87","0"
"100328568","270A2799P1","SADDLE_18H_NEMA_STARTERS_AFM_300A","","FLOR","5","0","0","H87","0"
"100328569","270A2799P7","SADDLE_12H_NEMA_STARTERS_AFM_300A","","FLOR","34","0","0","H87","0"
"100328570","270A2808P1","MTG_BRKT_VER_SPRT_FUSES_NEMA_SZ1-SZ6","","FLOR","2","0","0","H87","0"
"100328571","270A2808P2","MTG_BRKT_VER_SPRT_FUSES_NEMA_SZ2","","FLOR","6","0","0","H87","0"
"100328572","270A2809P1","MTG_BRKT_CONT_FVNR_NEMA_SZ2","","FLOR","8","0","0","H87","0"
"100328573","270A2813P1","XT7, MAINS, MTR PLATE, 20W","","FLOR","20","0","0","H87","0"
"100328574","270A2814P1","XT7","","FLOR","2","0","0","H87","0"
"100328575","270A2819P14SM","SA NEUTRAL PAD LUG 16-20A","","FLOR","1","0","0","H87","0"
"100328576","270A2820P14SM","SA A-B LUG PAD 16-20A","","FLOR","2","0","0","H87","0"
"100328577","270A2821P1","XT7, MAINS, TB, PLATE, 13H","","FLOR","5","0","0","H87","0"
"100328578","270A2821P14SM","SA LUG PAD C 16-20A","","FLOR","1","0","0","H87","0"
"100328579","270A2826P1","XT7_MAINS_MTR_PLATE_20W","","FLOR","5","0","0","H87","0"
"100328580","270A2828P1","XT7","","FLOR","14","0","0","H87","0"
"100328581","270A2863P43","FLOOR SILL 30","","FLOR","4","0","0","H87","0"
"100328582","270A2863P6","FLOOR SILL 20X20X20","","FLOR","10","0","0","H87","0"
"100328583","270A2864P1","SILL GUSSET","","FLOR","102","0","0","H87","0"
"100328584","270A2881P1","PLATE DUAL FEEDER","","FLOR","7","0","0","H87","0"
"100328585","270A2881P7","PLATE DUAL FEEDER","","FLOR","52","0","0","H87","0"
"100328586","270A2885P14","SM SUPPORT","","FLOR","4","0","0","H87","0"
"100328587","270A2895P14SM","SA NEUTRAL 12A 30D BR/TL","","FLOR","2","0","0","H87","0"
"100328588","270A2923P14SM","SA NEUTRAL 12A 30D BR/TL","","FLOR","2","0","0","H87","0"
"100328589","270A2924P14SM","SA NEUTRAL DISC 12A","","FLOR","2","0","0","H87","0"
"100328590","270A2927P14SM","SA DISC AUX NEUT BUS 25A RG","","FLOR","2","0","0","H87","0"
"100328591","270A2928P14SM","SA AUX NEUT BUS 25A GFSE LD RG","","FLOR","2","0","0","H87","0"
"100328592","270A2930P14SM","SA AUX NEUT BUS 25A GFSE LN RG","","FLOR","1","0","0","H87","0"
"100328593","270A2931P14SM","SA GND BONDING 25A RG","","FLOR","1","0","0","H87","0"
"100328594","270A2938P14KT","SC EVO NEUT SPLIT W 1SDA101974R1 30W 06A","","FLOR","1","0","0","H87","0"
"100328595","270A2939P14","SM CT 142 STR 3 BRCKT PHA & C REAR 30W","","FLOR","2","0","0","H87","0"
"100328596","270A2940P14KT","SC LUG STRAPS 30D 40/60A","","FLOR","9","0","0","H87","0"
"100328597","270A2951P14","SM FHB 45D CMB25 N7 G17 15 OFFSET EUSER-","","FLOR","1","0","0","H87","0"
"100328598","270A2967P14","SM SUP BRACKET ZERO TIERS HPCII 9","","FLOR","2","0","0","H87","0"
"100328599","270A2971P3","MTG_PLATE_66HX20W_FVNR_N6_SMART_NEMA","","FLOR","1","0","0","H87","0"
"100328600","270A2972P1","CTR_MTG_PLATE_31HX5W_FVNR_SZ6_SMART_NEMA","","FLOR","1","0","0","H87","0"
"100328601","270A2973P1","MTG_BRKT_FVNR_17HX6W_SZ6_SMART_NEMA","","FLOR","1","0","0","H87","0"
"100328602","270A2974P10","BRKT_36x20x1.43_LPB_RQ_4.76","","FLOR","1","0","0","H87","0"
"100328603","270A2974P40","BRKT_36x20x0.85_LPB_RE_4.76","","FLOR","2","0","0","H87","0"
"100328604","270A2974P7","BRKT_30x20x1.43_LPB_RQ_4.76","","FLOR","1","0","0","H87","0"
"100328605","270A2975P10","BRKT_36x20x1.43_LPB_RQ_4.76","","FLOR","1","0","0","H87","0"
"100328606","270A2975P22","BRKT_42x20x1.43_LPB_RQ_4.76","","FLOR","1","0","0","H87","0"
"100328607","270A2975P40","BRKT_36x20x0.85_LPB_RE_4.76","","FLOR","3","0","0","H87","0"
"100328608","270A2975P8","BRKT_30x24x1.43_LPB_RQ_4.76","","FLOR","2","0","0","H87","0"
"100328609","270A2976P11","BRKT_4.8x24x1.488_LPB_TOP_RQ","","FLOR","4","0","0","H87","0"
"100328610","270A2976P40","BRKT_4.8x20x0.908_LPB_TOP_RE","","FLOR","2","0","0","H87","0"
"100328611","270A2977P10","BRKT_4.8x20x1.488_LPB_BOTTOM_RQ","","FLOR","1","0","0","H87","0"
"100328612","270A2977P11","BRKT_4.8x24x1.488_LPB_BOTTOM_RQ","","FLOR","4","0","0","H87","0"
"100328613","270A2977P40","BRKT_4.8x20x0.908_LPB_BOTTOM_RE","","FLOR","1","0","0","H87","0"
"100328614","270A2980P1","BRKT_14.8x1.5_TOP_LPB_SPRT","","FLOR","21","0","0","H87","0"
"100328615","270A2980P2","BRKT_14.8x1.5_BOTTOM_LPB_SPRT","","FLOR","22","0","0","H87","0"
"100328616","270A2980P3","BRKT_24x3_TOP_LPB_SPRT","","FLOR","2","0","0","H87","0"
"100328617","270A2980P4","BRKT_24x3_BOTTOM_LPB_SPRT","","FLOR","2","0","0","H87","0"
"100328618","270A2982P1","BRKT_4x1x5_SPRT_PRT","","FLOR","51","0","0","H87","0"
"100328619","270A2982P2","BRKT_4x2x5_SPRT_PRT","","FLOR","46","0","0","H87","0"
"100328620","270A2982P3","BRKT_4x5x5_SPRT_PRT","","FLOR","5","0","0","H87","0"
"100328621","270A2988P1","XT7","","FLOR","2","0","0","H87","0"
"100328622","270A2993P14","SM FHB 40D TM20 N34 G67","","FLOR","1","0","0","H87","0"
"100328623","270A3003P14","SM MTG BRCKT CT 142-202 45W REAR","","FLOR","2","0","0","H87","0"
"100328624","270A3004P14","SM MTG BRCKT CT 142-202 45W REAR","","FLOR","2","0","0","H87","0"
"100328625","270A3029P14KT","SC LUGSTRAP NEUT 50A SEB","","FLOR","3","0","0","H87","0"
"100328626","270A3095P14","SM FHB 35D BMB30 N7 G17 EVO-SPEC","","FLOR","1","0","0","H87","0"
"100328627","270A3110P14SM","SA INTERMIX RG STRAPS 12A","","FLOR","1","0","0","H87","0"
"100328628","270A3111P14SM","SA INTERMIX RG STRAPS 12A","","FLOR","1","0","0","H87","0"
"100328629","270A3112P14SM","SA INTERMIX RG STRAPS 12A","","FLOR","1","0","0","H87","0"
"100328630","270A3113P14SM","SA INTERMIX RG STRAPS 12A","","FLOR","1","0","0","H87","0"
"100328631","270A3114P14SM","SA EINTERMIX RG STRAPS 12A","","FLOR","1","0","0","H87","0"
"100328632","270A3115P14SM","SA EINTERMIX RG STRAPS 12A","","FLOR","1","0","0","H87","0"
"100328633","270A3124P14","SM BRKT","","FLOR","2","0","0","H87","0"
"100328634","270A3134P14KT","SC AUX GND BR/TL 45D 30A","","FLOR","31","0","0","H87","0"
"100328635","270A3176P14SM","SA E4.2 LUGSGTRAPS AL-3P-35W","","FLOR","107","0","0","H87","0"
"100328636","270A3211P14KT","SC LUG STRAPS 25D 40/60A","","FLOR","5","0","0","H87","0"
"100328637","270A3215P14","SM BASEPLATE 40W 12H","","FLOR","7","0","0","H87","0"
"100328638","270A3245P14","SM BASE PLATE 35W 20H ACUPANEL","","FLOR","1","0","0","H87","0"
"100328639","270A3248P14","SM TRAY BARRIER EVO 35W","","FLOR","1","0","0","H87","0"
"100328640","270A3252P14SM","SA EMAX E6.2 W LUGSTRAP 5K (2","","FLOR","13","0","0","H87","0"
"100328641","270A3268P14","SM FH BARR 30D","","FLOR","1","0","0","H87","0"
"100328642","270A3272P14KT","SC VERT RISER","","FLOR","1","0","0","H87","0"
"100328643","270A3273P14KT","SC VERT RISER","","FLOR","1","0","0","H87","0"
"100328644","270A3275P14KT","SC VERT NEUT RISE DISC 25A","","FLOR","1","0","0","H87","0"
"100328645","270A3299P14SM","SA POT NEUTRAL 12-20A 55D","","FLOR","1","0","0","H87","0"
"100328646","270A3301P14","SM FHB EVO 30D TMB20 N67 G67","","FLOR","2","0","0","H87","0"
"100328647","270A3322P14","SM BASEPLATE 40W 24H","","FLOR","2","0","0","H87","0"
"100328648","270A3340P14SM","SC RG BONDING JUMPER RG","","FLOR","1","0","0","H87","0"
"100328649","270A3343P14SM","SC GND FNT ACC 2","","FLOR","4","0","0","H87","0"
"100328650","270A3344P14SM","SC GND FNT ACC 2","","FLOR","9","0","0","H87","0"
"100328651","270A3404P14KT","SC NEUT BUS DISC 30A 25D","","FLOR","1","0","0","H87","0"
"100328652","270A3458P14","SM FHB 45D CMB35 N77 G67 SS-EVO 5 OFF","","FLOR","2","0","0","H87","0"
"100328653","270A3467P14","SM BRACKET BARRIER","","FLOR","4","0","0","H87","0"
"100328654","270A3471P14SM","SC RSB TIER 25D 16A PHA OUT","","FLOR","1","0","0","H87","0"
"100328655","270A3472P14SM","SC RSB TIER 25D 16A PHA IN","","FLOR","1","0","0","H87","0"
"100328656","270A3473P14SM","SC RSB TIER 25D 16A PHA OUT","","FLOR","1","0","0","H87","0"
"100328657","270A3474P14SM","SC RSB TIER 25D 16A PHA IN","","FLOR","1","0","0","H87","0"
"100328658","270A3475P14SM","SC RSB TIER 25D 16A PHA OUT","","FLOR","1","0","0","H87","0"
"100328659","270A3476P14SM","SC RSB TIER 25D 16A PHA IN","","FLOR","1","0","0","H87","0"
"100328660","270A3484P14","SM BASEPLATE 25W 12H","","FLOR","8","0","0","H87","0"
"100328661","270A3521P14SM","SA 5 EXTENSION ADAPTER 12A/25A AL PH C","","FLOR","1","0","0","H87","0"
"100328662","270A3522P14SM","SA 5 EXTENSION ADAPTER 12A/25A AL PH B","","FLOR","1","0","0","H87","0"
"100328663","270A3523P14SM","SA 5 EXTENSION ADAPTER 12A/25A AL PH A","","FLOR","1","0","0","H87","0"
"100328664","270A3547P14SM","SC NEUT BUS 25A BW 45W","","FLOR","2","0","0","H87","0"
"100328665","270A3556P14","SM BASEPLATE 4PT TB","","FLOR","1","0","0","H87","0"
"100328666","270A3567P14KT","SC NEUT DISC 08A RG SE","","FLOR","1","0","0","H87","0"
"100328667","270A3655P14KT","SC LUGSTRAP CU R1 E6.2 4K","","FLOR","3","0","0","H87","0"
"100328668","270A3658P14KT","SC LUGSTRAP CU L1 E6.2 4K","","FLOR","1","0","0","H87","0"
"100328669","270A3678P14SM","SA AUX NEUT 08A SE DISC","","FLOR","1","0","0","H87","0"
"100328670","270A3698P14SM","SA TIER BUS A&C OUT 30A T25 CL9","","FLOR","1","0","0","H87","0"
"100328671","270A3699P14SM","SA TIER BUS A&C INN 30A T25 CL9","","FLOR","1","0","0","H87","0"
"100328672","270A3700P14SM","SA TIER BUS B 30A T25 CL9","","FLOR","1","0","0","H87","0"
"100328673","270A3721P14","SM FHB 45D TM20 N34 G67","","FLOR","1","0","0","H87","0"
"100328674","270A3722P14KT","SC ADAPTER TO LIQXFMR TRANSITION 50A","","FLOR","6","0","0","H87","0"
"100328675","270A3723P14KT","SC ADAPTER TO LIQXFMR TRANSITION 50A","","FLOR","6","0","0","H87","0"
"100328676","270A3726P14KT","SC RISER LIQXFMR TRANSITION 50A","","FLOR","2","0","0","H87","0"
"100328677","270A3739P14KT","SC LIQXFMR SPLICE 50A","","FLOR","2","0","0","H87","0"
"100328678","270A3740P14KT","SC LIQXFMR SPLICE 50A","","FLOR","2","0","0","H87","0"
"100328679","270A3741P14KT","SC SPACER 50A","","FLOR","56","0","0","H87","0"
"100328680","270A3777P14","SM BASEPLATE 20W X 8H","","FLOR","1","0","0","H87","0"
"100328681","270A3778P14KT","SC LIQXFMR CONNECTOR 50A","","FLOR","16","0","0","H87","0"
"100328682","270A3830P14KT","270a3830p14","","FLOR","1","0","0","H87","0"
"100328683","270A3840P14SM","SA RSB","","FLOR","2","0","0","H87","0"
"100328684","270A3841P14SM","SA RSB","","FLOR","2","0","0","H87","0"
"100328685","270A3903P14","SM FHB 35D CMB30 N34 G79","","FLOR","1","0","0","H87","0"
"100328686","270A3928P14SM","SA TIERS","","FLOR","19","0","0","H87","0"
"100328687","270A3929P14SM","SA TIERS","","FLOR","19","0","0","H87","0"
"100328688","270A3930P14SM","SA TIERS","","FLOR","19","0","0","H87","0"
"100328689","270A3937P14","SM FHB 45D TMB25 N34 G67 SS-EVO -08A","","FLOR","17","0","0","H87","0"
"100328690","270A3945P14KT","SC NEUT RISER 63H 12/25A RG","","FLOR","2","0","0","H87","0"
"100328691","270A4011P14KT","40W GND BUS 40A CU","","FLOR","4","0","0","H87","0"
"100328692","270A4046P14SM","SA RECP TIER PHA 30A","","FLOR","13","0","0","H87","0"
"100328693","270A4047P14SM","SA RECP TIER PHA 30A","","FLOR","7","0","0","H87","0"
"100328694","270A4048P14SM","SA RECP TIER PHB 30A","","FLOR","1","0","0","H87","0"
"100328695","270A4049P14SM","SA RECP TIER PHB 30A","","FLOR","7","0","0","H87","0"
"100328696","270A4050P14SM","SA RECP TIER PHC 30A","","FLOR","6","0","0","H87","0"
"100328697","270A4051P14SM","SA RECP TIER PHC 30A","","FLOR","7","0","0","H87","0"
"100328698","270A4052P14SM","SA SPACER TIER 30A","","FLOR","71","0","0","H87","0"
"100328699","270A4056P14SM","SA NEUT RISER","","FLOR","6","0","0","H87","0"
"100328700","270A4057P14SM","SA NEUT RISER","","FLOR","3","0","0","H87","0"
"100328701","270A4060P14SM","SA NEUT STRP RECEP","","FLOR","8","0","0","H87","0"
"100328702","270A4061P14SM","SA NEUT STRP RECEP","","FLOR","4","0","0","H87","0"
"100328703","270A4063P14","SM XT7 SUP BRACE BRACK STGR 3 2 OFF","","FLOR","2","0","0","H87","0"
"100328704","270A4088P14","SM FHB 30D TM20 N7 G17 EUSERC","","FLOR","1","0","0","H87","0"
"100328705","270A4128P14SM","SA XT7 TIERS AL 1200A PHC 30D","","FLOR","1","0","0","H87","0"
"100328706","270A4129P14SM","SA XT7 TIERS AL 1200A PHC 30D","","FLOR","1","0","0","H87","0"
"100328707","270A4138P14","SM HORIZONTAL MOUNTING PLATE 40W","","FLOR","1","0","0","H87","0"
"100328708","270A4174P14","SM BASEPLATE REAR STRINGER 30W","","FLOR","1","0","0","H87","0"
"100328709","270A4179P14","SM BRKT FRONT BARRIER","","FLOR","2","0","0","H87","0"
"100328710","270A4181P14","SM FHB 50D CMB45 N7 G17","","FLOR","1","0","0","H87","0"
"100328711","270A4187P14SM","SA AUX NEUT GEN 40D 20A","","FLOR","3","0","0","H87","0"
"100328712","270A4188P14SM","SA TIER A-PH OUT","","FLOR","3","0","0","H87","0"
"100328713","270A4189P14SM","SA RECP TIER A-PH","","FLOR","9","0","0","H87","0"
"100328714","270A4190P14SM","SA RECP TIER B-PH","","FLOR","10","0","0","H87","0"
"100328715","270A4191P14SM","SA RECP TIER B-PH","","FLOR","3","0","0","H87","0"
"100328716","270A4192P14SM","SA RECP TIER C-PH","","FLOR","3","0","0","H87","0"
"100328717","270A4193P14SM","SA RECP TIER C-PH","","FLOR","28","0","0","H87","0"
"100328718","270A4194P14SM","SA NEUT STRP RECEP","","FLOR","6","0","0","H87","0"
"100328719","270A4195P14SM","SA NEUT RISER","","FLOR","40","0","0","H87","0"
"100328720","270A4196P14SM","SA NEUT RISER","","FLOR","7","0","0","H87","0"
"100328721","270A4199P14SM","SA AUX NEUTRAL FULL GEN 30A 50D","","FLOR","8","0","0","H87","0"
"100328722","270A4200P14SM","SA AUX NEUTRAL FULL GEN 30A 50D","","FLOR","11","0","0","H87","0"
"100328723","270A4240P14SM","SA RECP TIER A-PH OUT","","FLOR","8","0","0","H87","0"
"100328724","270A4241P14SM","SA RECP TIER B-PH","","FLOR","6","0","0","H87","0"
"100328725","270A4243P14SM","SA NEUT STRP RECEP","","FLOR","8","0","0","H87","0"
"100328726","270A4245P14SM","SA AUX NEUT GEN 40D 12A","","FLOR","4","0","0","H87","0"
"100328727","270A4246P14SM","SA LUG STRAP 12A","","FLOR","5","0","0","H87","0"
"100328728","270A4262P14","SM FHB 60D CMB45","","FLOR","1","0","0","H87","0"
"100328729","270A4263P14","SM FHB 5&apos; EXTENSION","","FLOR","1","0","0","H87","0"
"100328730","270A4271P14","SM BRACKET NEUT RISER","","FLOR","2","0","0","H87","0"
"100328731","270A4293P14","SM FHB EVO 35D CMB20 N77 G67","","FLOR","1","0","0","H87","0"
"100328732","270A4304P14","SM MFG BRKT RH","","FLOR","8","0","0","H87","0"
"100328733","270A4305P14","SM MFG BRKT LH","","FLOR","4","0","0","H87","0"
"100328734","270A4317P14","SM HORIZONTAL MOUNTING PLATE UPS STGR 3","","FLOR","1","0","0","H87","0"
"100328735","270A4318P14","SM HORIZONTAL MOUNTING PLATE UPS STGR 3","","FLOR","3","0","0","H87","0"
"100328736","270A4319P14","SA CT MTG BRCKT 40W","","FLOR","1","0","0","H87","0"
"100328737","270A4323P14","SM BASEPLATE 50W X 12H","","FLOR","2","0","0","H87","0"
"100328738","270A4336P14","SM BASEPLATE 11W X 12H","","FLOR","1","0","0","H87","0"
"100328739","270A4390P14","SM MNTG PLATE","","FLOR","1","0","0","H87","0"
"100328740","270A4399P14","SM FH BARRIER 10&apos; EXTENSION","","FLOR","1","0","0","H87","0"
"100328741","270A4403P14","SM BASEPLATE 40W 16H","","FLOR","2","0","0","H87","0"
"100328742","270A4436P14KT","SC SPL EVO-SPC 50A 10 OFF","","FLOR","1","0","0","H87","0"
"100328743","270A4439P14KT","SC SPLIT NEUTRAL EMAX SENSOR 40W 50A","","FLOR","2","0","0","H87","0"
"100328744","270A4451P14SM","SA XT5 B PHASE ZERO T20 AL","","FLOR","1","0","0","H87","0"
"100328745","270A4466P14","SM BASEPLATE 30W 08H","","FLOR","2","0","0","H87","0"
"100328746","270A4478P14KT","SC LUG STRAPS 08A LUGS (4)","","FLOR","45","0","0","H87","0"
"100328747","270A4537P14KT","SC AUX GRND 16A & 20A 40D","","FLOR","4","0","0","H87","0"
"100328748","270A4601P14","DEVICE MTG BRACKET","","FLOR","56","0","0","H87","0"
"100328749","270A4611P14","SM SUP BRACKET LUGSTRAP STGR 5 HPCII 5","","FLOR","2","0","0","H87","0"
"100328750","270A4762P14","SM FHB 40D TMB20 34N 67G 12A -NEUT TAP","","FLOR","98","0","0","H87","0"
"100328751","270A4800P14KT","SC NEUT BUS 40A BW 45W","","FLOR","2","0","0","H87","0"
"100328752","270A4829P14SM","SA SPLC","","FLOR","34","0","0","H87","0"
"100328753","270A4831P14SM","SA SPLC","","FLOR","36","0","0","H87","0"
"100328754","270A4842P14","SM HORIZONTAL MOUNTING PLATE UPS 40W STG","","FLOR","3","0","0","H87","0"
"100328755","270A4843P14","SM BRACKET DEVICE UPS STRIN 5","","FLOR","6","0","0","H87","0"
"100328756","270A4887P14","SM DEVICE MNTG BRKT STRG 10","","FLOR","14","0","0","H87","0"
"100328757","270A4889P14","SM HORIZONTAL MOUNTING PLATE 40W","","FLOR","2","0","0","H87","0"
"100328758","270A4890P14","SM BRACKET DEVICE BETWEEN STRNG","","FLOR","30","0","0","H87","0"
"100328759","270A4916P14","SM BASEPLATE FOR 55W 14H","","FLOR","2","0","0","H87","0"
"100328760","270A5002P10","SC HPCII LN TIER 30D","","FLOR","4","0","0","H87","0"
"100328761","270A5006P10","SC HPCII LN TIER 40D","","FLOR","4","0","0","H87","0"
"100328762","270A5008P10","SC HPCII LN TIER 30D","","FLOR","4","0","0","H87","0"
"100328763","270A5013P10","SC HPCII LN TIER 30D","","FLOR","4","0","0","H87","0"
"100328764","270A5013P14","SM FHB 30D TB20 N34 G67","","FLOR","1","0","0","H87","0"
"100328765","270A5027P14SM","SA ADAPT MB PHA","","FLOR","3","0","0","H87","0"
"100328766","270A5028P14SM","SA ADAPT MB PHA","","FLOR","3","0","0","H87","0"
"100328767","270A5035P8","SM FH BARR 40D","","FLOR","1","0","0","H87","0"
"100328768","270A5059P14","SM BASEPLATE 10W 7H FOR SCREWED ZIP","","FLOR","2","0","0","H87","0"
"100328769","270A5060P14","SM BASEPLATE 8W 7H FOR SCREWED ZIP","","FLOR","2","0","0","H87","0"
"100328770","270A5061P11","CT MTG BRACKET","","FLOR","8","0","0","H87","0"
"100328771","270A5086P14SM","SA RISER 20/40A EMAX SENSOR FOR STUB","","FLOR","3","0","0","H87","0"
"100328772","270A5087P14","SM FHB 45D CMB40 N7 G17 EUSERC","","FLOR","1","0","0","H87","0"
"100328773","270A5099P14SM","SA NEUTRAL 10A BW 35W W/ LUGS","","FLOR","2","0","0","H87","0"
"100328774","270A5100P14KT","SC E6.2F BS JNT TIER 40A P1 50D","","FLOR","1","0","0","H87","0"
"100328775","270A5101P14KT","SC E6.2F BS JNT TIER 40A P1 50D","","FLOR","1","0","0","H87","0"
"100328776","270A5104P14KT","SC E6.2F BS CONN 40A","","FLOR","4","0","0","H87","0"
"100328777","270A5105P14SM","SA SPLIT NEUT LINE W/ DISC 20A 35W","","FLOR","2","0","0","H87","0"
"100328778","270A5106P14SM","SA SPLIT NEUT LOAD W/ DISC 20A 35W","","FLOR","2","0","0","H87","0"
"100328779","270A5107P14SM","SA NEUTRAL DISC 20A","","FLOR","2","0","0","H87","0"
"100328780","270A5108P14","SM MTG BRKT FOR UPS 40W","","FLOR","1","0","0","H87","0"
"100328781","270A5109P14","SM MOUNTING BRACKET FOR UPS","","FLOR","4","0","0","H87","0"
"100328782","270A5112P10","SC HPCII LN TIER 35D","","FLOR","4","0","0","H87","0"
"100328783","270A5116P10","SC HPCII LN TIER 30D","","FLOR","1","0","0","H87","0"
"100328784","270A5125P10","SC HPCII LD TIER 25D","","FLOR","1","0","0","H87","0"
"100328785","270A5126P10","SC HPCII LD TIER 25D","","FLOR","3","0","0","H87","0"
"100328786","270A5127P10","SC HPCII LD TIER 25D","","FLOR","2","0","0","H87","0"
"100328787","270A5129P14KT","30A BONDING JUMPERR BAR","","FLOR","2","0","0","H87","0"
"100328788","270A5130P14KT","30A BONDING JUMPERR BAR","","FLOR","1","0","0","H87","0"
"100328789","270A5140P11","SM FH BARR 30D","","FLOR","3","0","0","H87","0"
"100328790","270A5141P12","SC SPLT NEU GFSE LD 12A50W NP","","FLOR","1","0","0","H87","0"
"100328791","270A5151P4","PLATE AUXILIARY ETHERNET","","FLOR","137","0","0","H87","0"
"100328792","270A5153P8","C PH STUB OUTER","","FLOR","1","0","0","H87","0"
"100328793","270A5154P8","C PH STUB INNER","","FLOR","1","0","0","H87","0"
"100328794","270A5155P8SM","NEUTRAL STUB BUS","","FLOR","1","0","0","H87","0"
"100328795","270A5156P8","A PH STUB INNER","","FLOR","1","0","0","H87","0"
"100328796","270A5157P8","B PH STUB","","FLOR","2","0","0","H87","0"
"100328797","270A5170P12","SC N SPLIT DISCONNECT 12A XT7SNSR","","FLOR","1","0","0","H87","0"
"100328798","270A5171P12","SC SPLT NEU GFSE LN 12A35W NP","","FLOR","1","0","0","H87","0"
"100328799","270A5188P10","SC HPCII LD TIER 40D","","FLOR","8","0","0","H87","0"
"100328800","270A5193P10","SC HPCII LD TIER 40D","","FLOR","2","0","0","H87","0"
"100328801","270A5194P7","SI FH BARRIER MAIN DEVICE SECTION 35D","","FLOR","1","0","0","H87","0"
"100328802","270A5195P10","SC HPCII LD TIER 30D","","FLOR","2","0","0","H87","0"
"100328803","270A5206P14","SM HORIZONTAL MOUNTING PLATE 40W 40D","","FLOR","1","0","0","H87","0"
"100328804","270A5206P7","SM BASEPLATE 35W 19H","","FLOR","8","0","0","H87","0"
"100328805","270A5215P10","270A5215P10","","FLOR","2","0","0","H87","0"
"100328806","270A5216P12KT","SC XT4 SENSOR ADAPTER","","FLOR","79","0","0","H87","0"
"100328807","270A5230P12","SM FHB 50D CMB35 N77 G67 EVO SPECTRA","","FLOR","1","0","0","H87","0"
"100328808","270A5234P8","SM BRKT VERT BARR","","FLOR","8","0","0","H87","0"
"100328809","270A5239P12","LUG STRAP 40A BCPS","","FLOR","6","0","0","H87","0"
"100328810","270A5241P14KT","MBUS SPLICE","","FLOR","3","0","0","H87","0"
"100328811","270A5242P14","XFMR STR 30H","","FLOR","2","0","0","H87","0"
"100328812","270A5247P7","SA ADAPTER 20A","","FLOR","1","0","0","H87","0"
"100328813","270A5247P7KT","B PHASE TIER","","FLOR","1","0","0","H87","0"
"100328814","270A5251P14","SM COVER BASEPLATE 25W 08H","","FLOR","1","0","0","H87","0"
"100328815","270A5277P10","SM AUX GN ABB XTION BRKT 3 STG","","FLOR","2","0","0","H87","0"
"100328816","270A5279P5","BRACKET PARA SUMMING","","FLOR","1130","0","0","EA","0"
"100328817","270A5282P14","SM FHB 55D MB35 N77 G67","","FLOR","2","0","0","H87","0"
"100328818","270A5285P14KT","SC PHA & C TIER BUS 11 CL 60A","","FLOR","2","0","0","H87","0"
"100328819","270A5286P14KT","SC PHA & C TIER BUS 11 CL 60A","","FLOR","2","0","0","H87","0"
"100328820","270A5286P4","270A5270P4","","FLOR","1","0","0","H87","0"
"100328821","270A5287P4","MOUNTING BRACKET","","FLOR","3","0","0","H87","0"
"100328822","270A5292P14KT","SC NEUTRAL DISCONNECT 40A TO 60A","","FLOR","2","0","0","H87","0"
"100328823","270A5296P4","MOUNTING BRACKET","","FLOR","2","0","0","H87","0"
"100328824","270A5307P14SM","SA NEUTRAL RISER DISCONNECT 40A 10H","","FLOR","21","0","0","H87","0"
"100328825","270A5308P14SM","SA NEUT RISER DISC 20/40A 10H","","FLOR","9","0","0","H87","0"
"100328826","270A5322P14","SM FHB 55D MB50 N7 G17","","FLOR","2","0","0","H87","0"
"100328827","270A5326P10","SM FHB 10 INCH EXTENSION","","FLOR","6","0","0","H87","0"
"100323982","270A5346P2","HINGE BRACKET","","FLOR","2","0","0","H87","0"
"100328829","270A5355P1","VERTICAL GROUND BUS MOUNTING B","","FLOR","99","0","0","H87","0"
"100328830","270A5362P11","XT4 H/COVER 30W 8H","","FLOR","1","0","0","H87","0"
"100328831","270A5367P11","XT4 H/COVER 40W 8H","","FLOR","1","0","0","H87","0"
"100328832","270A5373P6","SA NEUT RISER AL 40A 70H","","FLOR","2","0","0","H87","0"
"100328833","270A5378P9","SC NEUT CONN STP 60A 50D OUT","","FLOR","1","0","0","H87","0"
"100328834","270A5379P9","SC NEUT CONN STP 60A 50D MID","","FLOR","1","0","0","H87","0"
"100328835","270A5380P9","SC NEUT CONN STP 60A 50D IN","","FLOR","1","0","0","H87","0"
"100328836","270A5382P12SM","BONDING JUMPER","","FLOR","2","0","0","H87","0"
"100328837","270A5395P10","SM BASE PLATE 40W 24H","","FLOR","2","0","0","H87","0"
"100328838","270A5403P14KT","BONDING JUMPER AUX NEUTRAL 50A","","FLOR","3","0","0","H87","0"
"100328840","270A5419P6","SA ADAPTER 12 & 25A","","FLOR","1","0","0","H87","0"
"100328841","270A5432P3","SM ABB GND MTG BRKT","","FLOR","4","0","0","H87","0"
"100328842","270A5432P9","SA LUG LAND PHA/C 16-20A","","FLOR","2","0","0","H87","0"
"100328843","270A5433P9","SA LUG LAND PHB 16-20A","","FLOR","1","0","0","H87","0"
"100328844","270A5435P14KT","SC SPACER","","FLOR","2","0","0","H87","0"
"100328845","270A5442P8","SA GND BUS 15W 40A","","FLOR","1","0","0","H87","0"
"100328846","270A5457P14SM","SA NEUT RISER 40A - 43H","","FLOR","3","0","0","H87","0"
"100328847","270A5459P6","MOUNTING BRACKET","","FLOR","2","0","0","H87","0"
"100328848","270A5460P14SM","SA NEUT STRAP RISER 40A - 12.75H","","FLOR","2","0","0","H87","0"
"100328849","270A5463P7","SA LUG PAD A-B 25A","","FLOR","1","0","0","H87","0"
"100328850","270A5468P12","SC GND AUX 25A 50D","","FLOR","1","0","0","H87","0"
"100328851","270A5469P12","SC NEUT AUX","","FLOR","2","0","0","H87","0"
"100328852","270A5475P9KT","SC NEUT CONN VERT 50A 20D OUT","","FLOR","2","0","0","H87","0"
"100328853","270A5476P9KT","SC NEUT CONN VERT 50A 20D INN","","FLOR","2","0","0","H87","0"
"100328854","270A5479P14","SM FHB 35D BM20 N7 G17","","FLOR","1","0","0","H87","0"
"100328855","270A5502P14","SM TERMINAL TOP BRACKET 50W FOR EB27B06S","","FLOR","2","0","0","H87","0"
"100328856","270A5502P8","SM BASEPLATE 20W X 8H","","FLOR","6","0","0","H87","0"
"100328857","270A5506P14SM","SA TIER BUS EXTEND AL 12A 7","","FLOR","1","0","0","H87","0"
"100328858","270A5507P14SM","SA TIER BUS EXTEND AL 12A 7","","FLOR","1","0","0","H87","0"
"100328859","270A5514P8","SM CT 135 BRCKT 30W","","FLOR","4","0","0","H87","0"
"100328860","270A5520P11","SM MTG BRKT CT 140 40W CL9","","FLOR","3","0","0","H87","0"
"100328861","270A5525P14SM","SA NEUT STRAP ADAPTER 40A","","FLOR","2","0","0","H87","0"
"100328862","270A5526P14SM","SA NEUT STRAP ADAPTER 40A","","FLOR","2","0","0","H87","0"
"100328863","270A5529P10","SM POST 3 STRGR DEPTH 3H","","FLOR","4","0","0","H87","0"
"100328864","270A5529P14SM","SA LUG STRAP 40A NEUT","","FLOR","2","0","0","H87","0"
"100328865","270A5530P14SM","SA LUG STRAP 40A NEUT","","FLOR","2","0","0","H87","0"
"100328866","270A5537P12","SM FHB 45D CMB30 N77 G67 SS TO EVO OFF","","FLOR","2","0","0","H87","0"
"100328867","270A5539P3","BUS SPLICE 60A","","FLOR","1","0","0","H87","0"
"100328868","270A5540P3","BUS SPLICE 60A","","FLOR","1","0","0","H87","0"
"100328869","270A5541P11","Stringer plate 35W","","FLOR","15","0","0","H87","0"
"100328870","270A5541P3","BUS SPLICE 60A","","FLOR","1","0","0","H87","0"
"100328871","270A5542P3","BUS SPLICE 60A","","FLOR","1","0","0","H87","0"
"100328872","270A5547P14SM","SA SPLIT NEUT 40A WITH GF 40W","","FLOR","14","0","0","H87","0"
"100328873","270A5550P14","SM SUPPORT BRACKET 40W NEUT","","FLOR","18","0","0","H87","0"
"100328874","270A5552P8","SM BASEPLATE 35W 20H","","FLOR","1","0","0","H87","0"
"100328875","270A5553P12","SA LUG LANDING 16-20A A-C PH","","FLOR","3","0","0","H87","0"
"100328876","270A5554P12","SA LUG LANDING 16-20A NEUT","","FLOR","1","0","0","H87","0"
"100328877","270A5560P2","SUPPORT CORNER POST","","FLOR","2","0","0","H87","0"
"100328878","270A5573P10","SM L.H. SIDE PAN 12-30A","","FLOR","3","0","0","H87","0"
"100328879","270A5577P14","SM A SERIES BRACKET","","FLOR","38","0","0","H87","0"
"100328880","270A5578P14","SM A SERIES BRACKET","","FLOR","438","0","0","H87","0"
"100328881","270A5583P8","SM BASEPLATE 35W X 18H","","FLOR","1","0","0","H87","0"
"100328882","270A5603P14KT","SPLIT NEUT","","FLOR","1","0","0","H87","0"
"100328883","270A5607P7","DOOR STOP BRKT 10 & 11 in L","","FLOR","2","0","0","H87","0"
"100328884","270A5608P7","DOOR STOP BRKT 10 & 11 in R","","FLOR","1","0","0","H87","0"
"100328885","270A5624P5","CONN STRAP 40A CU INN 13","","FLOR","5","0","0","H87","0"
"100328886","270A5627P5","270a5627p5.prt","","FLOR","6","0","0","H87","0"
"100328887","270A5628P2","SM BARR SUPP ANGLE","","FLOR","2","0","0","H87","0"
"100328888","270A5632P1","SC AUX NEUT","","FLOR","1","0","0","H87","0"
"100328889","270A5639P14","SA CT MTG BRCKT 40W","","FLOR","1","0","0","H87","0"
"100328890","270A5654P14KT","SC NEUT POT BUS 50D","","FLOR","1","0","0","H87","0"
"100328891","270A5671P5","BASEPLATE 14W7H","","FLOR","2","0","0","H87","0"
"100328892","270A5685P14","SM TRAY BARRIER S20 40W","","FLOR","1","0","0","H87","0"
"100328893","270A5685P5","208c4063p35.prt","","FLOR","1","0","0","H87","0"
"100328894","270A5686P5","208c4063p35.prt","","FLOR","1","0","0","H87","0"
"100328895","270A5693P1","SC ABB XTION NEUTRAL 5000A CU","","FLOR","2","0","0","H87","0"
"100328896","270A5694P1","SC ABB XTION NEUTRAL 5000A CU","","FLOR","2","0","0","H87","0"
"100328897","270A5694P14SM","SA AUX NEUT BUS 20A AL TR/BL 30D","","FLOR","6","0","0","H87","0"
"100328898","270A5696P14SM","SA NSPLIT DISC 10A/20A XT7","","FLOR","4","0","0","H87","0"
"100328899","270A5704P12KT","SC XT4 SENSOR ADAPTER","","FLOR","92","0","0","H87","0"
"100328900","270A5710P8","LUG STRAP ALUM","","FLOR","4","0","0","H87","0"
"100328901","270A5711P8","LUG STRAP ALUM","","FLOR","4","0","0","H87","0"
"100328902","270A5712P14","SM FRONT EXTENSION N3R 11  L & R","","FLOR","4","0","0","H87","0"
"100328903","270A5712P8","LUG STRAP ALUM","","FLOR","4","0","0","H87","0"
"100328904","270A5713P1","LUG PAD BRACE 55W","","FLOR","2","0","0","H87","0"
"100328905","270A5714P1","SC GROUND BUS 50-60A 55W","","FLOR","1","0","0","H87","0"
"100328906","270A5714P14","SM CENTER HOOD CAP 76D N3R 11","","FLOR","2","0","0","H87","0"
"100328907","270A5715P12","SC ZERO TIER LUG STRAPS","","FLOR","2","0","0","H87","0"
"100328908","270A5730P14SM","SA EMAX 1.2 ZERO TIERS 12A","","FLOR","2","0","0","H87","0"
"100328909","270A5731P14SM","SA EMAX 1.2 ZERO TIERS 12A","","FLOR","2","0","0","H87","0"
"100328910","270A5732P14SM","SA EMAX 1.2 ZERO TIERS 12A","","FLOR","2","0","0","H87","0"
"100328911","270A5733P14SM","SA EMAX 1.2 ZERO TIERS 12A","","FLOR","2","0","0","H87","0"
"100328912","270A5734P14SM","SA EMAX 1.2 ZERO TIERS 12A","","FLOR","2","0","0","H87","0"
"100328913","270A5735P14SM","SA EMAX 1.2 ZERO TIERS 12A","","FLOR","2","0","0","H87","0"
"100328914","270A5737P3","MOUNTING BRACKET FOR UPS 25W","","FLOR","4","0","0","H87","0"
"100328915","270A5738P6","SM BRCKT HINGE 76H","","FLOR","11","0","0","H87","0"
"100328916","270A5740P11","SM FHB 30D CM25 N7 GND17","","FLOR","1","0","0","H87","0"
"100328917","270A5770P14KT","SC 16A AUX NEUT SPLIT","","FLOR","1","0","0","H87","0"
"100328918","270A5771P14KT","SC 16A AUX NEUT SPLIT","","FLOR","1","0","0","H87","0"
"100328919","270A5772P14KT","SC 16A AUX NEUT TOP-L","","FLOR","2","0","0","H87","0"
"100328920","270A5773P14KT","SC 16A AUX NEUT DISC","","FLOR","2","0","0","H87","0"
"100328921","270A5788P14SM","SA XT7 Tiers - Intermix Spectra","","FLOR","1","0","0","H87","0"
"100328922","270A5792P6","SC L LUG STRAP 65K (CU LH) YA39","","FLOR","6","0","0","H87","0"
"100328923","270A5793P14","COVER PLATE SEL","","FLOR","12","0","0","H87","0"
"100328924","270A5794P14","COVER PLATE TEST BLOCK","","FLOR","12","0","0","H87","0"
"100328925","270A5800P14SM","SA AUX NEUT 40A SP WITH RG PUNCH","","FLOR","1","0","0","H87","0"
"100328926","270A5801P14","SM BASEPLATE 13","","FLOR","1","0","0","H87","0"
"100328927","270A5809P6","SUPPORT MTG BRKT 1.5 OFFSET","","FLOR","10","0","0","H87","0"
"100328928","270A5822P14SM","SA NEUTRAL RISER AL BW 10A 30W 78H SEC","","FLOR","1","0","0","H87","0"
"100328929","270A5823P14SM","SC GND RISE 10A 78H SECT","","FLOR","1","0","0","H87","0"
"100328930","270A5830P14","WIDTH POST 50W AMZN","","FLOR","99","0","0","H87","0"
"100328931","270A5832P14","WIDTH POST 50W AMZN","","FLOR","99","0","0","H87","0"
"100328932","270A5843P5","BASEPLATE 39W 12H","","FLOR","1","0","0","H87","0"
"100328933","270A5863P14","BASE PLATE 40W 8H","","FLOR","2","0","0","H87","0"
"100328934","270A5864P14","SM SUPT BRKT - NEUT TAP","","FLOR","6","0","0","H87","0"
"100328935","270A5865P12","SM BRKT SUPP AUX NEUT69","","FLOR","4","0","0","H87","0"
"100328936","270A5866P12","SM BRKT SUPP AUX NEUT69","","FLOR","4","0","0","H87","0"
"100328937","270A5873P9","SC HPCII LN TIER 35D","","FLOR","1","0","0","H87","0"
"100328938","270A5874P9","SC HPCII LN TIER 30D","","FLOR","3","0","0","H87","0"
"100328939","270A5875P14SM","SA NEUTRAL RISE DISC 06A","","FLOR","8","0","0","H87","0"
"100328940","270A5876P14SM","SA OMEGA NEUT RISER 06A W DISC","","FLOR","4","0","0","H87","0"
"100328941","270A5877P1","MOUNTING BRACKET FOR UPS","","FLOR","27","0","0","H87","0"
"100328942","270A5877P10","SC NEUT DISC CU 30A OUT","","FLOR","1","0","0","H87","0"
"100328943","270A5878P1","HAT TYPE MTG BRKT FOR UPS","","FLOR","6","0","0","H87","0"
"100328944","270A5878P10","SC NEUT DISC CU 30A IN","","FLOR","1","0","0","H87","0"
"100328945","270A5879P10","SC EVO NEUT DISC CU 60A OUT","","FLOR","1","0","0","H87","0"
"100328946","270A5880P10","SC EVO NEUT DISC CU 60A","","FLOR","1","0","0","H87","0"
"100328947","270A5881P10","SC EVO NEUT DISC CU 60A IN","","FLOR","1","0","0","H87","0"
"100328948","270A5882P10","SC NEUT DISC CU 60A","","FLOR","1","0","0","H87","0"
"100328949","270A5883P10","SC NEUT DISC CU 60A","","FLOR","1","0","0","H87","0"
"100328950","270A5894P14SM","SA SPACER NEUTRAL SPLICE 40A","","FLOR","2","0","0","H87","0"
"100328951","270A5896P14","SM SUPPORT MTG BRKT 1.62 OFFSET","","FLOR","2","0","0","H87","0"
"100328952","270A5906P6","SA TIER TRANS 16A PHC RISER","","FLOR","2","0","0","H87","0"
"100328953","270A5909P7","SM COVER POWERBREAK II 30A 40W","","FLOR","1","0","0","H87","0"
"100328954","270A5911P7","SM COVER POWERBREAK II 40A 40W","","FLOR","4","0","0","H87","0"
"100328955","270A5913P7","BARR. SUPT. 50W GND CUT","","FLOR","1","0","0","H87","0"
"100328956","270A5915P3","TIER STRAP 50A A PHASE 9OUTER CU","","FLOR","1","0","0","H87","0"
"100328957","270A5916P3","TIER STRAP 50A A PHASE 9OUTER CU","","FLOR","1","0","0","H87","0"
"100328958","270A5920P14KT","SC DISC AUX NEUTRAL 25A","","FLOR","1","0","0","H87","0"
"100328959","270A5926P9","SC HPCII LN TIER 30D","","FLOR","3","0","0","H87","0"
"100328960","270A5927P9","SC HPCII LN TIER 30D","","FLOR","3","0","0","H87","0"
"100328961","270A5928P9","SC HPCII LN TIER 30D","","FLOR","3","0","0","H87","0"
"100328962","270A5929P9","SC HPCII LN TIER 30D","","FLOR","3","0","0","H87","0"
"100328963","270A5930P9","SC HPCII LN TIER 30D","","FLOR","3","0","0","H87","0"
"100328964","270A5938P12","ESA NEUT BUS 40A BW 45W","","FLOR","2","0","0","H87","0"
"100328965","270A5943P4","SM STRINGER 90H 3 ALUMINUM","","FLOR","3","0","0","H87","0"
"100328966","270A5946P12","SA LUG STRAP B0 & N0 40A","","FLOR","8","0","0","H87","0"
"100328967","270A5947P12","SA LUG STRAP A0 & C0 40A","","FLOR","8","0","0","H87","0"
"100328968","270A5968P14","SM TERMINAL BD BRACKET 2 (12) & 2 (4)","","FLOR","10","0","0","EA","0"
"100328969","270A5969P11","SC XT4 SENSOR ADAPTER","","FLOR","14","0","0","H87","0"
"100328970","270A5969P11KT","SC XT4 SENSOR ADAPTER","","FLOR","1","0","0","H87","0"
"100328971","270A5970P11","SC XT4 SENSOR ADAPTER","","FLOR","14","0","0","H87","0"
"100328972","270A5970P11KT","SC XT4 SENSOR ADAPTER","","FLOR","1","0","0","H87","0"
"100328973","270A5973P10","HORIZONTAL BARRIER SUPPORT STRG 3","","FLOR","2","0","0","H87","0"
"100328974","270A5973P14SM","SA ADAPTER 30A","","FLOR","2","0","0","H87","0"
"100328975","270A5979P12","270a5979p12.prt","","FLOR","1","0","0","H87","0"
"100328976","270A5982P12","SA NEUT DISC","","FLOR","2","0","0","H87","0"
"100328977","270A5989P9","SC HPCII LN TIER 30D","","FLOR","8","0","0","H87","0"
"100328978","270A5994P12","SA LUG STRAP B0 & N0 40A","","FLOR","6","0","0","H87","0"
"100328979","270A5995P12","SA LUG STRAP A0 & C0 40A","","FLOR","8","0","0","H87","0"
"100328980","270A5996P9","SC HPCII LN TIER 30D","","FLOR","4","0","0","H87","0"
"100328981","270A5997P5","COVER PLATE HPCII 16A","","FLOR","1","0","0","H87","0"
"100328982","270A6003P12","270a6003p12.prt","","FLOR","3","0","0","H87","0"
"100328983","270A6055P14","SM FHB 40D BMB25 N7 G17 EUSERC","","FLOR","1","0","0","H87","0"
"100328984","270A6056P14KT","SC NEU RISER 10A CU","","FLOR","4","0","0","H87","0"
"100328985","270A6064P14","SM METER COVER PLATE","","FLOR","2","0","0","H87","0"
"100328986","270A6093P14KT","SC EUSERC GND BUS 50-60A 55W","","FLOR","1","0","0","H87","0"
"100328987","270A6103P12","SC GND RISER 50 HAT SHAPE","","FLOR","1","0","0","H87","0"
"100328988","270A6187P14","SM E22/E42 SE BARRIER REAR BRACKET 40W","","FLOR","3","0","0","H87","0"
"100328989","270A6229P14","SM HORIZONTAL MOUNTING PLATE 40W","","FLOR","1","0","0","H87","0"
"100328990","270A6230P14","SM MTG BRKT FOR UPS 30W","","FLOR","1","0","0","H87","0"
"100328991","270A6231P14","SM MOUNTING BRACKET FOR UPS UPS SSG1","","FLOR","36","0","0","H87","0"
"100328992","270A62375P12","ENTELLEON 1X BLANK","","FLOR","5","0","0","H87","0"
"100328993","270A62376P12","SM STRINGER PLATE 40W","","FLOR","16","0","0","H87","0"
"100328994","270A6264P14SM","SA XT5 B PHASE TIER T25 AL","","FLOR","1","0","0","H87","0"
"100328995","270A6307P12","SM FHB 40D BM25 N7 G17 40A EVO-SS OFF","","FLOR","2","0","0","H87","0"
"100328996","270A6310P14","SA CT 135 BRCKT 45W 11CL","","FLOR","1","0","0","H87","0"
"100328997","270A6365P12","SM FH BARRIER 40D","","FLOR","1","0","0","H87","0"
"100328998","270A6371P14KT","SC SPL EVO-SPC 30A 05 OFF","","FLOR","3","0","0","H87","0"
"100328999","270A6372P14KT","SC SPL EVO-SPC 30A 05 OFF","","FLOR","3","0","0","H87","0"
"100329000","270A6373P14KT","SC SPL EVO-SPC 30A 05 OFF","","FLOR","3","0","0","H87","0"
"100329001","270A6374P14KT","SC SPL EVO-SPC 30A 05 OFF","","FLOR","3","0","0","H87","0"
"100329002","270A6375P14KT","SC SPL EVO-SPC 30A 05 OFF","","FLOR","3","0","0","H87","0"
"100329003","270A6389P14","SM NEUT BUS CTR BRKT 40-60A 69NH","","FLOR","3","0","0","H87","0"
"100329004","270A6408P14KT","SC ADAPTER XFMR TRANSITION 16A","","FLOR","2","0","0","H87","0"
"100329005","270A6410P14","SM BRACKET FOR GND BONDING JUNMPER","","FLOR","2","0","0","H87","0"
"100329006","270A6411P14KT","SC XFMR CONNECTOR 16A PHA","","FLOR","3","0","0","H87","0"
"100329007","270A6415P14KT","SC XFMR CONNECTOR 16A PHC/NEUT","","FLOR","1","0","0","H87","0"
"100329008","270A6416P14KT","SC XFMR CONNECTOR 16A PHC/NEUT","","FLOR","2","0","0","H87","0"
"100329009","270A6419P14KT","SC NEU CONN FPL VAULT 40W 25A","","FLOR","1","0","0","H87","0"
"100329010","270A6420P14KT","SC NEU CONN FPL VAULT 40W 25A","","FLOR","1","0","0","H87","0"
"100329011","270A6432P14","SM FHB 55D CMB45 N7 G17 W/ HOLES","","FLOR","6","0","0","H87","0"
"100329012","270A6439P12","BACKPLATE 50W 48H C","","FLOR","3","0","0","H87","0"
"100329013","270A6457P12","SM DOOR UTY LH 50W 48HN","","FLOR","1","0","0","H87","0"
"100329014","270A6458P12","SM DOOR UTY RH 50W 48HN","","FLOR","1","0","0","H87","0"
"100329015","270A6459P12","SM ARM EXTENSION 48H","","FLOR","6","0","0","H87","0"
"100329016","270A6462P14","SM FHB EVO EVO FLAT 50D CMB25 N77 GND67","","FLOR","1","0","0","H87","0"
"100329017","270A6492P12","SM STRINGER PLATE 35W","","FLOR","7","0","0","H87","0"
"100329018","270A6535P14","SM FHB 40D CMB25 N7 G17 SP-EVO FLAT/BACK","","FLOR","1","0","0","H87","0"
"100329019","270A6552P14SM","SA NEUTRAL VERT BUS FP&L 30A","","FLOR","1","0","0","H87","0"
"100329020","270A6580P12","SM FH BARRIER 30W 90H","","FLOR","1","0","0","H87","0"
"100329021","270A6583P14","SM LUG PAD BRACE 50W","","FLOR","98","0","0","H87","0"
"100329022","270A6584P14SM","SA NEUTRAL VERT BUS FP&L 30A","","FLOR","9","0","0","H87","0"
"100329023","270A6595P14","SM BARR. SUPT. 45W","","FLOR","98","0","0","H87","0"
"100329024","270A6660P12","SC SPL EVO-SPC 20A 5 INN","","FLOR","3","0","0","H87","0"
"100329025","270A6662P12","SC SPL EVO-SPC 50A INN","","FLOR","3","0","0","H87","0"
"100329026","270A6663P12","SC SPL EVO-SPC 50A OUT","","FLOR","3","0","0","H87","0"
"100329027","270A6717P14KT","SC XT7 LUGSTRAPS CU 12A","","FLOR","3","0","0","H87","0"
"100329028","270A6739P14KT","SC E2.2","","FLOR","1","0","0","H87","0"
"100329029","270A6756P14","SM SUPPORT TOP XFRM TFM 225KVA 40D","","FLOR","6","0","0","H87","0"
"100329030","270A6762P14","SM SUPPORT TOP XFRM TFM 225KVA 40D","","FLOR","2","0","0","H87","0"
"100329031","270A6778P14SM","SA SPL EVO-SPC 12A 05 OFF","","FLOR","6","0","0","H87","0"
"100329032","270A6779P12","SA GND LINK 12A","","FLOR","2","0","0","H87","0"
"100329033","270A6779P14KT","SC NEUTRAL SPLIT 30A","","FLOR","6","0","0","H87","0"
"100329034","270A6780P14KT","SC NEUTRAL SPLIT 30A 35W","","FLOR","1","0","0","H87","0"
"100329035","270A6781P14KT","SC NEUTRAL SPLIT 30A 35W","","FLOR","1","0","0","H87","0"
"100329036","270A6782P14KT","SC NEUTRAL SPLIT 30A 35W","","FLOR","4","0","0","H87","0"
"100329037","270A6804P12","SM Stringer plate 60W","","FLOR","1","0","0","H87","0"
"100329038","270A6838P14","SM STUB COVER 50W 60D","","FLOR","1","0","0","H87","0"
"100329039","270A6845P14","SM FHB AMZ 60D CMB35 N77 G67","","FLOR","1","0","0","H87","0"
"100329040","270A6857P12","SM BASEPLATE 35W 4H","","FLOR","1","0","0","H87","0"
"100329041","270A6871P14KT","SC AUX NEUT BUS 25A CU TR/BL 30D","","FLOR","2","0","0","H87","0"
"100329042","270A6875P14","SM BKT GND STD","","FLOR","2","0","0","H87","0"
"100329043","270A6890P14","SM BASEPLATE 24W07H","","FLOR","1","0","0","H87","0"
"100329044","270A6891P14KT","SC SPLICE EVO-SPC 25A EXT CU","","FLOR","6","0","0","H87","0"
"100329045","270A6892P14KT","SC SPLICE EVO-SPC 25A EXT CU","","FLOR","6","0","0","H87","0"
"100329046","270A6911P14SM","SA AUX NEUT 25A 30D TR/BL","","FLOR","1","0","0","H87","0"
"100329047","270A6912P14SM","SA AUX NEUT 25A 30D TR/BL","","FLOR","1","0","0","H87","0"
"100329048","270A6948P12","SC AUX NEUT IN LINE TSVG816A 40A 50D OUT","","FLOR","2","0","0","H87","0"
"100329049","270A6949P12","SC AUX NEUT IN LINE TSVG816A 40A 50D INN","","FLOR","2","0","0","H87","0"
"100329050","270A6952P14","SM MOUNTING PLATE 30W 32H 3 STR W/ PUNC","","FLOR","13","0","0","H87","0"
"100329051","270A6959P14","SM FHB 40D CMB25 N77 G67","","FLOR","1","0","0","H87","0"
"100329052","270A6987P14","SM CT 135- STR BRACKET","","FLOR","2","0","0","H87","0"
"100329053","270A6988P14","SM CT 135- STR BRACKET","","FLOR","4","0","0","H87","0"
"100329054","270A7004P14","SM CT 135- STR Z BRKT","","FLOR","4","0","0","H87","0"
"100329055","270A7005P14","SM CT 135","","FLOR","2","0","0","H87","0"
"100329056","270A7011P14","SM TROLLEY TRACK INSIDE 45W","","FLOR","2","0","0","H87","0"
"100329057","270A7059P2","TRIGGER","","FLOR","29","0","0","H87","0"
"100329058","270A7062P12","SM CT MTG BRKT","","FLOR","2","0","0","H87","0"
"100329059","270A7064P14","MTG BRKT","","FLOR","2","0","0","H87","0"
"100329060","270A7077P14KT","SC 40A CU BCPS LUGSTRAPS","","FLOR","8","0","0","H87","0"
"100329061","270A7079P14KT","SC 40A CU BCPS LUGSTRAPS","","FLOR","14","0","0","H87","0"
"100329062","270A7081P14KT","SC 4P Rear Neutral 40A 40W","","FLOR","1","0","0","H87","0"
"100329063","270A7092P14KT","SC LUGSTRAP 40A BCPS 65K 24","","FLOR","12","0","0","H87","0"
"100329064","270A7108P12KT","SPLIT NEUTRAL BUS","","FLOR","3","0","0","H87","0"
"100329065","270A7118P14KT","SC CT MOUNTING BRACKET","","FLOR","3","0","0","H87","0"
"100329066","270A7121P14KT","SC TIER BUS EXTEND XT7 TO MAIN 08A 6","","FLOR","2","0","0","H87","0"
"100329067","270A7124P14SM","SA NEUT VERT ADAPTER 12/25A","","FLOR","2","0","0","H87","0"
"100329068","270A7125P14SM","SA NEUTRAL AUX 12A/25A 50D","","FLOR","1","0","0","H87","0"
"100329069","270A7134P14KT","SC 800MCM LUG LANDING ON AUX","","FLOR","19","0","0","H87","0"
"100329070","270A7146P14","SM WIDTH POST 40W AMZN BTM","","FLOR","1","0","0","H87","0"
"100329071","270A7163P14","SM MTG BRKT","","FLOR","1","0","0","H87","0"
"100329072","270A7179P12","SM HORZ BARRIER SUPPORT STR 3","","FLOR","2","0","0","H87","0"
"100329073","270A7185P14","SM POST FRT 11 EXT 90H L","","FLOR","1","0","0","H87","0"
"100329074","270A7189P14","SM WIDTH POST 40W AMZN TOP","","FLOR","1","0","0","H87","0"
"100329075","270A7190P14","SM WIDTH POST 40W AMZN BTM","","FLOR","1","0","0","H87","0"
"100329076","270A7212P14SM","SA SPLIT NEUT 08A 40W LN","","FLOR","1","0","0","H87","0"
"100329077","270A7213P14SM","SA SPLIT NEUT 08A 40W LD","","FLOR","1","0","0","H87","0"
"100329078","270A7214P14SM","SA SPLIT NEUT 08A DISC","","FLOR","1","0","0","H87","0"
"100329079","270A7228P12","SA SPLICE EVO-SPC 08A 8&apos;","","FLOR","8","0","0","H87","0"
"100329080","270A7233P14KT","SC E6.2F TS TIER 50A P2 55D","","FLOR","4","0","0","H87","0"
"100329081","270A7235P14KT","SC E6.2F TS TIER 50A P3 55D","","FLOR","2","0","0","H87","0"
"100329082","270A7307P14KT","SC E6.2F TS TIER 40A P3 50D","","FLOR","2","0","0","H87","0"
"100329083","270A7348P14","SM FHB 40D TM20&30 N34 N69 G79","","FLOR","1","0","0","H87","0"
"100329084","270A7352P12","SM BASEPLATE FOR 50W 14H","","FLOR","11","0","0","H87","0"
"100329085","270A7357P14KT","SC AUXILIARY NEUT 40A TL/BR 30D","","FLOR","1","0","0","H87","0"
"100329086","270A7370P12","SM FHB 40D TMB15 N34 G67 EVO-SP","","FLOR","1","0","0","H87","0"
"100329087","270A7392P14SM","SC VERT NEUT CT COMP WEPCO PSE&amp;G","","FLOR","1","0","0","H87","0"
"100329088","270A7406P12","SA SPLICE EVO-SPC 40A BACK SS","","FLOR","12","0","0","H87","0"
"100329089","270A7407P12","SA SPLICE EVO-SPC 40A BACK SS","","FLOR","12","0","0","H87","0"
"100329090","270A7438P12","SM rear BARR SUPT UT 40W","","FLOR","8","0","0","H87","0"
"100329091","270A7467P12","SM ENTELLEON 1X BLANK","","FLOR","5","0","0","H87","0"
"100329092","270A7473P14SM","SA BUSWAY SPACER FP&L 30A","","FLOR","12","0","0","H87","0"
"100329093","270A7479P14SM","SA BUSWAY CONNECTOR FP&L 30A","","FLOR","2","0","0","H87","0"
"100329094","270A7487P12","SC AUX NEUT","","FLOR","1","0","0","H87","0"
"100329095","270A7489P12","SA Tier PB2 ALN/CLD 40A OUT 9&apos;","","FLOR","1","0","0","H87","0"
"100329096","270A7490P12","SA Tier PB2 ALN/CLD 40A INN 9&apos;","","FLOR","1","0","0","H87","0"
"100329097","270A7491P12","SA Tier PB2 BLNLH/BLDRH 40A 9&apos;","","FLOR","1","0","0","H87","0"
"100329098","270A7492P12","SA Tier PB2 BLNRH/BLDLH 40A 9&apos;","","FLOR","1","0","0","H87","0"
"100329099","270A7493P12","SA Tier PB2 ALD/CLN 40A OUT 9&apos;","","FLOR","1","0","0","H87","0"
"100329100","270A7494P12","SA Tier PB2 ALD/CLN 40A INN 9&apos;","","FLOR","1","0","0","H87","0"
"100329101","270A7523P12","SA CT SUPPORT 180RL","","FLOR","1","0","0","H87","0"
"100329102","270A7536P12","BASEPLATE 30W 8H","","FLOR","11","0","0","H87","0"
"100329103","270A7549P12","SM FH BARRIER 30D TMB20 34N 67G","","FLOR","1","0","0","H87","0"
"100329104","270A7556P12","SA SPLICE EVO-SPC 20A 8&apos;","","FLOR","24","0","0","H87","0"
"100329105","270A7563P12","SC LUG STRAPS 1000A","","FLOR","3","0","0","H87","0"
"100329106","270A7616P14KT","SC NEUT VERT RISER DISC 30A 60 JOGGED","","FLOR","6","0","0","H87","0"
"100329107","270A7618P14KT","SC NEUT VERT RISER 30A - DISC","","FLOR","24","0","0","H87","0"
"100329108","270A7619P14","SM NEUT RISER SUPPORT BRACKET","","FLOR","12","0","0","H87","0"
"100329109","270A7659P12B","SC SPLICE EVO-SPC 10A 6","","FLOR","2","0","0","H87","0"
"100329110","270A7670P12B","SM FHB 30D TMB15 N34 GND67 SPEC-EVO","","FLOR","2","0","0","H87","0"
"100329111","270A7672P12B","SM FH BARR 40D","","FLOR","2","0","0","H87","0"
"100329112","270A7688P14SM","SA SPLICE STRAIGHT 10A","","FLOR","6","0","0","H87","0"
"100329113","270A7698P14SM","SA 40A IN-LINE AUX NEUT CONN","","FLOR","1","0","0","H87","0"
"100329114","270A775P14SM","SA NEUT AUX SPLT DISC 10/20A","","FLOR","2","0","0","H87","0"
"100329115","270A7778P12B","SA ENT-SWB TIER 12A","","FLOR","2","0","0","H87","0"
"100329116","270A7779P12B","SA ENT-SWB TIER 12A","","FLOR","2","0","0","H87","0"
"100329117","270A7780P12B","SA ENT-SWB TIER 12A","","FLOR","2","0","0","H87","0"
"100329118","270A7781P12B","SA ENT-SWB TIER 12A","","FLOR","2","0","0","H87","0"
"100329119","270A7782P12B","SA ENT-SWB TIER 12A","","FLOR","2","0","0","H87","0"
"100329120","270A7783P12B","SA ENT-SWB TIER 12A","","FLOR","2","0","0","H87","0"
"100329121","270A7862P14KT","SC NEUTRAL DISC CU 25A","","FLOR","1","0","0","H87","0"
"100329122","270A7863P14KT","SC NEUTRAL DISC CU 25A","","FLOR","1","0","0","H87","0"
"100329123","270A7868P14KT","SC RSB LUGSTRAP E4.2 25-30A","","FLOR","8","0","0","H87","0"
"100329124","270A7869P14KT","SC RSB LUGSTRAP E4.2 25-30A","","FLOR","1","0","0","H87","0"
"100329125","270A7970P12","SA SPL EVO-SPC 40A 5 OFF","","FLOR","3","0","0","H87","0"
"100329126","270A7973P14KT","SC RSB","","FLOR","8","0","0","H87","0"
"100329127","270A7974P14KT","SC RSB","","FLOR","3","0","0","H87","0"
"100329128","270A7975P14KT","SC RSB","","FLOR","7","0","0","H87","0"
"100329129","270A7977P14KT","SC RSB","","FLOR","5","0","0","H87","0"
"100329130","270A7978P12","SM FH BARRIER 35D TMB15","","FLOR","1","0","0","H87","0"
"100329131","270A7980P14KT","SC RSB","","FLOR","3","0","0","H87","0"
"100329132","270A7981P14KT","SC RSB","","FLOR","7","0","0","H87","0"
"100329133","270A7982P14KT","SC RSB","","FLOR","3","0","0","H87","0"
"100329134","270A7983P14KT","SC RSB","","FLOR","6","0","0","H87","0"
"100329135","270A7984P14KT","SC RSB","","FLOR","5","0","0","H87","0"
"100329136","270A7988P14KT","SC RSB","","FLOR","2","0","0","H87","0"
"100329137","270A7989P14KT","SC RSB","","FLOR","3","0","0","H87","0"
"100329138","270A7990P14KT","SC RSB","","FLOR","1","0","0","H87","0"
"100329139","270A7992P14","STRINGER SUPPORT BRACKET","","FLOR","1","0","0","H87","0"
"100329140","270A8012P14KT","SC AUX NEUT 16A 30D IN RIGHT","","FLOR","1","0","0","H87","0"
"100329141","270A8107P12","SM BRCKT SINGLE DOOR 16H","","FLOR","1","0","0","H87","0"
"100329142","270A8123P14SM","SA RG 1S STRAP 40A 50D","","FLOR","2","0","0","H87","0"
"100329143","270A8124P14SM","SA RG 1S STRAP 40A 50D","","FLOR","4","0","0","H87","0"
"100329144","270A8202P12","SM PLATE COVER BLIND XT4","","FLOR","36","0","0","H87","0"
"100329145","270A8205P14","SM BRACE BRKT NEUT LUGSTRAP","","FLOR","9","0","0","H87","0"
"100329146","270A8215P12","SM PLATE COVER XT1","","FLOR","33","0","0","H87","0"
"100329147","270A8257P14","SM HOUSING ACT TVSS XT4 60W","","FLOR","1","0","0","H87","0"
"100329148","270A8360P13","TIER STP A OUTER 1 9CL 40A 40D (NYC)","","FLOR","2","0","0","H87","0"
"100329149","270A8361P13","TIER STP A OUTER 2 9CL 40A 40D (NYC)","","FLOR","2","0","0","H87","0"
"100329150","270A8362P13","TIER STP A INNER 1 9CL 40A 40D (NYC)","","FLOR","2","0","0","H87","0"
"100329151","270A8364P13","TIER STP C OUTER 1 9CL 40A 40D (NYC)","","FLOR","2","0","0","H87","0"
"100329152","270A8365P13","TIER STP C OUTER 2 9CL 40A 40D (NYC)","","FLOR","2","0","0","H87","0"
"100329153","270A8366P13","TIER STP C INNER 1 9CL 40A 40D (NYC)","","FLOR","2","0","0","H87","0"
"100329154","270A8367P13","TIER STP C INNER 2 9CL 40A 40D (NYC)","","FLOR","2","0","0","H87","0"
"100329155","270A8368P13","TIER STRAP B PH 9CL 40A 40D RT (NYC)","","FLOR","2","0","0","H87","0"
"100329156","270A8369P13","TIER STRAP B PH 9CL 40A 40D RT (NYC)","","FLOR","2","0","0","H87","0"
"100329157","270A8370P13","TIER STRAP B PH 9CL 40A 40D LF (NYC)","","FLOR","2","0","0","H87","0"
"100329158","270A8371P13","TIER STRAP B PH 9CL 40A 40D LF (NYC)","","FLOR","2","0","0","H87","0"
"100329159","270A8383P14KT","270a8383p14","","FLOR","2","0","0","H87","0"
"100329160","270A8385P13KT","SA NEUT BUS 40A BW 40W","","FLOR","4","0","0","H87","0"
"100329161","270A8386P13KT","SA RISER 20/40A EMAX SENSOR FOR STUB","","FLOR","4","0","0","H87","0"
"100329162","270A8387P13","SM BRCKT RISER NEUT 50A","","FLOR","2","0","0","H87","0"
"100329163","270A8477P13","SM BRKT (1) RECPT NEMA 3R 20A","","FLOR","22","0","0","H87","0"
"100329164","270A8478P13","SM BRKT (1) RECPT NEMA 3R 20A","","FLOR","11","0","0","H87","0"
"100329165","270A8498P13","HORIZONTAL MOUNTING PLATE 35W","","FLOR","2","0","0","H87","0"
"100329166","270A8551P13","SA MOUNTING BRACE STR TO EXERTHERM","","FLOR","9","0","0","H87","0"
"100329167","270A8573P14SM","SC GND BONDING JUMPER EVO 50/60A","","FLOR","2","0","0","H87","0"
"100329168","270A8583P13","HAT TYPE MTG BRKT FOR UPS 25W 16H","","FLOR","2","0","0","H87","0"
"100329169","270A8618P14","SM BRACKET LIGHT CUTOUT META","","FLOR","7","0","0","H87","0"
"100329170","270A8670P13","SM FHB 30D CMB20 N77 GND67","","FLOR","1","0","0","H87","0"
"100329171","270A8672P13SM","SA XT5 A PHASE AL 1.2K TIER 25D","","FLOR","1","0","0","H87","0"
"100329172","270A8673P13SM","SA XT5 A PHASE AL 1.2K TIER 25D","","FLOR","1","0","0","H87","0"
"100329173","270A8674P13SM","SA XT5 A PHASE AL 1.2K TIER 25D","","FLOR","1","0","0","H87","0"
"100329174","270A8685P14","SM FHB 35D BMB30 N7 G17 EVO-SPC","","FLOR","2","0","0","H87","0"
"100329175","270A8735P13SM","SA NEUT AUX AL 40A 50D","","FLOR","4","0","0","H87","0"
"100329176","270A8741P13","SA NEUT AUX 40A DISC","","FLOR","3","0","0","H87","0"
"100329177","270A8841P13SM","SA NEUT AUX AL 40A 40D","","FLOR","4","0","0","H87","0"
"100329178","270A8842P13KT","SC GND BONDING 4KA 12.5/2KA 25","","FLOR","5","0","0","H87","0"
"100329179","270A8884P13SM","SA SPL EVO-SPC 20A 05 OFF","","FLOR","3","0","0","H87","0"
"100329180","270A8885P13SM","SA SPL EVO-SPC 20A 05 OFF","","FLOR","3","0","0","H87","0"
"100329181","270A8932P13SM","SA NEUT DISCONN 08A RG","","FLOR","2","0","0","H87","0"
"100329182","270A8933P13SM","SA AUX NEUT 08A 25D","","FLOR","2","0","0","H87","0"
"100329183","270A9194P13","SM DEPTH POST 45D MODIF HOLES","","FLOR","2","0","0","H87","0"
"100329184","270A9224P13SM","SA NAUX DISC SENSOR 20A/40A","","FLOR","2","0","0","H87","0"
"100329185","270A9225P13SM","SA NAUX DISC SENSOR 20A/40A","","FLOR","2","0","0","H87","0"
"100329186","270A9228P13","SM MB BRKT","","FLOR","23","0","0","H87","0"
"100329187","270A9256P13SM","SA Rear Neutral split with aux 12/25A 3","","FLOR","2","0","0","H87","0"
"100329188","270A9292P13","SM AUX NEUT BRKT SPC","","FLOR","1","0","0","H87","0"
"100329189","270A9326P13KT","SC BJ EVO","","FLOR","1","0","0","H87","0"
"100329190","270A9326P13SM","SC BJ EVO","","FLOR","1","0","0","H87","0"
"100329191","270A9525P13","SM COMM/POWER RAIL","","FLOR","21","0","0","H87","0"
"100329192","270A9624P13KT","SC ESC NEUT BUS 25A EMAX 4","","FLOR","2","0","0","H87","0"
"100329193","270A9625P13KT","SC ESC NEUT BUS 25A EMAX 4","","FLOR","2","0","0","H87","0"
"100329194","270A9626P13KT","SC ESC AUX NEUT BUS 25A","","FLOR","6","0","0","H87","0"
"100329195","270A9680P13KT","SC GROUND SPLICE","","FLOR","2","0","0","H87","0"
"100329196","270A9681P13KT","SC GROUND SPLICE","","FLOR","2","0","0","H87","0"
"100329197","270A9682P13KT","SC GROUND CONNECTION","","FLOR","2","0","0","H87","0"
"100329198","270A9683P13KT","SC GROUND CONNECTION","","FLOR","2","0","0","H87","0"
"100329199","270A9684P13KT","SC GROUND TRF CONN","","FLOR","2","0","0","H87","0"
"100329200","270A9685P13KT","SC GROUND TRF CONN","","FLOR","2","0","0","H87","0"
"100329201","270A9688P13","SM BRKT GROUND TRF CONN","","FLOR","4","0","0","H87","0"
"100329202","270A9704P1","BRACKET FOR REAR BARRIER","","FLOR","12","0","0","H87","0"
"100329203","270A9707P1S","CONDUCTIVE SPACER","","FLOR","7","0","0","H87","0"
"100329204","270A9707P1T","CONDUCTIVE SPACER","","FLOR","3","0","0","H87","0"
"100329205","270A9711P1","FRONT FUSE BARRIER-13W","","FLOR","1","0","0","H87","0"
"100329206","270A9713P1","LATCH","","FLOR","40","0","0","H87","0"
"100329207","270A9714P1","LEXON WINDOW COVER","","FLOR","5","0","0","H87","0"
"100329208","270A9715P1","L-SHAPED INSULATING ANGLE,35W","","FLOR","7","0","0","H87","0"
"100329209","270A9729P13","SM BASE PLATE 50W 14H","","FLOR","2","0","0","H87","0"
"100329210","270A9731P2","BARRIER MOUNTING BRACKET","","FLOR","66","0","0","H87","0"
"100329211","270A9735P1","LATCH","","FLOR","12","0","0","H87","0"
"100329212","270A9737P1","LEXON SEE-THRU COVER","","FLOR","1","0","0","H87","0"
"100329213","270A9775AFP1","CT barrier","","FLOR","18","0","0","H87","0"
"100329214","270A9775AMP1S","C PH BUS BAR - LOAD SIDE","","FLOR","1","0","0","H87","0"
"100329215","270A9775ANP1S","B PH BUS BAR - LOAD SIDE","","FLOR","1","0","0","H87","0"
"100329216","270A9775ANP1T","B PH BUS BAR - LOAD SIDE","","FLOR","1","0","0","H87","0"
"100329217","270A9775APP1S","A PH BUS BAR - LOAD SIDE","","FLOR","1","0","0","H87","0"
"100329218","270A9775ASP1","INSULATION 2.54","","FLOR","8","0","0","H87","0"
"100329219","270A9775ASP5","INSULATION 12.25","","FLOR","4","0","0","H87","0"
"100329220","270A9775ASP9","INSULATION 11.75","","FLOR","4","0","0","H87","0"
"100329221","270A9775BFP1S","RBA 800A NOND CABLE EXIT BAR SILVER","","FLOR","6","0","0","H87","0"
"100329222","270A9775BTP1","BACK METAL SUPPORTS FOR CTS PART","","FLOR","6","0","0","H87","0"
"100329223","270A9775BWP1","INTERLOCK CLIP SUPPORT","","FLOR","139","0","0","H87","0"
"100329224","270A9775BXP1","iNTERLOCK HOUSING SUPPORT","","FLOR","275","0","0","H87","0"
"100329225","270A9775CFP1","INTERLOCK DOOR BRACKET","","FLOR","164","0","0","H87","0"
"100329226","270A9775CPP1T","FERRAZ BUS EXIT TERMINAL TIN","","FLOR","6","0","0","H87","0"
"100329227","270A9775CSP1","NUT_PLATE","","FLOR","8","0","0","H87","0"
"100329228","270A9775CUP1S","FERRAZ CABLE EXIT BAR SILVER","","FLOR","6","0","0","H87","0"
"100329229","270A9775CZP4S","DUPLEX FUSECLIP 3IN 40KA PA 15KV SIL","","FLOR","1","0","0","H87","0"
"100329230","270A9775DHP1S","FUSECLIPS EJO LINE 61KA 15KV","","FLOR","9","0","0","H87","0"
"100329231","270A9775DUP1T","UP_FUSE_CLIP_COPPER_BAR_5KV_TIN","","FLOR","6","0","0","H87","0"
"100329232","270A9775DUP2S","UP_FUSE_CLIP_COPPER_BAR_15KV_SILVER","","FLOR","9","0","0","H87","0"
"100329233","270A9775DWP1S","CONNECTOR PHASE A Ag","","FLOR","1","0","0","H87","0"
"100329234","270A9775DWP1T","CONNECTOR PHASE A Sn","","FLOR","1","0","0","H87","0"
"100329235","270A9775DWP2S","CONNECTOR PHASE B Ag","","FLOR","1","0","0","H87","0"
"100329236","270A9775DWP3S","CONNECTOR PHASE C Ag","","FLOR","25","0","0","H87","0"
"100329237","270A9775DWP3T","CONNECTOR PHASE C Sn","","FLOR","2","0","0","H87","0"
"100329238","270A9775EBP1S","UPPER FUSE BARS RBA 800ND 61 15KV","","FLOR","6","0","0","H87","0"
"100329239","270A9775ECP1S","RBA 800A NOND 61 BUS BARS HS PHAC","","FLOR","1","0","0","H87","0"
"100329240","270A9775ECP2S","RBA 800A NOND 61 BUS BARS HS PHB","","FLOR","1","0","0","H87","0"
"100329241","270A9775ECP3S","RBA 800A NOND 61 BUS BARS HS PHCA","","FLOR","1","0","0","H87","0"
"100329242","270A9775EGP1S","FERRAZ_61KA_BAR_15KV","","FLOR","3","0","0","H87","0"
"100329243","270A9775ELP1S","DUPLEX FUSECLIP EJO D 61KA 15KV","","FLOR","3","0","0","H87","0"
"100329244","270A9775EXP1T","A PHASE L-SHAPED OFFSET BUS BAR_","","FLOR","3","0","0","H87","0"
"100329245","270A9775EYP1T","C PHASE L-SHAPED OFFSET BUS BAR_","","FLOR","4","0","0","H87","0"
"100329246","270A9775FAP1T","A PH BUS BAR - LOAD SIDE_","","FLOR","3","0","0","H87","0"
"100329247","270A9775FAP2S","A PH BUS BAR - LOAD SIDE_SIL","","FLOR","1","0","0","H87","0"
"100329248","270A9775FBP1T","B PH BUS BAR - LOAD SIDE_","","FLOR","3","0","0","H87","0"
"100329249","270A9775FCP1T","C PH BUS BAR - LOAD SIDE_","","FLOR","1","0","0","H87","0"
"100329250","270A9775FCP2T","C PH BUS BAR - LOAD SIDE__TIN","","FLOR","1","0","0","H87","0"
"100329251","270A9775FDP1","270A9775FDP1","","FLOR","4","0","0","H87","0"
"100329252","270A9775FDT1","BRACKET REAR DR WIND STOP N3 97 DEG","","FLOR","266","0","0","H87","0"
"100329253","270A9775FFP1S","270A9775FFP1","","FLOR","21","0","0","H87","0"
"100329254","270A9775FFP1T","270A9775FFP1","","FLOR","19","0","0","H87","0"
"100329255","270A9775FWP1","INSULATOR PLATE","","FLOR","30","0","0","H87","0"
"100329256","270A9775FXP1","INSULATOR SUPPORT","","FLOR","4","0","0","H87","0"
"100329257","270A9775GEP1","270A9775GEP1","","FLOR","2","0","0","H87","0"
"100329258","270A9790P1","B/C PHASE TRANSITION BUS INSULATOR","","FLOR","4","0","0","H87","0"
"100329259","270A9825P1","BRACKET","","FLOR","2","0","0","H87","0"
"100329260","270A9852P13KT","SC CORNER NEUT LINK BUS","","FLOR","4","0","0","H87","0"
"100329261","270A9877P13KT","SC TIER STRAP PHB 50A T40","","FLOR","1","0","0","H87","0"
"100329262","270A9878P13KT","SC TIER STRAP PHB 50A T40","","FLOR","1","0","0","H87","0"
"100329263","270A9879P13KT","SC TIER STRAP PHA 50A T40","","FLOR","1","0","0","H87","0"
"100329264","270A9880P13KT","SC TIER STRAP PHA 50A T40","","FLOR","1","0","0","H87","0"
"100329265","270A9881P13KT","SC TIER STRAP PHC 50A T40","","FLOR","1","0","0","H87","0"
"100329266","270A9882P13KT","SC TIER STRAP PHC 50A T40","","FLOR","1","0","0","H87","0"
"100329267","270A9883P13","SM POST 3 STRGR 6H","","FLOR","4","0","0","H87","0"
"100329268","270A9884P13KT","SC TIER BUS EXTENSION 50A","","FLOR","3","0","0","H87","0"
"100329269","270A9886P13","SM BRACE BRKT-STRG5","","FLOR","4","0","0","H87","0"
"100329270","270A9902P1","KIRKLOCK COVER -POWERCON HANDL","","FLOR","195","0","0","H87","0"
"100329271","270A9903P1","DOOR INTERLOCK STOP","","FLOR","62","0","0","H87","0"
"100329272","270A9903P13","SM NEUT AUX BRKT","","FLOR","1","0","0","H87","0"
"100329273","270A9907P1X","MOUNTING HOR","","FLOR","101","0","0","H87","0"
"100329274","270A9908P1","BARRIER CLIP","","FLOR","320","0","0","H87","0"
"100329275","270A9922P1","PT INSULATION BARRIER","","FLOR","8","0","0","H87","0"
"100329276","270A9925P1T","GRD BUS SPLICE","","FLOR","15","0","0","H87","0"
"100329277","270A9943P1","SEL SW HOOD SUPPORT","","FLOR","4","0","0","H87","0"
"100329278","270A9958P1S","BUS CONNECTOR RBA FUSE","","FLOR","3","0","0","H87","0"
"100329280","272A5650LRP1","SPRING","","FLOR","1","0","0","H87","0"
"100329281","279B1058P1KT","@SC GROUND SPLICE 125","","FLOR","35","0","0","H87","0"
"100329282","279B1058P2KT","@SC GROUND SPLICE 200","","FLOR","151","0","0","H87","0"
"100329283","279B1058P2SM","@SC GROUND SPLICE 200","","FLOR","66","0","0","H87","0"
"100329284","279B1058P3SM","@SC GROUND SPLICE 250","","FLOR","23","0","0","H87","0"
"100329285","279B1058P5KT","@SC GROUND SPLICE 125","","FLOR","4","0","0","H87","0"
"100329286","279B1073P107SM","@SC GND BUS STD REAR 45W .125T","","FLOR","8","0","0","H87","0"
"100329287","279B1073P108SM","@SC GND BUS STD REAR 50W .125T","","FLOR","4","0","0","H87","0"
"100329288","279B1073P110SM","@SC GND BUS STD REAR 60W .125T","","FLOR","1","0","0","H87","0"
"100329289","279B1073P117KT","@SC GND BUS STD REAR 45W .125T","","FLOR","9","0","0","H87","0"
"100329290","279B1073P118KT","@SC GND BUS STD REAR 50W .125T","","FLOR","3","0","0","H87","0"
"100329291","279B1073P119KT","@SC GND BUS STD REAR 55W .125T","","FLOR","3","0","0","H87","0"
"100329292","279B1073P121SM","@SC GND BUS STD REAR 15W .200T","","FLOR","4","0","0","H87","0"
"100329293","279B1073P125KT","@SC GND BUS STD REAR 35W .200T","","FLOR","10","0","0","H87","0"
"100329294","279B1073P126SM","@SC GND BUS STD REAR 40W .200T","","FLOR","11","0","0","H87","0"
"100329295","279B1073P127KT","@SC GND BUS STD REAR 45W .200T","","FLOR","2","0","0","H87","0"
"100329296","279B1073P127SM","@SC GND BUS STD REAR 45W .200T","","FLOR","3","0","0","H87","0"
"100329297","279B1073P128SM","@SC GND BUS STD REAR 50W .200T","","FLOR","3","0","0","H87","0"
"100329298","279B1073P129KT","@SC GND BUS STD REAR 55W .200T","","FLOR","1","0","0","H87","0"
"100329299","279B1073P129SM","@SC GND BUS STD REAR 55W .200T","","FLOR","3","0","0","H87","0"
"100329300","279B1073P131SM","@SC GND BUS STD REAR 15W .250T","","FLOR","1","0","0","H87","0"
"100329301","279B1073P135KT","@SC GND BUS STD REAR 35W .250T","","FLOR","1","0","0","H87","0"
"100329302","279B1073P135SM","@SC GND BUS STD REAR 35W .250T","","FLOR","1","0","0","H87","0"
"100329303","279B1073P136SM","@SC GND BUS STD REAR 40W .250T","","FLOR","7","0","0","H87","0"
"100329304","279B1073P138SM","@SC GND BUS STD REAR 50W .250T","","FLOR","9","0","0","H87","0"
"100329305","279B1073P139KT","@SC GND BUS STD REAR 55W .250T","","FLOR","1","0","0","H87","0"
"100329306","279B1073P140KT","@SC GND BUS STD REAR 60W .250T","","FLOR","15","0","0","H87","0"
"100329307","279B1073P144SM","@SC GND BUS STD REAR 30W .250T","","FLOR","2","0","0","H87","0"
"100329308","279B1073P148KT","@SC GND BUS STD REAR 50W .250T","","FLOR","2","0","0","H87","0"
"100329309","279B1073P154KT","@SC GND BUS STD REAR 30W .375T","","FLOR","13","0","0","H87","0"
"100329310","279B1073P155SM","@SC GND BUS STD REAR 35W .375T","","FLOR","2","0","0","H87","0"
"100329311","279B1073P159KT","@SC GND BUS STD REAR 55W .375T","","FLOR","8","0","0","H87","0"
"100329312","279B1148P05KT","@SC GROUND ADAPTER BW","","FLOR","1","0","0","H87","0"
"100329313","279B1148P05SM","@SC GROUND ADAPTER BW","","FLOR","5","0","0","H87","0"
"100329314","279B1152P01","279B1152P01","","FLOR","53","0","0","H87","0"
"100329315","279B1152P02","279B1152P02","","FLOR","106","0","0","H87","0"
"100329316","279B1159P8","@SM MTG BRKT SE BARR","","FLOR","16","0","0","H87","0"
"100329317","279B1161P22KT","@SC SPLICE NEUTRAL 08A","","FLOR","10","0","0","H87","0"
"100329318","279B1161P27KT","@SC SPLICE NEUTRAL 20A","","FLOR","6","0","0","H87","0"
"100329319","279B1161P28KT","@SC SPLICE NEUTRAL 20A","","FLOR","8","0","0","H87","0"
"100329320","279B1161P28SM","@SC SPLICE NEUTRAL 20A","","FLOR","3","0","0","H87","0"
"100329321","279B1161P29KT","@SC SPLICE NEUTRAL 25A","","FLOR","3","0","0","H87","0"
"100329322","279B1161P29SM","@SC SPLICE NEUTRAL 25A","","FLOR","1","0","0","H87","0"
"100329323","279B1161P30KT","@SC SPLICE NEUTRAL 25A","","FLOR","6","0","0","H87","0"
"100329324","279B1161P30SM","@SC SPLICE NEUTRAL 25A","","FLOR","1","0","0","H87","0"
"100329325","279B1161P31KT","@SC SPLICE NEUTRAL 30A","","FLOR","3","0","0","H87","0"
"100329326","279B1161P32SM","@SC SPLICE NEUTRAL 30A","","FLOR","1","0","0","H87","0"
"100329327","279B1161P47SM","@SC SPLICE NEUTRAL 50A","","FLOR","1","0","0","H87","0"
"100329328","279B1161P50KT","@SC SPLICE NEUTRAL 60A","","FLOR","8","0","0","H87","0"
"100329329","279B1162P18SM","@SA SPLICE NEUTRAL 08A","","FLOR","2","0","0","H87","0"
"100329330","279B1162P21SM","@SA SPLICE NEUTRAL 16A","","FLOR","8","0","0","H87","0"
"100329331","279B1162P23SM","@SA SPLICE NEUTRAL 20A","","FLOR","8","0","0","H87","0"
"100329332","279B1162P25SM","@SA SPLICE NEUTRAL 25A","","FLOR","3","0","0","H87","0"
"100329333","279B1162P27SM","@SASPLICE NEUTRAL 30A","","FLOR","36","0","0","H87","0"
"100329334","279B1162P28SM","@SA SPLICE NEUTRAL 30A","","FLOR","23","0","0","H87","0"
"100329335","279B1177P11","@SI CT SUPPORT BRACKET","","FLOR","29","0","0","H87","0"
"100329336","279B1234P13","@SM BRCING BRKT BCPS 08A-12A","","FLOR","24","0","0","H87","0"
"100329337","279B1427P002","NEUTRAL BUSWAY RISER BRACE","","FLOR","1","0","0","H87","0"
"100329338","279B1489P02KT","@SC GROUND ADAPTER BW","","FLOR","3","0","0","H87","0"
"100329339","279B1489P10KT","GND ADAPTER","","FLOR","4","0","0","H87","0"
"100329341","279B1491P16SM","279B1491P16","","FLOR","3","0","0","H87","0"
"100329342","279B1491P23SM","279B1491P23","","FLOR","1","0","0","H87","0"
"100329343","279B1491P24KT","279B1491P24","","FLOR","2","0","0","H87","0"
"100329345","279B1491P37KT","279B1491P37","","FLOR","2","0","0","H87","0"
"100329346","279B1522P110","ESI BARRIER 30A VB PHA","","FLOR","4","0","0","H87","0"
"100329347","279B1522P112","ESI BARRIER 20A VB PHA","","FLOR","6","0","0","H87","0"
"100329348","279B1522P113","ESI BARRIER 40A VB PHA","","FLOR","2","0","0","H87","0"
"100329349","279B1522P114","ESI BARRIER 16A VB PHA","","FLOR","10","0","0","H87","0"
"100329350","279B1532P01","279b1532p01.prt","","FLOR","200","0","0","H87","0"
"100329351","279B1588P10SM","ESC SPACER 5.00X0.250 60A 80RATE 40A 100","","FLOR","27","0","0","H87","0"
"100329352","279B1588P18KT","ESC SPACER 5.00X0.250 50A MB CU 100RATE","","FLOR","8","0","0","H87","0"
"100329353","279B1588P2SM","ESC SPACER 5.00X0.250 08 10 12A MB CU 10","","FLOR","134","0","0","H87","0"
"100329354","279B1589P10SM","ESA SPACER 5.00X0.335 30A MB AL 100RATE","","FLOR","89","0","0","H87","0"
"100329355","279B1589P11SM","ESA SPACER 5.00X0.250 40A MB AL 100RATE","","FLOR","9","0","0","H87","0"
"100329356","279B1589P2SM","SPACER","","FLOR","99","0","0","H87","0"
"100329357","279B1589P4SM","SPACER","","FLOR","3","0","0","H87","0"
"100329358","279B1589P6SM","SPACER","","FLOR","13","0","0","H87","0"
"100329359","3000293287P120","MID-BUS","","FLOR","30","0","0","H87","0"
"100329361","3000293287P508","MID-BUS","","FLOR","5","0","0","H87","0"
"100329362","3000293287P516","MID-BUS","","FLOR","28","0","0","H87","0"
"100329363","3000293287P520","MID-BUS","","FLOR","11","0","0","H87","0"
"100329364","3000293287P524","MID-BUS","","FLOR","22","0","0","H87","0"
"100329365","3000293287P532","MID-BUS","","FLOR","3","0","0","H87","0"
"100329366","3000293287P540","MID-BUS","","FLOR","3","0","0","H87","0"
"100329367","3000293287P548","MID-BUS","","FLOR","2","0","0","H87","0"
"100329368","3000306251P124","BACK PLANE","","FLOR","13","0","0","EA","0"
"100329369","3000306251P340","BACK PLANE","","FLOR","1","0","0","EA","0"
"100329370","3000306251P432","BACKPLANE","","FLOR","2","0","0","H87","0"
"100329371","3000306251P440","BACK PLANE","","FLOR","5","0","0","EA","0"
"100329372","3000308019P132","BACK PLANE","","FLOR","7","0","0","EA","0"
"100329373","3000308019P440","FLAT BACKPLANE, SWBD, BUS, 40X, TOP/BTM","","FLOR","3","0","0","H87","0"
"100329374","3000308019P448","BACK PLANE","","FLOR","20","0","0","EA","0"
"100329375","3000308019P540","FLAT BACKPLANE","","FLOR","19","0","0","H87","0"
"100329376","3000308019P632","FLAT BACKPLANE","","FLOR","2","0","0","H87","0"
"100329377","3000308019P648","BACK PLANE","","FLOR","85","0","0","EA","0"
"100329378","3000308680P016","MID COVER","","FLOR","1","0","0","H87","0"
"100329379","3000308680P056","MID COVER, SWBD BUS STACK 56X","","FLOR","2","0","0","H87","0"
"100329380","3000308680P140","MID COVER, SWBD BUS STACK 40X W/ 5X VC","","FLOR","61","0","0","H87","0"
"100329381","3000308680P148","MID COVER, SWBD BUS STACK 48X W/ 5X VC","","FLOR","20","0","0","H87","0"
"100329382","30015572590p148","RGXT PP BUS CU LOW AMP 48X","","FLOR","4","0","0","H87","0"
"100329383","30015572590P316","RGXT PP BUS CU LOW AMP 16X","","FLOR","48","0","0","H87","0"
"100329384","30015572590P424","RGXT PP BUS CU HIGH AMP 24X","","FLOR","4","0","0","H87","0"
"100329385","30015572590P448","RGXT PP BUS CU HIGH AMP 48X","","FLOR","1","0","0","H87","0"
"100329386","30015572595P032","ENTELLEON XT TOP BRACE 32X","","FLOR","50","0","0","H87","0"
"100329387","30015572595P040","ENTELLEON XT TOP BRACE 40X","","FLOR","64","0","0","H87","0"
"100329388","30015572595P048","ENTELLEON XT TOP BRACE 48X","","FLOR","33","0","0","H87","0"
"100329389","30015572595P056","ENTELLEON XT TOP BRACE 56X","","FLOR","18","0","0","H87","0"
"100329390","3100034584P001SM","LUGSTRAP AL L1 E6.2 4K","","FLOR","35","0","0","H87","0"
"100329391","3100034584P002SM","LUGSTRAP AL L2 E6.2 4K","","FLOR","18","0","0","H87","0"
"100329392","3100034584P003SM","LUGSTRAP AL R1 E6.2 4K","","FLOR","44","0","0","H87","0"
"100329393","3100034584P004SM","LUGSTRAP AL R2 E6.2 4K","","FLOR","27","0","0","H87","0"
"100329394","3100034584P005SM","LUGSTRAP AL R3 E6.2 4K","","FLOR","2","0","0","H87","0"
"100329395","3100034584P006SM","LUGSTRAP AL L3 E6.2 4K","","FLOR","25","0","0","H87","0"
"100329396","3100102899P001SM","VERT CONN 1 CU DB E6.2 4K","","FLOR","8","0","0","H87","0"
"100329397","3100106206P002SM","VERT CONN 2 AL DB E6.2 4K","","FLOR","4","0","0","H87","0"
"100329398","3100106206P003SM","VERT CONN 1 AL DB E6.2 4K U/B","","FLOR","7","0","0","H87","0"
"100329399","3100106206P004SM","VERT CONN 2 AL DB E6.2 4K U/B","","FLOR","8","0","0","H87","0"
"100329400","31001308019P040","BACKPLANE, SWBD, BUS, 40X, STRAP L","","FLOR","3","0","0","H87","0"
"100329401","31001308019P048","BACK PLANE","","FLOR","8","0","0","EA","0"
"100329402","31001308019P140","BACK PLANE","","FLOR","94","0","0","EA","0"
"100329403","31001308019P148","BACKPLANE, SWBD, BUS, 40X, STRAP U","","FLOR","68","0","0","H87","0"
"100329404","31001308020P032","BACKPLANE","","FLOR","40","0","0","H87","0"
"100329405","31001308020P140","BACK PLANE","","FLOR","20","0","0","EA","0"
"100329406","31001308020P148","BACK PLANE","","FLOR","47","0","0","EA","0"
"100329407","31001308021P040","BACKPLANE, SWBD, BUS, 40X, STRAP L","","FLOR","6","0","0","H87","0"
"100329408","31001308021P140","BACK PLANE","","FLOR","25","0","0","EA","0"
"100329409","31001308022P140","BACKPLANE 4kA","","FLOR","13","0","0","H87","0"
"100329410","31001328000P002","31001328000P002","","FLOR","14","0","0","H87","0"
"100329411","31001328000P003","31001328000P003","","FLOR","1","0","0","H87","0"
"100329412","3100133783P001KT","ESC SPACER MB VB BAR CU T20 E 6.2 4K","","FLOR","61","0","0","H87","0"
"100329413","3100133783P002KT","ESC SPACER MB VB BAR CU T20 E 6.2 4K","","FLOR","59","0","0","H87","0"
"100329414","3100137075P001KT","U SHAPE EXT CU DB T15 E 6.2 4K","","FLOR","5","0","0","H87","0"
"100329415","3100137075P003KT","U SHAPE EXT CU DB T15 E 6.2 4K","","FLOR","5","0","0","H87","0"
"100329416","3100137075P005KT","U SHAPE EXT CU DB T15 E 6.2 4K T-B","","FLOR","1","0","0","H87","0"
"100329417","3100137075P007KT","U SHAPE EXT CU DB T15 E 6.2 4K_2 T-B","","FLOR","1","0","0","H87","0"
"100329418","3100171005P001","BRACING TIER SUPPORT XT5 / XT7 W40","","FLOR","2","0","0","H87","0"
"100329419","3100171005P004","BRACING TIER SUPPORT XT5 / XT7 W35","","FLOR","2","0","0","H87","0"
"100329420","3100171005P005","BRACING TIER SUPPORT XT5 / XT7 W30","","FLOR","2","0","0","H87","0"
"100329421","3100171069P001SM","ESC SPACER MB VB 7HIGH BAR AL","","FLOR","6","0","0","H87","0"
"100329422","3100171069P002SM","ESC SPACER MB VB 7HIGH BAR AL","","FLOR","1","0","0","H87","0"
"100329423","3100171069P003SM","ESC SPACER MB VB 7HIGH BAR AL 2","","FLOR","6","0","0","H87","0"
"100329424","3100171069P005SM","ESC SPACER MB VB 7HIGH BAR AL U/B","","FLOR","1","0","0","H87","0"
"100329425","3100171069P006SM","ESC SPACER MB VB 7HIGH BAR AL U/B","","FLOR","1","0","0","H87","0"
"100329426","3100171069P007SM","ESC SPACER MB VB 7HIGH BAR AL 2 U/B","","FLOR","1","0","0","H87","0"
"100329427","3100171069P008SM","ESC SPACER MB VB 7HIGH BAR AL 2 U/B","","FLOR","1","0","0","H87","0"
"100329428","3100194083P001","BRKT FOR XT SUPPORT","","FLOR","28","0","0","H87","0"
"100329429","3100506768P001","BB BRACKET SUPPORT CU T15","","FLOR","1","0","0","H87","0"
"100329430","3100506768P003","BB BRACKET SUPPORT CU T20","","FLOR","14","0","0","H87","0"
"100329431","3100536557P001","RSB E6.2 BARRIERS 40A","","FLOR","21","0","0","H87","0"
"100329432","3100536557P002","RSB E6.2 BARRIERS 40A","","FLOR","2","0","0","H87","0"
"100329433","3100536744P001","LATERAL_BARRIER_COVER","","FLOR","8","0","0","H87","0"
"100329434","3100577550P002SM","SPACER ALU E6.2 L","","FLOR","1","0","0","H87","0"
"100329435","3100643746P001SM","ESC SPACER BAR CU","","FLOR","18","0","0","H87","0"
"100329436","3101012111P001","BASEPLATE-F-30W-3P-TYP B E4.2","","FLOR","44","0","0","H87","0"
"100329437","3101012111P003","BASEPLATE-F-40W-3P-TYP B E4.2","","FLOR","6","0","0","H87","0"
"100329438","3101012211P003","RSB E4.2 COVER-F-3P-30W-RELT-TYP B","","FLOR","6","0","0","H87","0"
"100329439","3101012211P004","RSB E4.2 COVER-F-3P-35W-RELT-TYP B","","FLOR","13","0","0","H87","0"
"100329440","31010288764P001","RSB MU E2.2 COVER-F-3P-35W-RELT/RGM","","FLOR","4","0","0","H87","0"
"100329441","31010364732P001","PLATE DISTRIBUTION SHUNT TRIP","","FLOR","1","0","0","H87","0"
"100329442","31010416869P002KT","RSB E6.2 TIERS 5K MB SPACER","","FLOR","2","0","0","H87","0"
"100329443","31010527120P001KT","MU NEUTRAL LUG TIER EXT CU 20A","","FLOR","2","0","0","H87","0"
"100329444","31011064023P001","OU REAR BARRIER BRACKET","","FLOR","5","0","0","H87","0"
"100329445","31011693976P001","Neutral Multistack Bracket","","FLOR","1","0","0","H87","0"
"100329446","31012159395P001SM","RSB","","FLOR","1","0","0","H87","0"
"100329447","31012159395P002SM","RSB","","FLOR","2","0","0","H87","0"
"100329448","31012159395P003SM","RSB","","FLOR","1","0","0","H87","0"
"100329449","31012159395P004SM","RSB","","FLOR","1","0","0","H87","0"
"100329450","31012159395P005KT","RSB","","FLOR","1","0","0","H87","0"
"100329451","31012159395P005SM","RSB","","FLOR","2","0","0","H87","0"
"100329452","31012159395P006KT","RSB","","FLOR","1","0","0","H87","0"
"100329453","31012159395P006SM","RSB","","FLOR","3","0","0","H87","0"
"100329454","31012159395P007KT","RSB","","FLOR","1","0","0","H87","0"
"100329455","31012159395P009KT","RSB","","FLOR","1","0","0","H87","0"
"100329456","31012159395P010KT","RSB","","FLOR","1","0","0","H87","0"
"100329457","31012159395P011KT","RSB","","FLOR","1","0","0","H87","0"
"100329458","31012159395P012KT","RSB","","FLOR","1","0","0","H87","0"
"100329459","31012329772P019KT","RSB","","FLOR","2","0","0","H87","0"
"100329460","31012329772P020KT","RSB","","FLOR","2","0","0","H87","0"
"100329461","31012329772P021KT","RSB","","FLOR","2","0","0","H87","0"
"100329462","31012329772P022KT","RSB","","FLOR","2","0","0","H87","0"
"100329463","31012329772P023KT","RSB","","FLOR","2","0","0","H87","0"
"100329464","31012329772P024KT","RSB","","FLOR","2","0","0","H87","0"
"100329465","31012329772P061KT","RSB","","FLOR","2","0","0","H87","0"
"100329466","31012329772P062KT","RSB","","FLOR","2","0","0","H87","0"
"100329467","31012329772P063KT","RSB","","FLOR","2","0","0","H87","0"
"100329468","31012329772P064KT","RSB","","FLOR","2","0","0","H87","0"
"100329469","31012329772P065KT","RSB","","FLOR","2","0","0","H87","0"
"100329470","31012329772P066KT","RSB","","FLOR","2","0","0","H87","0"
"100329471","31012329772P127KT","RSB","","FLOR","2","0","0","H87","0"
"100329472","31012329772P128KT","RSB","","FLOR","2","0","0","H87","0"
"100329473","31012329772P129KT","RSB","","FLOR","2","0","0","H87","0"
"100329474","31012329772P130KT","RSB","","FLOR","2","0","0","H87","0"
"100329475","31012329772P131KT","RSB","","FLOR","2","0","0","H87","0"
"100329476","31012329772P132KT","RSB","","FLOR","2","0","0","H87","0"
"100329477","31012329772P161SM","RSB","","FLOR","1","0","0","H87","0"
"100329478","310125278414P","E6.2 6000A FAN TRAY SLOT COVER","","FLOR","2","0","0","H87","0"
"100329479","3101309142P002","AUX COVER 35W 4H","","FLOR","4","0","0","H87","0"
"100329480","3101309142P003","AUX COVER 40W 4H","","FLOR","2","0","0","H87","0"
"100329481","31013164574P008SM","RSB","","FLOR","4","0","0","H87","0"
"100329482","31013164574P010SM","RSB","","FLOR","1","0","0","H87","0"
"100329483","31013164574P011SM","RSB","","FLOR","1","0","0","H87","0"
"100329484","31013164574P012SM","RSB","","FLOR","1","0","0","H87","0"
"100329485","31013164574P014SM","RSB","","FLOR","11","0","0","H87","0"
"100329486","31013164574P015SM","RSB","","FLOR","4","0","0","H87","0"
"100329487","31013164574P016SM","RSB","","FLOR","2","0","0","H87","0"
"100329488","31013164574P017SM","RSB","","FLOR","2","0","0","H87","0"
"100329489","31013164574P018SM","RSB","","FLOR","2","0","0","H87","0"
"100329490","31013164574P020SM","RSB","","FLOR","2","0","0","H87","0"
"100329491","31013164574P021SM","RSB","","FLOR","4","0","0","H87","0"
"100329492","31013195825P001KT","ESB 1S SPACER FOR BRACING .375THK CU","","FLOR","8","0","0","H87","0"
"100329493","31013195825P002","ESB 1S SPACER FOR BRACING .375THK AL","","FLOR","7","0","0","H87","0"
"100329494","31013200181P001","RSB E2.2 LUGSTRAP MTG BCING 3P30W","","FLOR","7","0","0","H87","0"
"100329495","31013200181P002","RSB E2.2 LUGSTRAP MTG BCING 3P35W","","FLOR","7","0","0","H87","0"
"100329496","31013200181P003","RSB E2.2 LUGSTRAP MTG BCING 3P40W","","FLOR","13","0","0","H87","0"
"100329497","31013200181P005","RSB E2.2 LUGSTRAP MTG BCING 3P50W","","FLOR","2","0","0","H87","0"
"100329498","31013200181P008","RSB E2.2 LUGSTRAP MTG BCING 4P40W","","FLOR","1","0","0","H87","0"
"100329499","31013200181P010","RSB E2.2 LUGSTRAP MTG BCING 4P50W","","FLOR","1","0","0","H87","0"
"100329500","31013200183P001","RSB E2.2 LUGSTRAP MTG BRACKET","","FLOR","139","0","0","H87","0"
"100329501","31013200184P001","RSB E2.2 PH LUGSTRAP BKT","","FLOR","318","0","0","H87","0"
"100329502","31013200186P002KT","RSB E2.2 NEUTRAL LUGSTRAP CU F T20 INNER","","FLOR","7","0","0","H87","0"
"100329503","31013200188P001SM","RSB E6.2 LUGSTRAP BAR CU","","FLOR","18","0","0","H87","0"
"100329504","31013200191P013SM","RSB","","FLOR","1","0","0","H87","0"
"100329505","31013200191P014SM","RSB","","FLOR","1","0","0","H87","0"
"100329506","31013200191P015SM","RSB","","FLOR","1","0","0","H87","0"
"100329507","31013200191P016SM","RSB","","FLOR","1","0","0","H87","0"
"100329508","31013200191P017SM","RSB","","FLOR","1","0","0","H87","0"
"100329509","31013200191P018SM","RSB","","FLOR","1","0","0","H87","0"
"100329510","31013200193P002","MTG BRKT L.H. PBII 08-20A 35W","","FLOR","1","0","0","H87","0"
"100329511","31013200193P003","MTG BRKT L.H. PBII 08-20A 40W","","FLOR","9","0","0","H87","0"
"100329512","31013200194P002","MTG BRKT R.H. PBII 08-20A 35W","","FLOR","1","0","0","H87","0"
"100329513","31013200194P003","MTG BRKT R.H. PBII 08-20A 40W","","FLOR","9","0","0","H87","0"
"100329514","31013332221P001","XT5 BRACE MTG BKT TOP","","FLOR","2","0","0","H87","0"
"100329515","31013332221P002","XT5 BRACE MTG BKT BOT LFT","","FLOR","1","0","0","H87","0"
"100329516","3101334219P","E22 20A BASEPLATE","","FLOR","2","0","0","H87","0"
"100329517","31013417956P","E6.2 6000A FAN TRAY","","FLOR","2","0","0","H87","0"
"100329518","31013417957P001","E6.2 6000A 50 FAN COMPARTMENT","","FLOR","3","0","0","H87","0"
"100329519","31013417958P001","E6.2 6000A 50 FAN COMPARTMENT COVER","","FLOR","9","0","0","H87","0"
"100329520","31013738430P007SM","RSB","","FLOR","2","0","0","H87","0"
"100329521","31013738430P008SM","RSB","","FLOR","2","0","0","H87","0"
"100329522","31013738430P009SM","RSB","","FLOR","2","0","0","H87","0"
"100329523","31013738430P010SM","RSB","","FLOR","2","0","0","H87","0"
"100329524","31013738430P011SM","RSB","","FLOR","2","0","0","H87","0"
"100329525","31013738430P012SM","RSB","","FLOR","2","0","0","H87","0"
"100329526","31013738430P014SM","RSB","","FLOR","2","0","0","H87","0"
"100329527","31013738430P016SM","RSB","","FLOR","2","0","0","H87","0"
"100329528","31013738430P018SM","RSB","","FLOR","2","0","0","H87","0"
"100329529","310141845P002","E1.2 Square spacer","","FLOR","1855","0","0","H87","0"
"100329530","31014703639P032","ESB, VERTICAL RAIL, 1.2/2/4K, 32X","","FLOR","3","0","0","H87","0"
"100329531","31014703639P048","VERTICAL","","FLOR","33","0","0","EA","0"
"100329532","31014703639P056","VERTICAL","","FLOR","10","0","0","EA","0"
"100329533","31014703639P148","VERTICAL","","FLOR","68","0","0","EA","0"
"100329534","31014713639P056","VERTICAL","","FLOR","2","0","0","EA","0"
"100329535","31014713639P140","RSB","","FLOR","14","0","0","H87","0"
"100329536","31014713639P148","VERTICAL","","FLOR","6","0","0","EA","0"
"100329537","3101548143P001KT","RSBC LUGSTRAP BCPS CU 1200A","","FLOR","4","0","0","H87","0"
"100329538","3101548143P003KT","RSBC LUGSTRAP BCPS CU 2000A","","FLOR","8","0","0","H87","0"
"100329539","3101548143P004KT","RSBC LUGSTRAP BCPS CU 2500A","","FLOR","3","0","0","H87","0"
"100329540","3101548143P006KT","RSBC LUGSTRAP BCPS CU 4000A","","FLOR","2","0","0","H87","0"
"100329541","3101548143P007SM","RSBC LUGSTRAP BCPS AL 1200A","","FLOR","3","0","0","H87","0"
"100329542","3101548143P009SM","RSBC LUGSTRAP BCPS AL 2000A","","FLOR","6","0","0","H87","0"
"100329543","3101548143P011SM","RSBC LUGSTRAP BCPS AL 3000A","","FLOR","6","0","0","H87","0"
"100329544","3101548143P012SM","RSBC LUGSTRAP BCPS AL 4000A","","FLOR","4","0","0","H87","0"
"100329545","3101548143P013SM","RSBC LUGSTRAP BCPS AL 4000A","","FLOR","3","0","0","H87","0"
"100329546","3101548143P016KT","RSBC LUGSTRAP BCPS AL 1600A","","FLOR","8","0","0","H87","0"
"100329547","3101548143P017SM","RSBC LUGSTRAP BCPS AL 2000A","","FLOR","9","0","0","H87","0"
"100329548","3101548143P018SM","RSBC LUGSTRAP BCPS AL 2000A","","FLOR","14","0","0","H87","0"
"100329549","3101548143P019KT","RSBC LUGSTRAP BCPS CU 2500A","","FLOR","6","0","0","H87","0"
"100329550","3101548143P021SM","RSBC LUGSTRAP BCPS AL 2500A","","FLOR","3","0","0","H87","0"
"100329551","3101548143P022KT","RSBC LUGSTRAP BCPS CU 3000A","","FLOR","8","0","0","H87","0"
"100329552","3101548143P023KT","RSBC LUGSTRAP BCPS CU 3000A","","FLOR","8","0","0","H87","0"
"100329553","3101548143P024SM","RSBC LUGSTRAP BCPS AL 3000A","","FLOR","6","0","0","H87","0"
"100329554","3101548143P025SM","RSBC LUGSTRAP BCPS CU 3000A","","FLOR","6","0","0","H87","0"
"100329555","3101548143P027KT","RSBC LUGSTRAP BCPS CU 4000A","","FLOR","6","0","0","H87","0"
"100329556","3101548143P029SM","RSBC LUGSTRAP BCPS AL 4000A","","FLOR","3","0","0","H87","0"
"100329557","3101548143P030SM","RSBC LUGSTRAP BCPS AL 4000A","","FLOR","3","0","0","H87","0"
"100329558","3101548143P031SM","RSBC LUGSTRAP BCPS AL 4000A","","FLOR","3","0","0","H87","0"
"100329559","3101548143P032SM","RSBC LUGSTRAP BCPS AL 3000A","","FLOR","10","0","0","H87","0"
"100329560","3101548145P004KT","Bonding jumper 40A","","FLOR","2","0","0","H87","0"
"100329561","3101548146P004KT","Bonding jumper 2 40A","","FLOR","1","0","0","H87","0"
"100329562","3101552307P001","RSBC BRACING BCPS 35W","","FLOR","1","0","0","H87","0"
"100329563","3101552307P002","RSBC BRACING BCPS 40W","","FLOR","3","0","0","H87","0"
"100329564","3101552307P003","RSBC BRACING BCPS 35W 3KAMP","","FLOR","4","0","0","H87","0"
"100329565","3101552307P005","RSBC BRACING BCPS 35W","","FLOR","5","0","0","H87","0"
"100329566","310155325511P001KT","RSB","","FLOR","1","0","0","H87","0"
"100329567","310155325511P002KT","RSB","","FLOR","1","0","0","H87","0"
"100329568","310155325511P003KT","RSB","","FLOR","1","0","0","H87","0"
"100329569","310155325511P004KT","SPECTRA CU NEUTRAL DISCONNECT","","FLOR","2","0","0","H87","0"
"100329570","310155325511P005KT","SPECTRA CU NEUTRAL DISCONNECT","","FLOR","2","0","0","H87","0"
"100329571","310155325521P1KT","RSB, CU NEUTRAL DISCONNECT, 40A, 6W","","FLOR","15","0","0","H87","0"
"100329572","310155325521P2KT","RSB, CU NEUTRAL DISCONNECT, 40A, 6W","","FLOR","9","0","0","H87","0"
"100329573","310155325521P3KT","SPECTRA CU NEUTRAL DISCONNECT","","FLOR","8","0","0","H87","0"
"100329574","310155325521P4KT","SPECTRA CU NEUTRAL DISCONNECT","","FLOR","4","0","0","H87","0"
"100329575","310155325531P006KT","RSB","","FLOR","15","0","0","H87","0"
"100329576","310155325531P007KT","RSB","","FLOR","18","0","0","H87","0"
"100329577","310155325531P008KT","RSB","","FLOR","9","0","0","H87","0"
"100329578","310155325531P009KT","RSB","","FLOR","17","0","0","H87","0"
"100329579","310155325531P010KT","RSB","","FLOR","15","0","0","H87","0"
"100329580","310155325531P011KT","RSB","","FLOR","9","0","0","H87","0"
"100329581","310155325531P011SM","RSB","","FLOR","2","0","0","H87","0"
"100329582","310155325531P012KT","RSB","","FLOR","4","0","0","H87","0"
"100329583","310155325531P012SM","RSB","","FLOR","1","0","0","H87","0"
"100329584","310155325531P013KT","RSB","","FLOR","3","0","0","H87","0"
"100329585","310155325531P013SM","RSB","","FLOR","1","0","0","H87","0"
"100329586","310155325531P014KT","RSB","","FLOR","9","0","0","H87","0"
"100329587","310155325531P014SM","RSB","","FLOR","1","0","0","H87","0"
"100329588","310155325541P002KT","SPECTRA CU NEUTRAL DISCONNECT TO EVO","","FLOR","1","0","0","H87","0"
"100329589","310155325541P004KT","SPECTRA CU NEUTRAL DISCONNECT TO EVO","","FLOR","4","0","0","H87","0"
"100329590","310155325541P005KT","SPECTRA CU NEUTRAL DISCONNECT TO EVO","","FLOR","4","0","0","H87","0"
"100329591","310155325541P008KT","SPECTRA CU NEUTRAL DISCONNECT TO EVO","","FLOR","2","0","0","H87","0"
"100329592","31015707388P001","RSB GROUND AUXILIARY SUPPORT","","FLOR","40","0","0","H87","0"
"100329594","31015729333P002KT","RSB GND BUS BAR AUX 4KA 12.5% & 2KA 25%","","FLOR","7","0","0","H87","0"
"100329595","31015729334P006SM","RSB GND BUS BAR AUX 2.5-3KA 12.5% & 1.2-","","FLOR","1","0","0","H87","0"
"100329596","31015789540P22SM","AUXILIARY NEUT BUS SE 08A AL TR/BL 30D","","FLOR","2","0","0","H87","0"
"100329597","31015789550P22SM","AUXILIARY NEUT BUS SE 08A AL TR/BL 30D","","FLOR","2","0","0","H87","0"
"100329598","31015789560P28KT","AUXILIARY NEUT BUS SE 08A CU TR/BL 40D","","FLOR","3","0","0","H87","0"
"100329599","31015789570P28KT","AUXILIARY NEUT BUS SE 08A CU TR/BL 40D","","FLOR","3","0","0","H87","0"
"100329600","31015789580P01KT","AUXILIARY NEUT BUS 08A CU BL/TR 30D","","FLOR","3","0","0","H87","0"
"100329601","31015789580P08SM","AUXILIARY NEUT BUS 08A CU BR/TL 30D","","FLOR","1","0","0","H87","0"
"100329602","31015789581P01KT","AUXILIARY NEUT BUS 10A CU BL/TR 30D","","FLOR","1","0","0","H87","0"
"100329603","31015789581P08KT","AUXILIARY NEUT BUS 10A CU BR/TL 30D","","FLOR","2","0","0","H87","0"
"100329604","31015789581P10KT","AUXILIARY NEUT BUS 10A CU BR/TL 40D","","FLOR","1","0","0","H87","0"
"100329605","31015789581P15KT","AUXILIARY NEUT BUS 10A CU BL/TR 25D","","FLOR","3","0","0","H87","0"
"100329606","31015789582P01KT","AUXILIARY NEUT BUS 12A CU TL/BR 30D","","FLOR","1","0","0","H87","0"
"100329607","31015789582P07KT","AUXILIARY NEUT BUS 12A CU TL/BR 40D","","FLOR","1","0","0","H87","0"
"100329608","31015789582P13KT","AUXILIARY NEUT BUS 12A CU TL/BR 50D","","FLOR","1","0","0","H87","0"
"100329609","31015789582P28KT","AUXILIARY NEUT BUS 12A CU TR/BL 40D","","FLOR","2","0","0","H87","0"
"100329610","31015789582P34KT","AUXILIARY NEUT BUS 12A CU TR/BL 50D","","FLOR","1","0","0","H87","0"
"100329611","31015789583P03KT","AUXILIARY NEUT BUS 16A CU TL/BR 35D","","FLOR","1","0","0","H87","0"
"100329612","31015789583P06KT","AUXILIARY NEUT BUS 16A CU TL/BR 40D","","FLOR","3","0","0","H87","0"
"100329613","31015789583P17KT","AUXILIARY NEUT BUS 16A CU TR/BL 35D","","FLOR","2","0","0","H87","0"
"100329614","31015789583P18KT","AUXILIARY NEUT BUS 16A CU TR/BL 35D","","FLOR","2","0","0","H87","0"
"100329615","31015789583P19KT","AUXILIARY NEUT BUS 16A CU TR/BL 40D","","FLOR","1","0","0","H87","0"
"100329616","31015789583P29KT","AUXILIARY NEUT BUS 16A CU TL/BR 25D","","FLOR","2","0","0","H87","0"
"100329617","31015789583P30KT","AUXILIARY NEUT BUS 16A CU TL/BR 25D","","FLOR","1","0","0","H87","0"
"100329618","31015789583P31SM","AUXILIARY NEUT BUS 16A CU TR/BL 25D","","FLOR","1","0","0","H87","0"
"100329619","31015789584P04KT","AUXILIARY NEUT BUS 20A CU TL/BR 35D","","FLOR","6","0","0","H87","0"
"100329620","31015789584P07KT","AUXILIARY NEUT BUS 20A CU TL/BR 40D","","FLOR","1","0","0","H87","0"
"100329621","31015789584P08KT","AUXILIARY NEUT BUS 20A CU TL/BR 40D","","FLOR","1","0","0","H87","0"
"100329622","31015789584P10KT","AUXILIARY NEUT BUS 20A CU TL/BR 45D","","FLOR","4","0","0","H87","0"
"100329623","31015789584P10SM","AUXILIARY NEUT BUS 20A CU TL/BR 45D","","FLOR","1","0","0","H87","0"
"100329624","31015789584P11KT","AUXILIARY NEUT BUS 20A CU TL/BR 45D","","FLOR","2","0","0","H87","0"
"100329625","31015789584P11SM","AUXILIARY NEUT BUS 20A CU TL/BR 45D","","FLOR","1","0","0","H87","0"
"100329626","31015789584P13KT","AUXILIARY NEUT BUS 20A CU TL/BR 50D","","FLOR","4","0","0","H87","0"
"100329627","31015789584P14KT","AUXILIARY NEUT BUS 20A CU TL/BR 50D","","FLOR","4","0","0","H87","0"
"100329628","31015789584P31KT","AUXILIARY NEUT BUS 20A CU TR/BL 45D","","FLOR","1","0","0","H87","0"
"100329629","31015789584P31SM","AUXILIARY NEUT BUS 20A CU TR/BL 45D","","FLOR","2","0","0","H87","0"
"100329630","31015789584P32SM","AUXILIARY NEUT BUS 20A CU TR/BL 45D","","FLOR","2","0","0","H87","0"
"100329631","31015789585P01KT","AUXILIARY NEUT BUS 25A CU BL/TR 30D","","FLOR","4","0","0","H87","0"
"100329632","31015789585P02KT","AUXILIARY NEUT BUS 25A CU BL/TR 30D","","FLOR","4","0","0","H87","0"
"100329633","31015789585P07KT","AUXILIARY NEUT BUS 25A CU BL/TR 45D","","FLOR","1","0","0","H87","0"
"100329634","31015789585P13KT","AUXILIARY NEUT BUS 25A CU BL/TR 60D","","FLOR","1","0","0","H87","0"
"100329635","31015789585P14KT","AUXILIARY NEUT BUS 25A CU BL/TR 60D","","FLOR","1","0","0","H87","0"
"100329636","31015789585P15KT","AUXILIARY NEUT BUS 25A CU BR/TL 30D","","FLOR","2","0","0","H87","0"
"100329637","31015789585P16KT","AUXILIARY NEUT BUS 25A CU BR/TL 30D","","FLOR","2","0","0","H87","0"
"100329638","31015789585P17KT","AUXILIARY NEUT BUS 25A CU BR/TL 35D","","FLOR","7","0","0","H87","0"
"100329639","31015789585P18KT","AUXILIARY NEUT BUS 25A CU BR/TL 35D","","FLOR","1","0","0","H87","0"
"100329640","31015789585P19KT","AUXILIARY NEUT BUS 25A CU BR/TL 40D","","FLOR","1","0","0","H87","0"
"100329641","31015789585P25KT","AUXILIARY NEUT BUS 25A CU BR/TL 55D","","FLOR","2","0","0","H87","0"
"100329642","31015789585P26KT","AUXILIARY NEUT BUS 25A CU BR/TL 55D","","FLOR","2","0","0","H87","0"
"100329643","31015789585P31KT","AUXILIARY NEUT BUS 25A CU BR/TL 25D","","FLOR","3","0","0","H87","0"
"100329644","31015789585P32KT","AUXILIARY NEUT BUS 25A CU BR/TL 25D","","FLOR","3","0","0","H87","0"
"100329645","31015789586P04KT","AUXILIARY NEUT BUS 30A CU TL/BR 35D","","FLOR","15","0","0","H87","0"
"100329646","31015789586P05KT","AUXILIARY NEUT BUS 30A CU TL/BR 35D","","FLOR","39","0","0","H87","0"
"100329647","31015789586P07SM","AUXILIARY NEUT BUS 30A CU TL/BR 40D","","FLOR","2","0","0","H87","0"
"100329648","31015789586P08SM","AUXILIARY NEUT BUS 30A CU TL/BR 40D","","FLOR","2","0","0","H87","0"
"100329649","31015789586P09SM","AUXILIARY NEUT BUS 30A CU TL/BR 40D","","FLOR","2","0","0","H87","0"
"100329650","31015789586P10KT","AUXILIARY NEUT BUS 30A CU TL/BR 45D","","FLOR","2","0","0","H87","0"
"100329651","31015789586P12KT","AUXILIARY NEUT BUS 30A CU TL/BR 45D","","FLOR","1","0","0","H87","0"
"100329652","31015789586P25KT","AUXILIARY NEUT BUS 30A CU TR/BL 35D","","FLOR","4","0","0","H87","0"
"100329653","31015789586P26KT","AUXILIARY NEUT BUS 30A CU TR/BL 35D","","FLOR","4","0","0","H87","0"
"100329654","31015789586P27KT","AUXILIARY NEUT BUS 30A CU TR/BL 35D","","FLOR","2","0","0","H87","0"
"100329655","31015789586P28SM","AUXILIARY NEUT BUS 30A CU TR/BL 40D","","FLOR","2","0","0","H87","0"
"100329656","31015789586P29SM","AUXILIARY NEUT BUS 30A CU TR/BL 40D","","FLOR","2","0","0","H87","0"
"100329657","31015789586P30SM","AUXILIARY NEUT BUS 30A CU TR/BL 40D","","FLOR","2","0","0","H87","0"
"100329658","31015789586P34KT","AUXILIARY NEUT BUS 30A CU TR/BL 50D","","FLOR","1","0","0","H87","0"
"100329659","31015789586P35KT","AUXILIARY NEUT BUS 30A CU TR/BL 50D","","FLOR","1","0","0","H87","0"
"100329660","31015789586P36KT","AUXILIARY NEUT BUS 30A CU TR/BL 50D","","FLOR","1","0","0","H87","0"
"100329661","31015789586P40KT","AUXILIARY NEUT BUS 30A CU TR/BL 60D","","FLOR","2","0","0","H87","0"
"100329662","31015789586P41KT","AUXILIARY NEUT BUS 30A CU TR/BL 60D","","FLOR","2","0","0","H87","0"
"100329663","31015789586P42KT","AUXILIARY NEUT BUS 30A CU TR/BL 60D","","FLOR","2","0","0","H87","0"
"100329664","31015789586P47KT","AUXILIARY NEUT BUS 30A CU TR/BL 25D","","FLOR","2","0","0","H87","0"
"100329665","31015789586P48KT","AUXILIARY NEUT BUS 30A CU TR/BL 25D","","FLOR","1","0","0","H87","0"
"100329666","31015789587P07KT","AUXILIARY NEUT BUS 40A CU TL/BR 40D","","FLOR","12","0","0","H87","0"
"100329667","31015789587P16KT","AUXILIARY NEUT BUS 40A CU TL/BR 55D","","FLOR","2","0","0","H87","0"
"100329668","31015789587P20KT","AUXILIARY NEUT BUS 40A CU TL/BR 60D","","FLOR","1","0","0","H87","0"
"100329669","31015789587P25KT","AUXILIARY NEUT BUS 40A CU TR/BL 35D","","FLOR","2","0","0","H87","0"
"100329670","31015789587P26KT","AUXILIARY NEUT BUS 40A CU TR/BL 35D","","FLOR","1","0","0","H87","0"
"100329671","31015789587P34KT","AUXILIARY NEUT BUS 40A CU TR/BL 50D","","FLOR","3","0","0","H87","0"
"100329672","31015789587P35KT","AUXILIARY NEUT BUS 40A CU TR/BL 50D","","FLOR","3","0","0","H87","0"
"100329673","31015789587P35SM","AUXILIARY NEUT BUS 40A CU TR/BL 50D","","FLOR","1","0","0","H87","0"
"100329674","31015789587P37KT","AUXILIARY NEUT BUS 40A CU TR/BL 55D","","FLOR","5","0","0","H87","0"
"100329675","31015789588P16SM","AUXILIARY NEUT BUS 50A CU TL/BR 45D","","FLOR","2","0","0","H87","0"
"100329676","31015789588P17SM","AUXILIARY NEUT BUS 50A CU TL/BR 45D","","FLOR","2","0","0","H87","0"
"100329677","31015789588P18SM","AUXILIARY NEUT BUS 50A CU TL/BR 45D","","FLOR","2","0","0","H87","0"
"100329678","31015789588P19SM","AUXILIARY NEUT BUS 50A CU TL/BR 45D","","FLOR","2","0","0","H87","0"
"100329679","31015789588P20SM","AUXILIARY NEUT BUS 50A CU TL/BR 45D","","FLOR","2","0","0","H87","0"
"100329680","31015789588P22KT","AUXILIARY NEUT BUS 50A CU TL/BR 50D","","FLOR","2","0","0","H87","0"
"100329681","31015789588P23KT","AUXILIARY NEUT BUS 50A CU TL/BR 50D","","FLOR","1","0","0","H87","0"
"100329682","31015789588P26KT","AUXILIARY NEUT BUS 50A CU TL/BR 55D","","FLOR","8","0","0","H87","0"
"100329683","31015789588P27KT","AUXILIARY NEUT BUS 50A CU TL/BR 55D","","FLOR","7","0","0","H87","0"
"100329684","31015789588P28KT","AUXILIARY NEUT BUS 50A CU TL/BR 55D","","FLOR","6","0","0","H87","0"
"100329685","31015789588P28SM","AUXILIARY NEUT BUS 50A CU TL/BR 55D","","FLOR","1","0","0","H87","0"
"100329686","31015789588P29KT","AUXILIARY NEUT BUS 50A CU TL/BR 55D","","FLOR","8","0","0","H87","0"
"100329687","31015789588P30KT","AUXILIARY NEUT BUS 50A CU TL/BR 60D","","FLOR","7","0","0","H87","0"
"100329688","31015789588P41KT","AUXILIARY NEUT BUS 50A CU TR/BL 35D","","FLOR","2","0","0","H87","0"
"100329689","31015789588P42KT","AUXILIARY NEUT BUS 50A CU TR/BL 35D","","FLOR","2","0","0","H87","0"
"100329690","31015789588P43KT","AUXILIARY NEUT BUS 50A CU TR/BL 35D","","FLOR","2","0","0","H87","0"
"100329691","31015789588P44KT","AUXILIARY NEUT BUS 50A CU TR/BL 35D","","FLOR","2","0","0","H87","0"
"100329692","31015789588P45KT","AUXILIARY NEUT BUS 50A CU TR/BL 35D","","FLOR","2","0","0","H87","0"
"100329693","31015789588P56KT","AUXILIARY NEUT BUS 50A CU TR/BL 50D","","FLOR","2","0","0","H87","0"
"100329694","31015789588P57KT","AUXILIARY NEUT BUS 50A CU TR/BL 50D","","FLOR","1","0","0","H87","0"
"100329695","31015789588P58KT","AUXILIARY NEUT BUS 50A CU TR/BL 50D","","FLOR","1","0","0","H87","0"
"100329696","31015789588P61KT","AUXILIARY NEUT BUS 50A CU TR/BL 55D","","FLOR","3","0","0","H87","0"
"100329697","31015789588P62KT","AUXILIARY NEUT BUS 50A CU TR/BL 55D","","FLOR","7","0","0","H87","0"
"100329698","31015789588P63KT","AUXILIARY NEUT BUS 50A CU TR/BL 55D","","FLOR","5","0","0","H87","0"
"100329699","31015789588P64KT","AUXILIARY NEUT BUS 50A CU TR/BL 55D","","FLOR","4","0","0","H87","0"
"100329700","31015789588P65KT","AUXILIARY NEUT BUS 50A CU TR/BL 55D","","FLOR","3","0","0","H87","0"
"100329701","31015789589P37SM","AUXILIARY NEUT BUS 60A CU TL/BR 60D","","FLOR","5","0","0","H87","0"
"100329702","31015789589P38SM","AUXILIARY NEUT BUS 60A CU TL/BR 60D","","FLOR","5","0","0","H87","0"
"100329703","31015789589P39KT","AUXILIARY NEUT BUS 60A CU TL/BR 60D","","FLOR","1","0","0","H87","0"
"100329704","31015789589P41SM","AUXILIARY NEUT BUS 60A CU TL/BR 60D","","FLOR","5","0","0","H87","0"
"100329705","31015789589P42KT","AUXILIARY NEUT BUS 60A CU TL/BR 60D","","FLOR","1","0","0","H87","0"
"100329706","31015789589P42SM","AUXILIARY NEUT BUS 60A CU TL/BR 60D","","FLOR","5","0","0","H87","0"
"100329707","31015789589P79SM","AUXILIARY NEUT BUS 60A CU TR/BL 60D","","FLOR","5","0","0","H87","0"
"100329708","31015789589P83SM","AUXILIARY NEUT BUS 60A CU TR/BL 60D","","FLOR","5","0","0","H87","0"
"100329709","31015789589P84SM","AUXILIARY NEUT BUS 60A CU TR/BL 60D","","FLOR","5","0","0","H87","0"
"100329710","31015789590P04SM","AUXILIARY NEUT BUS 08A AL BL/TR 45D","","FLOR","1","0","0","H87","0"
"100329711","31015789590P11SM","AUXILIARY NEUT BUS 08A AL BR/TL 45D","","FLOR","1","0","0","H87","0"
"100329712","31015789590P16SM","AUXILIARY NEUT BUS 08A AL BR/TL 25D","","FLOR","7","0","0","H87","0"
"100329713","31015789591P01SM","AUXILIARY NEUT BUS 10A AL BL/TR 30D","","FLOR","6","0","0","H87","0"
"100329714","31015789591P08SM","AUXILIARY NEUT BUS 10A AL BR/TL 30D","","FLOR","5","0","0","H87","0"
"100329715","31015789592P07SM","AUXILIARY NEUT BUS 12A AL TL/BR 40D","","FLOR","2","0","0","H87","0"
"100329716","31015789592P31SM","AUXILIARY NEUT BUS 12A AL TR/BL 45D","","FLOR","1","0","0","H87","0"
"100329717","31015789592P43SM","AUXILIARY NEUT BUS 12A AL TL/BR 25D","","FLOR","2","0","0","H87","0"
"100329718","31015789592P44SM","AUXILIARY NEUT BUS 12A AL TR/BL 25D","","FLOR","1","0","0","H87","0"
"100329719","31015789593P01SM","AUXILIARY NEUT BUS 16A AL TL/BR 30D","","FLOR","3","0","0","H87","0"
"100329720","31015789593P05SM","AUXILIARY NEUT BUS 16A AL TL/BR 40D","","FLOR","3","0","0","H87","0"
"100329721","31015789593P06SM","AUXILIARY NEUT BUS 16A AL TL/BR 40D","","FLOR","4","0","0","H87","0"
"100329722","31015789593P20SM","AUXILIARY NEUT BUS 16A AL TR/BL 40D","","FLOR","1","0","0","H87","0"
"100329723","31015789594P01SM","AUXILIARY NEUT BUS 20A AL TL/BR 30D","","FLOR","3","0","0","H87","0"
"100329724","31015789594P04SM","AUXILIARY NEUT BUS 20A AL TL/BR 35D","","FLOR","2","0","0","H87","0"
"100329725","31015789594P05SM","AUXILIARY NEUT BUS 20A AL TL/BR 35D","","FLOR","1","0","0","H87","0"
"100329726","31015789594P07SM","AUXILIARY NEUT BUS 20A AL TL/BR 40D","","FLOR","7","0","0","H87","0"
"100329727","31015789594P08SM","AUXILIARY NEUT BUS 20A AL TL/BR 40D","","FLOR","6","0","0","H87","0"
"100329728","31015789594P13SM","AUXILIARY NEUT BUS 20A AL TL/BR 50D","","FLOR","4","0","0","H87","0"
"100329729","31015789594P14SM","AUXILIARY NEUT BUS 20A AL TL/BR 50D","","FLOR","4","0","0","H87","0"
"100329730","31015789594P22SM","AUXILIARY NEUT BUS 20A AL TR/BL 30D","","FLOR","11","0","0","H87","0"
"100329731","31015789594P23SM","AUXILIARY NEUT BUS 20A AL TR/BL 30D","","FLOR","13","0","0","H87","0"
"100329732","31015789594P28SM","AUXILIARY NEUT BUS 20A AL TR/BL 40D","","FLOR","2","0","0","H87","0"
"100329733","31015789594P29SM","AUXILIARY NEUT BUS 20A AL TR/BL 40D","","FLOR","2","0","0","H87","0"
"100329734","31015789595P01SM","AUXILIARY NEUT BUS 25A AL BL/TR 30D","","FLOR","2","0","0","H87","0"
"100329735","31015789595P02SM","AUXILIARY NEUT BUS 25A AL BL/TR 30D","","FLOR","2","0","0","H87","0"
"100329736","31015789595P03SM","AUXILIARY NEUT BUS 25A AL BL/TR 35D","","FLOR","3","0","0","H87","0"
"100329737","31015789595P04SM","AUXILIARY NEUT BUS 25A AL BL/TR 35D","","FLOR","3","0","0","H87","0"
"100329738","31015789595P09SM","AUXILIARY NEUT BUS 25A AL BL/TR 50D","","FLOR","1","0","0","H87","0"
"100329739","31015789595P10SM","AUXILIARY NEUT BUS 25A AL BL/TR 50D","","FLOR","3","0","0","H87","0"
"100329740","31015789595P17SM","AUXILIARY NEUT BUS 25A AL BR/TL 35D","","FLOR","4","0","0","H87","0"
"100329741","31015789595P18SM","AUXILIARY NEUT BUS 25A AL BR/TL 35D","","FLOR","2","0","0","H87","0"
"100329742","31015789595P21SM","AUXILIARY NEUT BUS 25A AL BR/TL 45D","","FLOR","3","0","0","H87","0"
"100329743","31015789595P22SM","AUXILIARY NEUT BUS 25A AL BR/TL 45D","","FLOR","1","0","0","H87","0"
"100329744","31015789595P27SM","AUXILIARY NEUT BUS 25A AL BR/TL 60D","","FLOR","1","0","0","H87","0"
"100329745","31015789595P28SM","AUXILIARY NEUT BUS 25A AL BR/TL 60D","","FLOR","1","0","0","H87","0"
"100329746","31015789595P31SM","AUXILIARY NEUT BUS 25A AL BR/TL 25D","","FLOR","7","0","0","H87","0"
"100329747","31015789595P32SM","AUXILIARY NEUT BUS 25A AL BR/TL 25D","","FLOR","7","0","0","H87","0"
"100329748","31015789596P03SM","AUXILIARY NEUT BUS 30A AL TL/BR 30D","","FLOR","3","0","0","H87","0"
"100329749","31015789596P04SM","AUXILIARY NEUT BUS 30A AL TL/BR 35D","","FLOR","17","0","0","H87","0"
"100329750","31015789596P05SM","AUXILIARY NEUT BUS 30A AL TL/BR 35D","","FLOR","12","0","0","H87","0"
"100329751","31015789596P06SM","AUXILIARY NEUT BUS 30A AL TL/BR 35D","","FLOR","13","0","0","H87","0"
"100329752","31015789596P07SM","AUXILIARY NEUT BUS 30A AL TL/BR 40D","","FLOR","15","0","0","H87","0"
"100329753","31015789596P08SM","AUXILIARY NEUT BUS 30A AL TL/BR 40D","","FLOR","23","0","0","H87","0"
"100329754","31015789596P09SM","AUXILIARY NEUT BUS 30A AL TL/BR 40D","","FLOR","26","0","0","H87","0"
"100329755","31015789596P23SM","AUXILIARY NEUT BUS 30A AL TR/BL 30D","","FLOR","3","0","0","H87","0"
"100329756","31015789596P24SM","AUXILIARY NEUT BUS 30A AL TR/BL 30D","","FLOR","3","0","0","H87","0"
"100329757","31015789596P25SM","AUXILIARY NEUT BUS 30A AL TR/BL 35D","","FLOR","2","0","0","H87","0"
"100329758","31015789597P01SM","AUXILIARY NEUT BUS 40A AL TL/BR 30D","","FLOR","4","0","0","H87","0"
"100329759","31015789597P02SM","AUXILIARY NEUT BUS 40A AL TL/BR 30D","","FLOR","4","0","0","H87","0"
"100329760","31015789597P03SM","AUXILIARY NEUT BUS 40A AL TL/BR 30D","","FLOR","4","0","0","H87","0"
"100329761","31015789597P07SM","AUXILIARY NEUT BUS 40A AL TL/BR 40D","","FLOR","9","0","0","H87","0"
"100329762","31015789597P08SM","AUXILIARY NEUT BUS 40A AL TL/BR 40D","","FLOR","4","0","0","H87","0"
"100329763","31015789597P09SM","AUXILIARY NEUT BUS 40A AL TL/BR 40D","","FLOR","5","0","0","H87","0"
"100329764","31015789597P10SM","AUXILIARY NEUT BUS 40A AL TL/BR 45D","","FLOR","5","0","0","H87","0"
"100329765","31015789597P11SM","AUXILIARY NEUT BUS 40A AL TL/BR 45D","","FLOR","6","0","0","H87","0"
"100329766","31015789597P12SM","AUXILIARY NEUT BUS 40A AL TL/BR 45D","","FLOR","2","0","0","H87","0"
"100329767","31015789597P15SM","AUXILIARY NEUT BUS 40A AL TL/BR 50D","","FLOR","1","0","0","H87","0"
"100329768","31015789597P19SM","AUXILIARY NEUT BUS 40A AL TL/BR 60D","","FLOR","1","0","0","H87","0"
"100329769","31015789597P20SM","AUXILIARY NEUT BUS 40A AL TL/BR 60D","","FLOR","2","0","0","H87","0"
"100329770","31015789597P21SM","AUXILIARY NEUT BUS 40A AL TL/BR 60D","","FLOR","2","0","0","H87","0"
"100329771","31015789597P22SM","AUXILIARY NEUT BUS 40A AL TR/BL 30D","","FLOR","3","0","0","H87","0"
"100329772","31015789597P23SM","AUXILIARY NEUT BUS 40A AL TR/BL 30D","","FLOR","3","0","0","H87","0"
"100329773","31015789597P25SM","AUXILIARY NEUT BUS 40A AL TR/BL 35D","","FLOR","4","0","0","H87","0"
"100329774","31015789597P27SM","AUXILIARY NEUT BUS 40A AL TR/BL 35D","","FLOR","2","0","0","H87","0"
"100329775","31015789597P28SM","AUXILIARY NEUT BUS 40A AL TR/BL 40D","","FLOR","25","0","0","H87","0"
"100329776","31015789597P29SM","AUXILIARY NEUT BUS 40A AL TR/BL 40D","","FLOR","21","0","0","H87","0"
"100329777","31015789597P30SM","AUXILIARY NEUT BUS 40A AL TR/BL 40D","","FLOR","22","0","0","H87","0"
"100329778","31015793242P01","AUX NEUT BRACKET","","FLOR","1719","0","0","H87","0"
"100329779","31015793286P01","AUX NEUT BRACKET","","FLOR","1988","0","0","H87","0"
"100329780","31015793369P003SM","RSB GND BUS BAR 25D 400A-2KA 12.5% & 400","","FLOR","1","0","0","H87","0"
"100329781","31015793369P006SM","RSB GND BUS BAR 40D 400A-2KA 12.5% & 400","","FLOR","11","0","0","H87","0"
"100329782","31015793369P014SM","RSB GND BUS BAR 30D 400A-2KA 25%","","FLOR","4","0","0","H87","0"
"100329783","31015793369P015SM","RSB GND BUS BAR 35D 400A-2KA 25%","","FLOR","1","0","0","H87","0"
"100329784","31015793369P016SM","RSB GND BUS BAR 40D 400A-2KA 25%","","FLOR","1","0","0","H87","0"
"100329786","31015793369P020SM","RSB GND BUS BAR 60D 400A-2KA 25%","","FLOR","1","0","0","H87","0"
"100329787","31015793369P024SM","RSB GND BUS BAR 30D 25A-30A 12.5% & 25%","","FLOR","2","0","0","H87","0"
"100329788","31015793369P025SM","RSB GND BUS BAR 35D 25A-30A 12.5% & 25%","","FLOR","4","0","0","H87","0"
"100329789","31015793369P026SM","RSB GND BUS BAR 40D 25A-30A 12.5% & 25%","","FLOR","28","0","0","H87","0"
"100329790","31015793370P004SM","RSB GND BUS BAR 30D 400A-2KA 12.5% & 400","","FLOR","1","0","0","H87","0"
"100329791","31015793370P005SM","RSB GND BUS BAR 35D 400A-2KA 12.5% & 400","","FLOR","1","0","0","H87","0"
"100329792","31015793370P007SM","RSB GND BUS BAR 45D 400A-2KA 12.5% & 400","","FLOR","1","0","0","H87","0"
"100329793","31015793370P014SM","RSB GND BUS BAR AL 30D 2.5KA-3KA 12.5% &","","FLOR","1","0","0","H87","0"
"100329794","31015793370P016SM","RSB GND BUS BAR AL 40D 2.5KA-3KA 12.5% &","","FLOR","1","0","0","H87","0"
"100329795","31015793370P035SM","RSB GND BUS BAR AL 35D 400A-2KA 25% BR/T","","FLOR","10","0","0","H87","0"
"100329796","31015793370P036SM","RSB GND BUS BAR AL 40D 400A-2KA 25% BR/T","","FLOR","13","0","0","H87","0"
"100329797","31015793370P038SM","RSB GND BUS BAR AL 50D 400A-2KA 25% BR/T","","FLOR","2","0","0","H87","0"
"100329798","31015793370P040SM","RSB GND BUS BAR AL 60D 400A-2KA 25% BR/T","","FLOR","5","0","0","H87","0"
"100329799","31015793371P004KT","RSB GND BUS BAR 30D 400A-2KA 12.5% & 400","","FLOR","2","0","0","H87","0"
"100329800","31015793371P005SM","RSB GND BUS BAR 35D 400A-2KA 12.5% & 400","","FLOR","16","0","0","H87","0"
"100329801","31015793371P006KT","RSB GND BUS BAR 40D 400A-2KA 12.5% & 400","","FLOR","3","0","0","H87","0"
"100329802","31015793371P006SM","RSB GND BUS BAR 40D 400A-2KA 12.5% & 400","","FLOR","1","0","0","H87","0"
"100329803","31015793371P010SM","RSB GND BUS BAR 60D 400A-2KA 12.5% & 400","","FLOR","2","0","0","H87","0"
"100329804","31015793371P014KT","RSB GND BUS BAR 30D 4KA 12.5% AND 2KA 25","","FLOR","1","0","0","H87","0"
"100329805","31015793371P015KT","RSB GND BUS BAR 35D 4KA 12.5% AND 2KA 25","","FLOR","23","0","0","H87","0"
"100329806","31015793371P015SM","RSB GND BUS BAR 35D 4KA 12.5% AND 2KA 25","","FLOR","6","0","0","H87","0"
"100329807","31015793371P016SM","RSB GND BUS BAR 40D 4KA 12.5% AND 2KA 25","","FLOR","2","0","0","H87","0"
"100329808","31015793371P017KT","RSB GND BUS BAR 45D 4KA 12.5% AND 2KA 25","","FLOR","2","0","0","H87","0"
"100329809","31015793371P018KT","RSB GND BUS BAR 50D 4KA 12.5% AND 2KA 25","","FLOR","8","0","0","H87","0"
"100329810","31015793371P018SM","RSB GND BUS BAR 50D 4KA 12.5% AND 2KA 25","","FLOR","1","0","0","H87","0"
"100329811","31015793371P019KT","RSB GND BUS BAR 55D 4KA 12.5% AND 2KA 25","","FLOR","4","0","0","H87","0"
"100329812","31015793371P025KT","RSB GND BUS BAR 35D 5KA 12.5%AT 0.6KA/SI","","FLOR","2","0","0","H87","0"
"100329813","31015793371P027KT","RSB GND BUS BAR 45D 5KA 12.5%AT 0.6KA/SI","","FLOR","1","0","0","H87","0"
"100329814","31015793371P029KT","RSB GND BUS BAR 55D 5KA 12.5%AT 0.6KA/SI","","FLOR","4","0","0","H87","0"
"100329815","31015793371P034KT","RSB GND BUS BAR 30D 5KA 12.5%AT 0.6KA/SI","","FLOR","90","0","0","H87","0"
"100329816","31015793371P035KT","RSB GND BUS BAR 35D 5KA 12.5%AT 0.6KA/SI","","FLOR","2","0","0","H87","0"
"100329817","31015793371P037KT","RSB GND BUS BAR 45D 5KA 12.5%AT 0.6KA/SI","","FLOR","1","0","0","H87","0"
"100329818","31015793371P045SM","RSB GND BUS BAR 35D 2.5-3KA 12.5% & 1.2-","","FLOR","3","0","0","H87","0"
"100329819","31015793371P046SM","RSB GND BUS BAR 40D 2.5-3KA 12.5% & 1.2-","","FLOR","1","0","0","H87","0"
"100329820","31015793371P047KT","RSB GND BUS BAR 45D 2.5-3KA 12.5% & 1.2-","","FLOR","6","0","0","H87","0"
"100329821","31015793371P057KT","RSB GND BUS BAR 45D 6KA 12.5% AT 0.6KA/S","","FLOR","1","0","0","H87","0"
"100329822","31015793371P067KT","RSB GND BUS BAR 45D 6KA 12.5% AT 0.6KA/S","","FLOR","1","0","0","H87","0"
"100329823","31015793372P003SM","RSB GND BUS BAR 25D 400A-2KA 12.5% & 400","","FLOR","3","0","0","H87","0"
"100329824","31015793372P004KT","RSB GND BUS BAR 30D 400A-2KA 12.5% & 400","","FLOR","7","0","0","H87","0"
"100329825","31015793372P004SM","RSB GND BUS BAR 30D 400A-2KA 12.5% & 400","","FLOR","6","0","0","H87","0"
"100329826","31015793372P005SM","RSB GND BUS BAR 35D 400A-2KA 12.5% & 400","","FLOR","28","0","0","H87","0"
"100329827","31015793372P007KT","RSB GND BUS BAR 45D 400A-2KA 12.5% & 400","","FLOR","98","0","0","H87","0"
"100329828","31015793372P008KT","RSB GND BUS BAR 50D 400A-2KA 12.5% & 400","","FLOR","3","0","0","H87","0"
"100329829","31015793372P010SM","RSB GND BUS BAR 60D 400A-2KA 12.5% & 400","","FLOR","2","0","0","H87","0"
"100329830","31015793372P014KT","RSB GND BUS BAR 30D 2KA 25% AND 4KA 12.5","","FLOR","5","0","0","H87","0"
"100329831","31015793372P014SM","RSB GND BUS BAR 30D 2KA 25% AND 4KA 12.5","","FLOR","8","0","0","H87","0"
"100329832","31015793372P015SM","RSB GND BUS BAR 35D 2KA 25% AND 4KA 12.5","","FLOR","8","0","0","H87","0"
"100329833","31015793372P016KT","RSB GND BUS BAR 40D 2KA 25% AND 4KA 12.5","","FLOR","1","0","0","H87","0"
"100329834","31015793372P017KT","RSB GND BUS BAR 45D 2KA 25% AND 4KA 12.5","","FLOR","11","0","0","H87","0"
"100329835","31015793372P019KT","RSB GND BUS BAR 55D 2KA 25% AND 4KA 12.5","","FLOR","2","0","0","H87","0"
"100329836","31015793372P020KT","RSB GND BUS BAR 60D 2KA 25% AND 4KA 12.5","","FLOR","2","0","0","H87","0"
"100329837","31015793372P027KT","RSB GND BUS BAR 45D 4KA 25%","","FLOR","2","0","0","H87","0"
"100329838","31015793372P029KT","RSB GND BUS BAR 55D 4KA 25%","","FLOR","1","0","0","H87","0"
"100329839","31015793372P039KT","RSB GND BUS BAR 55D 4KA 25%","","FLOR","1","0","0","H87","0"
"100329840","31015793372P044KT","RSB GND BUS BAR 30D 2.5-3KA 12.5% & 1.2-","","FLOR","2","0","0","H87","0"
"100329841","31015793372P045KT","RSB GND BUS BAR 35D 2.5-3KA 12.5% & 1.2-","","FLOR","13","0","0","H87","0"
"100329842","31015793372P045SM","RSB GND BUS BAR 35D 2.5-3KA 12.5% & 1.2-","","FLOR","2","0","0","H87","0"
"100329843","31015793372P046KT","RSB GND BUS BAR 40D 2.5-3KA 12.5% & 1.2-","","FLOR","7","0","0","H87","0"
"100329844","31015793372P048KT","RSB GND BUS BAR 50D 2.5-3KA 12.5% & 1.2-","","FLOR","1","0","0","H87","0"
"100329845","31015793372P057KT","RSB GND BUS BAR 45D 6KA 12.5%","","FLOR","1","0","0","H87","0"
"100329846","31015793372P067KT","RSB GND BUS BAR 45D 6KA 12.5%","","FLOR","1","0","0","H87","0"
"100329847","3101582913P001","RSBC BRACKET BCPS","","FLOR","21","0","0","H87","0"
"100329848","3101582913P002","RSBC BRACKET BCPS 3K","","FLOR","6","0","0","H87","0"
"100329849","3101582913P003","RSBC BRACKET BCPS 3K AL","","FLOR","4","0","0","H87","0"
"100329850","3101582913P004","RSBC BRACKET BCPS_2500AMP","","FLOR","4","0","0","H87","0"
"100329851","3101582913P007","RSBC BRACKET BCPS_2000AMP_AL","","FLOR","8","0","0","H87","0"
"100329852","3101582913P009","RSBC BRACKET BCPS_1200AMP_CU","","FLOR","2","0","0","H87","0"
"100329853","3101582913P011","RSBC BRACKET BCPS_INST10","","FLOR","2","0","0","H87","0"
"100329854","3101582913P012","RSBC BRACKET BCPS_INST11","","FLOR","4","0","0","H87","0"
"100329855","31015836373P001SM","RSB GROUND-RISER CONNECTOR 0.21 THK","","FLOR","15","0","0","H87","0"
"100329856","31015836373P002SM","RSB GROUND-RISER CONNECTOR .335 THK","","FLOR","17","0","0","H87","0"
"100329857","31015836374P004SM","RSB GND RSR CONN","","FLOR","8","0","0","H87","0"
"100329858","31015836374P005SM","RSB GND RSR CONN","","FLOR","7","0","0","H87","0"
"100329859","31015836374P007KT","RSB GND RSR CONN","","FLOR","6","0","0","H87","0"
"100329860","31015836374P007SM","RSB GND RSR CONN","","FLOR","2","0","0","H87","0"
"100329861","31015837666P001SM","RSB RISER GROUND 4WIRES 0.210 THK","","FLOR","108","0","0","H87","0"
"100329862","31015837666P002SM","RSB RISER GROUND 4WIRES 0.335 THK","","FLOR","10","0","0","H87","0"
"100329863","31015837667P002KT","RSB RISER GND 5KA 12.5% AT 0.6KA/SI & 4K","","FLOR","2","0","0","H87","0"
"100329864","31015837667P003SM","RSB RISER GND 5KA 12.5% AT 0.6KA/SI & 4K","","FLOR","23","0","0","H87","0"
"100329865","31015837667P004KT","RSB RISER GND 400-2KA 12.5% & 400-1KA 25","","FLOR","14","0","0","H87","0"
"100329866","31015837667P004SM","RSB RISER GND 400-2KA 12.5% & 400-1KA 25","","FLOR","11","0","0","H87","0"
"100329867","31015837667P006KT","RSB RISER GND 2.5-3KA 12.5% & 1.2-1.6KA","","FLOR","8","0","0","H87","0"
"100329868","31015837667P006SM","RSB RISER GND 2.5-3KA 12.5% & 1.2-1.6KA","","FLOR","25","0","0","H87","0"
"100329869","31015857873P002","RSB GND FNT ACC SUPPORT 2.5-3KA 12.5% &","","FLOR","1","0","0","H87","0"
"100329870","31015857873P003","RSB GND FNT ACC SUPPORT 400-2KA 12.5% &","","FLOR","1401","0","0","H87","0"
"100329871","31015966188P004KT","RSB","","FLOR","1","0","0","H87","0"
"100329872","31015966188P005KT","RSB","","FLOR","1","0","0","H87","0"
"100329873","31015966188P006KT","RSB","","FLOR","1","0","0","H87","0"
"100329874","3101599955P002SM","NEUTRAL BUSBAR 16A CU","","FLOR","2","0","0","H87","0"
"100329876","31016000299P008","RSB","","FLOR","32","0","0","H87","0"
"100329877","31016000299P009","RSB","","FLOR","10","0","0","H87","0"
"100329878","31016000299P010","RSB","","FLOR","14","0","0","H87","0"
"100329879","31016000299P018","RSB","","FLOR","51","0","0","H87","0"
"100329880","31016000299P042","RSB, BUS TIER PAD, 2KA, 2S, TOP/BTM FEED","","FLOR","1","0","0","H87","0"
"100329881","31016000299P043","RSB","","FLOR","2","0","0","H87","0"
"100329882","3101601053P003SM","NEUTRAL BUSBAR CU 16A FRONT","","FLOR","1","0","0","H87","0"
"100329883","3101601053P004SM","NEUTRAL BUSBAR CU 16A BACK","","FLOR","1","0","0","H87","0"
"100329884","3101601187P001","RSBC BRACKET BCPS 4K","","FLOR","10","0","0","H87","0"
"100329885","3101601187P002","RSBC BRACKET BCPS 3K","","FLOR","6","0","0","H87","0"
"100329886","3101601187P003","RSBC BRACKET BCPS_3K AL","","FLOR","3","0","0","H87","0"
"100329887","3101601187P006","RSBC BRACKET BCPS 20AMP_CU","","FLOR","2","0","0","H87","0"
"100329888","3101601187P007","RSBC BRACKET BCPS_20AMP_AL","","FLOR","6","0","0","H87","0"
"100329889","3101601187P009","RSBC BRACKET BCPS_12AMP_CU","","FLOR","2","0","0","H87","0"
"100329890","3101601187P011","RSBC BRACKET BCPS_30AMP_CU","","FLOR","2","0","0","H87","0"
"100329891","3101601187P012","RSBC BRACKET BCPS_40AMP_CU","","FLOR","4","0","0","H87","0"
"100329892","31016549889P039","RSB","","FLOR","1","0","0","H87","0"
"100329893","31016549889P046","RSB","","FLOR","14","0","0","H87","0"
"100329894","31016549889P088","RSB","","FLOR","22","0","0","H87","0"
"100329895","31016549889P227","RSB","","FLOR","1","0","0","H87","0"
"100329896","31016549889P246","RSB","","FLOR","21","0","0","H87","0"
"100329897","31016549889P288","RSB","","FLOR","15","0","0","H87","0"
"100329898","31016549890P002","RSB","","FLOR","1","0","0","H87","0"
"100329899","31016549890P009","RSB","","FLOR","1","0","0","H87","0"
"100329900","31016549890P010","RSB","","FLOR","5","0","0","H87","0"
"100329901","31016549890P016","RSB","","FLOR","1","0","0","H87","0"
"100329902","31016549890P022","RSB","","FLOR","19","0","0","H87","0"
"100329903","31016549890P024","RSB","","FLOR","4","0","0","H87","0"
"100329904","31016549890P027","RSB","","FLOR","1","0","0","H87","0"
"100329905","31016549890P028","RSB","","FLOR","5","0","0","H87","0"
"100329906","31016549890P030","RSB","","FLOR","3","0","0","H87","0"
"100329907","31016549890P034","RSB","","FLOR","2","0","0","H87","0"
"100329908","31016549890P039","RSB","","FLOR","1","0","0","H87","0"
"100329909","31016549890P042","RSB","","FLOR","3","0","0","H87","0"
"100329910","31016549890P045","RSB","","FLOR","2","0","0","H87","0"
"100329911","31016549890P047","RSB","","FLOR","1","0","0","H87","0"
"100329912","31016549890P048","RSB","","FLOR","1","0","0","H87","0"
"100329913","31016549890P051","RSB","","FLOR","2","0","0","H87","0"
"100329914","31016549890P058","RSB","","FLOR","15","0","0","H87","0"
"100329915","31016549890P060","RSB","","FLOR","1","0","0","H87","0"
"100329916","31016549890P061","RSB","","FLOR","1","0","0","H87","0"
"100329917","31016549890P062","RSB","","FLOR","2","0","0","H87","0"
"100329918","31016549890P063","RSB","","FLOR","5","0","0","H87","0"
"100329919","31016549890P069","RSB","","FLOR","1","0","0","H87","0"
"100329920","31016549890P070","RSB","","FLOR","6","0","0","H87","0"
"100329921","31016549890P081","RSB","","FLOR","1","0","0","H87","0"
"100329922","31016549890P082","RSB","","FLOR","6","0","0","H87","0"
"100329923","31016549890P087","RSB","","FLOR","3","0","0","H87","0"
"100329924","31016549890P089","RSB","","FLOR","1","0","0","H87","0"
"100329925","31016549890P090","RSB","","FLOR","1","0","0","H87","0"
"100329926","31016549890P094","RSB","","FLOR","8","0","0","H87","0"
"100329927","31016549890P101","RSB","","FLOR","1","0","0","H87","0"
"100329928","31016549890P210","RSB","","FLOR","7","0","0","H87","0"
"100329929","31016549890P228","RSB","","FLOR","8","0","0","H87","0"
"100329930","31016549890P234","RSB","","FLOR","2","0","0","H87","0"
"100329931","31016549890P239","RSB","","FLOR","14","0","0","H87","0"
"100329932","31016549890P240","RSB","","FLOR","6","0","0","H87","0"
"100329933","31016549890P246","RSB","","FLOR","4","0","0","H87","0"
"100329934","31016549890P258","RSB","","FLOR","1","0","0","H87","0"
"100329935","31016549890P270","RSB","","FLOR","6","0","0","H87","0"
"100329936","31016549890P276","RSB","","FLOR","2","0","0","H87","0"
"100329937","31016549890P288","RSB","","FLOR","3","0","0","H87","0"
"100329938","31016549890P403","RSB","","FLOR","2","0","0","H87","0"
"100329939","31016549890P464","RSB","","FLOR","31","0","0","H87","0"
"100329940","31016549890P466","RSB","","FLOR","3","0","0","H87","0"
"100329941","31016549890P483","RSB","","FLOR","6","0","0","H87","0"
"100329942","31016549890P484","RSB","","FLOR","4","0","0","H87","0"
"100329943","31016549890P501","RSB","","FLOR","10","0","0","H87","0"
"100329944","31016549891P024","RSB","","FLOR","2","0","0","H87","0"
"100329945","31016549891P040","RSB","","FLOR","1","0","0","H87","0"
"100329946","31016549891P048","RSB","","FLOR","1","0","0","H87","0"
"100329947","31016549891P232","RSB","","FLOR","107","0","0","H87","0"
"100329948","31016549891P248","RSB","","FLOR","1","0","0","H87","0"
"100329949","31016549891P256","RSB","","FLOR","8","0","0","H87","0"
"100329950","31016549892P009","RSB","","FLOR","1","0","0","H87","0"
"100329951","31016549892P010","RSB","","FLOR","3","0","0","H87","0"
"100329952","31016549892P016","RSB","","FLOR","1","0","0","H87","0"
"100329953","31016549892P018","RSB","","FLOR","3","0","0","H87","0"
"100329954","31016549892P022","RSB","","FLOR","15","0","0","H87","0"
"100329955","31016549892P027","RSB","","FLOR","2","0","0","H87","0"
"100329956","31016549892P030","RSB","","FLOR","2","0","0","H87","0"
"100329957","31016549892P033","RSB","","FLOR","3","0","0","H87","0"
"100329958","31016549892P039","RSB","","FLOR","3","0","0","H87","0"
"100329959","31016549892P042","RSB","","FLOR","2","0","0","H87","0"
"100329960","31016549892P052","RSB","","FLOR","14","0","0","H87","0"
"100329961","31016549892P056","RSB","","FLOR","1","0","0","H87","0"
"100329962","31016549892P061","RSB","","FLOR","1","0","0","H87","0"
"100329963","31016549892P062","RSB","","FLOR","4","0","0","H87","0"
"100329964","31016549892P063","RSB","","FLOR","1","0","0","H87","0"
"100329965","31016549892P068","RSB","","FLOR","16","0","0","H87","0"
"100329966","31016549892P069","RSB","","FLOR","1","0","0","H87","0"
"100329967","31016549892P077","RSB","","FLOR","1","0","0","H87","0"
"100329968","31016549892P122","RSB","","FLOR","1","0","0","H87","0"
"100329969","31016549892P127","RSB","","FLOR","1","0","0","H87","0"
"100329970","31016549892P134","RSB","","FLOR","10","0","0","H87","0"
"100329971","31016549892P140","RSB","","FLOR","7","0","0","H87","0"
"100329972","31016549892P146","RSB","","FLOR","3","0","0","H87","0"
"100329973","31016549892P152","RSB","","FLOR","1","0","0","H87","0"
"100329974","31016549892P163","RSB","","FLOR","5","0","0","H87","0"
"100329975","31016549892P176","RSB","","FLOR","2","0","0","H87","0"
"100329976","31016549892P227","RSB","","FLOR","1","0","0","H87","0"
"100329977","31016549892P228","RSB","","FLOR","62","0","0","H87","0"
"100329978","31016549892P240","RSB","","FLOR","13","0","0","H87","0"
"100329979","31016549892P269","RSB","","FLOR","1","0","0","H87","0"
"100329980","31016549892P357","RSB PULL COV TOP 30W 1S LOC CTR FEED 32X","","FLOR","3","0","0","H87","0"
"100329981","31016549892P358","RSB PULL COV TOP 30W 1S LOC CTR FEED 40X","","FLOR","4","0","0","H87","0"
"100329982","31016549892P363","RSB PULL COV TOP 35W 1S LOC CTR FEED 32X","","FLOR","8","0","0","H87","0"
"100329983","31016549892P366","RSB PULL COV TOP 35W 1S LOC CTR FEED 56X","","FLOR","3","0","0","H87","0"
"100329984","31016549892P371","RSB PULL COV TOP 40W 1S LOC CTR FEED 48X","","FLOR","6","0","0","H87","0"
"100329985","31016549892P372","RSB PULL COV TOP 40W 1S LOC CTR FEED 56X","","FLOR","8","0","0","H87","0"
"100329986","31016549892P375","RSB PULL COV TOP 45W 1S LOC CTR FEED 32X","","FLOR","2","0","0","H87","0"
"100329987","31016549892P377","RSB PULL COV TOP 45W 1S LOC CTR FEED 48X","","FLOR","9","0","0","H87","0"
"100329988","31016549893P009","RSB","","FLOR","1","0","0","H87","0"
"100329989","31016549893P010","RSB","","FLOR","2","0","0","H87","0"
"100329990","31016549893P016","RSB","","FLOR","1","0","0","H87","0"
"100329991","31016549893P018","RSB","","FLOR","3","0","0","H87","0"
"100329992","31016549893P022","RSB","","FLOR","15","0","0","H87","0"
"100329993","31016549893P027","RSB","","FLOR","2","0","0","H87","0"
"100329994","31016549893P030","RSB","","FLOR","2","0","0","H87","0"
"100329995","31016549893P033","RSB","","FLOR","3","0","0","H87","0"
"100329996","31016549893P039","RSB","","FLOR","2","0","0","H87","0"
"100329997","31016549893P042","RSB","","FLOR","2","0","0","H87","0"
"100329998","31016549893P046","RSB","","FLOR","6","0","0","H87","0"
"100329999","31016549893P052","RSB","","FLOR","15","0","0","H87","0"
"100330000","31016549893P056","RSB","","FLOR","1","0","0","H87","0"
"100330001","31016549893P061","RSB","","FLOR","1","0","0","H87","0"
"100330002","31016549893P062","RSB","","FLOR","4","0","0","H87","0"
"100330003","31016549893P064","RSB","","FLOR","9","0","0","H87","0"
"100330004","31016549893P068","RSB","","FLOR","16","0","0","H87","0"
"100330005","31016549893P069","RSB","","FLOR","1","0","0","H87","0"
"100330006","31016549893P070","RSB","","FLOR","6","0","0","H87","0"
"100330007","31016549893P077","RSB","","FLOR","1","0","0","H87","0"
"100330008","31016549893P128","RSB","","FLOR","26","0","0","H87","0"
"100330009","31016549893P140","RSB","","FLOR","17","0","0","H87","0"
"100330010","31016549893P163","RSB","","FLOR","7","0","0","H87","0"
"100330011","31016549893P164","RSB","","FLOR","1","0","0","H87","0"
"100330012","31016549893P222","RSB","","FLOR","1","0","0","H87","0"
"100330013","31016549893P227","RSB","","FLOR","1","0","0","H87","0"
"100330014","31016549893P234","RSB","","FLOR","10","0","0","H87","0"
"100330015","31016549893P240","RSB","","FLOR","1","0","0","H87","0"
"100330016","31016549893P246","RSB","","FLOR","3","0","0","H87","0"
"100330017","31016549893P269","RSB","","FLOR","1","0","0","H87","0"
"100330018","31016549893P357","RSB PULL COV BOT 30W 1S LOC TOP FEED 32X","","FLOR","4","0","0","H87","0"
"100330019","31016549893P358","RSB PULL COV BOT 30W 1S LOC TOP FEED 40X","","FLOR","3","0","0","H87","0"
"100330020","31016549893P363","RSB PULL COV BOT 35W 1S LOC TOP FEED 32X","","FLOR","2","0","0","H87","0"
"100330021","31016549893P366","RSB PULL COV BOT 35W 1S LOC TOP FEED 56X","","FLOR","3","0","0","H87","0"
"100330022","31016549893P371","RSB PULL COV BOT 40W 1S LOC TOP FEED 48X","","FLOR","6","0","0","H87","0"
"100330023","31016549893P372","RSB PULL COV BOT 40W 1S LOC TOP FEED 56X","","FLOR","5","0","0","H87","0"
"100330024","31016549893P375","RSB PULL COV BOT 45W 1S LOC TOP FEED 32X","","FLOR","2","0","0","H87","0"
"100330025","31016549893P377","RSB PULL COV BOT 45W 1S LOC TOP FEED 48X","","FLOR","9","0","0","H87","0"
"100330026","3101660277P002","RSM NEUT BUS CTR BRKT 20A","","FLOR","2","0","0","H87","0"
"100330027","3101677238P003","E22/E42 SE BARRIER REAR BRACKET 35W","","FLOR","3","0","0","H87","0"
"100330028","31016783367P067SM","RSB","","FLOR","2","0","0","H87","0"
"100330029","31016783367P068SM","RSB","","FLOR","2","0","0","H87","0"
"100330030","31016783367P069SM","RSB","","FLOR","2","0","0","H87","0"
"100330031","31016783367P070SM","RSB","","FLOR","2","0","0","H87","0"
"100330032","31016783367P071SM","RSB","","FLOR","2","0","0","H87","0"
"100330033","31016783367P072SM","RSB","","FLOR","2","0","0","H87","0"
"100330034","31016783367P139KT","RSB","","FLOR","1","0","0","H87","0"
"100330035","31016783367P140KT","RSB","","FLOR","1","0","0","H87","0"
"100330036","31016783367P141KT","RSB","","FLOR","1","0","0","H87","0"
"100330037","31016783367P141SM","RSB","","FLOR","1","0","0","H87","0"
"100330038","31016783367P142KT","RSB","","FLOR","1","0","0","H87","0"
"100330039","31016783367P142SM","RSB","","FLOR","1","0","0","H87","0"
"100330040","31016783367P143KT","RSB","","FLOR","1","0","0","H87","0"
"100330041","31016783367P143SM","RSB","","FLOR","1","0","0","H87","0"
"100330042","31016783367P144KT","RSB","","FLOR","1","0","0","H87","0"
"100330043","31016783367P144SM","RSB","","FLOR","1","0","0","H87","0"
"100330044","3101679351P001KT","AUXILIARY NEUT BUS LINK CU 40A","","FLOR","10","0","0","H87","0"
"100330045","3101679351P002KT","AUXILIARY NEUT BUS LINK CU 40A","","FLOR","16","0","0","H87","0"
"100330046","3101680763P001","E22/E42 SE BARRIER ST BRACKET","","FLOR","1","0","0","H87","0"
"100330047","31016853579P053KT","RSB","","FLOR","1","0","0","H87","0"
"100330048","31016853579P054KT","RSB","","FLOR","1","0","0","H87","0"
"100330049","31016853579P055KT","RSB","","FLOR","1","0","0","H87","0"
"100330050","31016853579P056KT","RSB","","FLOR","1","0","0","H87","0"
"100330051","31016853579P169KT","RSB","","FLOR","2","0","0","H87","0"
"100330052","31016853579P170KT","RSB","","FLOR","2","0","0","H87","0"
"100330053","31016853579P179KT","RSB","","FLOR","2","0","0","H87","0"
"100330054","31016853579P180KT","RSB","","FLOR","2","0","0","H87","0"
"100330055","31016853579P389KT","RSB","","FLOR","2","0","0","H87","0"
"100330056","31016853579P390KT","RSB","","FLOR","2","0","0","H87","0"
"100330057","31016853579P391KT","RSB","","FLOR","2","0","0","H87","0"
"100330058","31016853579P392KT","RSB","","FLOR","2","0","0","H87","0"
"100330059","31016853579P393KT","RSB","","FLOR","2","0","0","H87","0"
"100330060","31016853579P394KT","RSB","","FLOR","2","0","0","H87","0"
"100330061","31016853579P395KT","RSB","","FLOR","2","0","0","H87","0"
"100330062","31016853579P396KT","RSB","","FLOR","2","0","0","H87","0"
"100330063","31016864532P001SM","RSB Spacer","","FLOR","19","0","0","H87","0"
"100330064","31016864532P002SM","RSB Spacer","","FLOR","102","0","0","H87","0"
"100330065","31016864532P005KT","RSB Spacer","","FLOR","21","0","0","H87","0"
"100330066","31016864532P005SM","RSB Spacer","","FLOR","12","0","0","H87","0"
"100330067","31016864533P005SM","RSB SPACER","","FLOR","2","0","0","H87","0"
"100330068","31016878989P001SM","RSB TIER","","FLOR","36","0","0","H87","0"
"100330069","31016878989P002SM","RSB TIER","","FLOR","19","0","0","H87","0"
"100330070","31016878989P003SM","RSB TIER","","FLOR","48","0","0","H87","0"
"100330071","31016878989P004SM","RSB TIER","","FLOR","34","0","0","H87","0"
"100330072","31016878989P005SM","RSB TIER","","FLOR","2","0","0","H87","0"
"100330073","31016878989P006SM","RSB TIER","","FLOR","2","0","0","H87","0"
"100330074","31016878989P007SM","RSB TIER","","FLOR","1","0","0","H87","0"
"100330075","31016878989P008SM","RSB TIER","","FLOR","1","0","0","H87","0"
"100330076","31016878989P013SM","RSB TIER","","FLOR","2","0","0","H87","0"
"100330077","31016878989P014SM","RSB TIER","","FLOR","2","0","0","H87","0"
"100330078","31017016003P002KT","RSB GND 3W CONNECTION 400-2KA25%","","FLOR","1","0","0","H87","0"
"100330079","31017016003P002SM","RSB GND 3W CONNECTION 400-2KA25%","","FLOR","6","0","0","H87","0"
"100330080","31017016004P001SM","RSB GND 3W CONNECTION 400-2KA 12.5% & 40","","FLOR","13","0","0","H87","0"
"100330081","31017016004P002KT","RSB GND 3W CONNECTION 2.5-3KA 12.5% & 1.","","FLOR","23","0","0","H87","0"
"100330082","31017016004P002SM","RSB GND 3W CONNECTION 2.5-3KA 12.5% & 1.","","FLOR","3","0","0","H87","0"
"100330083","31017016004P003KT","RSB GND 3W CONNECTION 4KA 12.5% & 2KA 25","","FLOR","1","0","0","H87","0"
"100330084","31017016004P007KT","RSB GND 3W CONNECTION 2.5-3KA 25%","","FLOR","2","0","0","H87","0"
"100330085","3101714780P001","AUX NEUTRAL BRACKET 12A GMM","","FLOR","3","0","0","H87","0"
"100330086","31017373346P001KT","ESB","","FLOR","9","0","0","H87","0"
"100330087","31017373346P001SM","ESB","","FLOR","1","0","0","H87","0"
"100330088","31017373346P002KT","ESB","","FLOR","1","0","0","H87","0"
"100330089","31017373346P002SM","ESB","","FLOR","1","0","0","H87","0"
"100330090","31017373346P003KT","ESB","","FLOR","9","0","0","H87","0"
"100330091","31017373346P003SM","ESB","","FLOR","1","0","0","H87","0"
"100330092","31017373346P004KT","ESB","","FLOR","1","0","0","H87","0"
"100330093","31017373346P005KT","ESB","","FLOR","1","0","0","H87","0"
"100330094","31017373346P006KT","ESB","","FLOR","2","0","0","H87","0"
"100330095","31017394934P004KT","SC PRINCE TWO HOLES LUG GROUND BUS 40W","","FLOR","64","0","0","H87","0"
"100330096","31017394934P006KT","SC PRINCE TWO HOLES LUG GROUND BUS 50W","","FLOR","1","0","0","H87","0"
"100330097","31017394934P008KT","SC PRINCE TWO HOLES LUG GROUND BUS 60W","","FLOR","1","0","0","H87","0"
"100330098","3101789777P001KT","AUXILIARY NEUT BUS CU 40A TR/BL","","FLOR","20","0","0","H87","0"
"100330099","3101789777P002KT","AUXILIARY NEUT BUS CU 40A TR/BL","","FLOR","17","0","0","H87","0"
"100330100","31017958158P001KT","ESC NEUT DISC LINK ANGLE","","FLOR","2","0","0","H87","0"
"100330101","31017965805P001KT","ESC NEUT DISC LINK PLATE","","FLOR","3","0","0","H87","0"
"100330102","31017966497P001KT","ESC NEUT DISC LINK PLATE","","FLOR","6","0","0","H87","0"
"100330103","31017966726P001SM","RSB GROUND CONN. AL SPECTRA NEUT","","FLOR","2","0","0","H87","0"
"100330104","31017972928P001SM","RSB BONDING JUMPER AL","","FLOR","2","0","0","H87","0"
"100330105","31017977733P001SM","RSB GRND RISER AL","","FLOR","2","0","0","H87","0"
"100330106","31017977901P001SM","RSB GROUND CONN AL","","FLOR","2","0","0","H87","0"
"100330107","31018079117P035","TOP/BTM","","FLOR","4","0","0","EA","0"
"100330108","31018079117P145","ESB","","FLOR","41","0","0","H87","0"
"100330109","31018079117P155","ESB","","FLOR","29","0","0","H87","0"
"100330110","31018079117P160","TOP/BTM","","FLOR","8","0","0","EA","0"
"100330111","31018079117P230","ESB","","FLOR","22","0","0","H87","0"
"100330112","31018079117P235","ESB","","FLOR","92","0","0","H87","0"
"100330113","31018079117P245","ESB","","FLOR","14","0","0","H87","0"
"100330114","31018079117P335","RSB","","FLOR","60","0","0","H87","0"
"100330115","31018079117P345","RSB","","FLOR","1","0","0","H87","0"
"100330116","31018083812P140","ESB","","FLOR","1","0","0","H87","0"
"100330117","31018083812P160","ESB","","FLOR","2","0","0","H87","0"
"100330118","31018083812P230","HORIZONTAL RAIL","","FLOR","2","0","0","EA","0"
"100330119","31018083812P235","HORIZONTAL RAIL","","FLOR","30","0","0","EA","0"
"100330120","31018083812P335","ESB","","FLOR","24","0","0","H87","0"
"100330121","31018083812P340","ESB","","FLOR","2","0","0","H87","0"
"100330122","31018083812P430","HORIZONTAL RAIL","","FLOR","2","0","0","EA","0"
"100330123","31018083812P435","HORIZONTAL RAIL","","FLOR","10","0","0","EA","0"
"100330124","31018083812P440","RSB, HORIZ RAIL, 2.5-4K, 40W, 1S STRAP","","FLOR","12","0","0","H87","0"
"100330125","31018083812P535","RSB HORIZ RAIL","","FLOR","15","0","0","H87","0"
"100330126","31018183812P035","RSB","","FLOR","8","0","0","H87","0"
"100330127","31018183812P160","RSB","","FLOR","2","0","0","H87","0"
"100330128","31018183812P430","RSB","","FLOR","3","0","0","H87","0"
"100330129","31018183812P435","RSB","","FLOR","19","0","0","H87","0"
"100330130","31018183812P445","RSB","","FLOR","7","0","0","H87","0"
"100330131","31018183812P530","RSB HORIZ RAIL","","FLOR","8","0","0","H87","0"
"100330132","31018183812P545","RSB HORIZ RAIL","","FLOR","25","0","0","H87","0"
"100330133","31018192251P002","ESB 2-PH BRACE","","FLOR","10","0","0","H87","0"
"100330134","31018192251P003","RSB WIDTH BRACE 1SIDED 4KA ABC-PHASES","","FLOR","28","0","0","H87","0"
"100330135","31018192251P004","RSB WIDTH BRACE 1SIDED 4KA BC-PHASES","","FLOR","8","0","0","H87","0"
"100330136","31018192251P005","RSB WIDTH BRACE 1SIDED 4KA C-PHASE","","FLOR","4","0","0","H87","0"
"100330137","31018282354P004KT","SC RSB MLO 1S LUGSTRAP PHA 20A","","FLOR","1","0","0","H87","0"
"100330138","31018282354P005KT","SC RSB MLO 1S LUGSTRAP PHA 20A","","FLOR","1","0","0","H87","0"
"100330139","31018282354P006KT","SC RSB MLO 1S LUGSTRAP PHB 20A","","FLOR","5","0","0","H87","0"
"100330140","31018282354P007KT","SC RSB MLO 1S LUGSTRAP PHB 20A","","FLOR","5","0","0","H87","0"
"100330141","31018282354P008KT","SC RSB MLO 1S LUGSTRAP PHC 20A","","FLOR","5","0","0","H87","0"
"100330142","31018282354P009KT","SC RSB MLO 1S LUGSTRAP PHC 20A","","FLOR","5","0","0","H87","0"
"100330143","31018282355P001SM","SA RSB MLO 1S LUGSTRAP PHA 12A","","FLOR","1","0","0","H87","0"
"100330144","31018282355P002SM","SA RSB MLO 1S LUGSTRAP PHB 12A","","FLOR","1","0","0","H87","0"
"100330145","31018282355P003SM","SA RSB MLO 1S LUGSTRAP PHC 12A","","FLOR","1","0","0","H87","0"
"100330146","31018282355P006SM","SA RSB MLO 1S LUGSTRAP PHB 20A","","FLOR","6","0","0","H87","0"
"100330147","31018282355P007SM","SA RSB MLO 1S LUGSTRAP PHB 20A","","FLOR","6","0","0","H87","0"
"100330148","31018282355P014SM","SA RSB MLO 1S LUGSTRAP PHA 20A BTM","","FLOR","6","0","0","H87","0"
"100330149","31018282355P015SM","SA RSB MLO 1S LUGSTRAP PHA 20A BTM","","FLOR","6","0","0","H87","0"
"100330150","31018282355P019SM","SA RSB MLO 1S LUGSTRAP PHA 12A 2ND","","FLOR","1","0","0","H87","0"
"100330151","31018282355P020SM","SA RSB MLO 1S LUGSTRAP PHB 12A 2ND","","FLOR","1","0","0","H87","0"
"100330152","31018282355P021SM","SA RSB MLO 1S LUGSTRAP PHC 12A 2ND","","FLOR","1","0","0","H87","0"
"100330153","31018282355P023SM","SA RSB MLO 1S LUGSTRAP PHB 20A 2ND","","FLOR","6","0","0","H87","0"
"100330154","31018282355P028SM","SA RSB MLO 1S LUGSTRAP PHA 20A BTM 2ND","","FLOR","7","0","0","H87","0"
"100330155","31018282355P033SM","SA RSB MLO 1S LUGSTRAP PHC 20A BTM","","FLOR","7","0","0","H87","0"
"100330156","31018282355P034SM","SA RSB MLO 1S LUGSTRAP PHC 20A BTM","","FLOR","6","0","0","H87","0"
"100330157","31018282355P035SM","SA RSB MLO 1S LUGSTRAP PHC 20A BTM 2ND","","FLOR","6","0","0","H87","0"
"100330158","3101830311P001SM","AUXILIARY NEUT BUS AL 40A TR/BL","","FLOR","9","0","0","H87","0"
"100330159","3101830311P002SM","AUXILIARY NEUT BUS AL 40A TR/BL","","FLOR","11","0","0","H87","0"
"100330160","31018318333P001","RSB","","FLOR","1","0","0","H87","0"
"100330161","31018318333P003","RSB","","FLOR","4","0","0","H87","0"
"100330162","31018318333P009","RSB","","FLOR","6","0","0","H87","0"
"100330163","31018318333P010","RSB","","FLOR","6","0","0","H87","0"
"100330164","31018318333P011","RSB","","FLOR","1","0","0","H87","0"
"100330165","31018318333P013","RSB","","FLOR","1","0","0","H87","0"
"100330166","31018318333P014","RSB","","FLOR","3","0","0","H87","0"
"100330167","31018318333P015","RSB","","FLOR","1","0","0","H87","0"
"100330168","31018318333P018","RSB","","FLOR","1","0","0","H87","0"
"100330169","31018318333P022","RSB","","FLOR","1","0","0","H87","0"
"100330170","31018318333P024","RSB","","FLOR","1","0","0","H87","0"
"100330171","31018318333P025","RSB","","FLOR","1","0","0","H87","0"
"100330172","31018318333P028","RSB","","FLOR","1","0","0","H87","0"
"100330173","31018318333P039","RSB","","FLOR","1","0","0","H87","0"
"100330174","31018318333P046","RSB","","FLOR","19","0","0","H87","0"
"100330175","31018413561P002KT","SC RSB MLO 1S LUGSTRAP PHB/C 20A","","FLOR","4","0","0","H87","0"
"100330176","31018413562P001SM","SA RSB MLO 1S LUGSTRAP PHB/C 12A","","FLOR","4","0","0","H87","0"
"100330177","31018413562P006SM","SA RSB MLO 1S LUGSTRAP PHB/C 20A BTM","","FLOR","36","0","0","H87","0"
"100330178","31018446383P007","SI RSB MLO 1S BRCNG CHANNEL 12A 30W AL","","FLOR","1","0","0","H87","0"
"100330179","31018446383P008","SI RSB MLO 1S BRCNG CHANNEL 20A 30W AL","","FLOR","2","0","0","H87","0"
"100330180","31018446383P012","SI RSB MLO 1S BRCNG CHANNEL 20A 30W AL","","FLOR","5","0","0","H87","0"
"100330181","31018446389P001","SM RSB MLO 1S BRCNG SIDE BKT LH","","FLOR","1","0","0","H87","0"
"100330182","31018446389P002","SM RSB MLO 1S BRCNG SIDE BKT RH","","FLOR","1","0","0","H87","0"
"100330183","31018446389P005","SM RSB MLO 1S BRCNG SIDE BKT LH AL","","FLOR","6","0","0","H87","0"
"100330184","31018446389P006","SM RSB MLO 1S BRCNG SIDE BKT RH AL","","FLOR","6","0","0","H87","0"
"100330185","31018446389P007","SM RSB MLO 1S BRCNG SIDE BKT LH 12A AL","","FLOR","2","0","0","H87","0"
"100330186","31018446389P008","SM RSB MLO 1S BRCNG SIDE BKT RH 12A AL","","FLOR","2","0","0","H87","0"
"100330187","31018446586P003","SM RSB MLO 1S BRCNG L BKT 20A","","FLOR","3","0","0","H87","0"
"100330188","31018446586P004","SM RSB MLO 1S BRCNG L BKT AL","","FLOR","23","0","0","H87","0"
"100330189","31018446586P005","SM RSB MLO 1S BRCNG L BKT 12A AL","","FLOR","6","0","0","H87","0"
"100330190","31018446586P006","SM RSB MLO 1S BRCNG L BKT 20A AL","","FLOR","15","0","0","H87","0"
"100330191","31018459286P002","RSB","","FLOR","34","0","0","H87","0"
"100330192","31018460994P001","RSB","","FLOR","44","0","0","H87","0"
"100330193","31018460994P002","RSB","","FLOR","61","0","0","H87","0"
"100330194","31018460994P003","RSB","","FLOR","109","0","0","H87","0"
"100330195","31018460995P001","RSB","","FLOR","24","0","0","H87","0"
"100330196","31018460995P002","RSB","","FLOR","15","0","0","H87","0"
"100330197","31018460995P003","RSB","","FLOR","41","0","0","H87","0"
"100330198","31018461010P001","FRONT ACCESS BARRIER 30W","","FLOR","2","0","0","H87","0"
"100330199","31018461010P002","FRONT ACCESS BARRIER 35W","","FLOR","7","0","0","H87","0"
"100330200","31018461010P003","FRONT ACCESS BARRIER 40W","","FLOR","5","0","0","H87","0"
"100330201","31018461011P001","FRONT ACCESS BARRIER BRK","","FLOR","31","0","0","H87","0"
"100330202","31018461012P001","BRK_BARRIER_BOTTOM","","FLOR","2","0","0","H87","0"
"100330203","31018461042P001","NEUT SUPPORT BRK 25-30A","","FLOR","3","0","0","H87","0"
"100330204","31018461044P001KT","AUX NEUT BUS E42 30A BL-TR IN","","FLOR","14","0","0","H87","0"
"100330205","31018461044P002KT","AUX NEUT BUS E42 30A BL-TR MID","","FLOR","20","0","0","H87","0"
"100330206","31018461044P003KT","AUX NEUT BUS E42 30A BL-TR OUT","","FLOR","15","0","0","H87","0"
"100330207","31018466048P001","RSB","","FLOR","22","0","0","H87","0"
"100330208","31018466048P002","RSB","","FLOR","17","0","0","H87","0"
"100330209","31018487910P001KT","SC RSB MLO 2S A-PH LUGSTRAP 12A","","FLOR","1","0","0","H87","0"
"100330210","31018487910P001SM","SC RSB MLO 2S A-PH LUGSTRAP 12A","","FLOR","1","0","0","H87","0"
"100330211","31018487910P002SM","SC RSB MLO 2S C-PH LUGSTRAP 12A","","FLOR","1","0","0","H87","0"
"100330212","31018487910P003KT","SC RSB MLO 2S A-PH LUGSTRAP 20A","","FLOR","3","0","0","H87","0"
"100330213","31018487910P003SM","SC RSB MLO 2S A-PH LUGSTRAP 20A","","FLOR","2","0","0","H87","0"
"100330214","31018487910P004KT","SC RSB MLO 2S C-PH LUGSTRAP 20A","","FLOR","5","0","0","H87","0"
"100330215","31018487910P004SM","SC RSB MLO 2S C-PH LUGSTRAP 20A","","FLOR","2","0","0","H87","0"
"100330216","31018487911P001SM","SA RSB MLO 2S A-PH LUGSTRAP 12A","","FLOR","43","0","0","H87","0"
"100330217","31018487911P002SM","SA RSB MLO 2S C-PH LUGSTRAP 12A","","FLOR","36","0","0","H87","0"
"100330218","31018487911P003SM","SA RSB MLO 2S A-PH LUGSTRAP 20A","","FLOR","1","0","0","H87","0"
"100330219","31018487912P001KT","SC RSB MLO 2S B-PH LUGSTRAP 12A","","FLOR","2","0","0","H87","0"
"100330220","31018487912P002KT","SC RSB MLO 2S B-PH LUGSTRAP 20A","","FLOR","1","0","0","H87","0"
"100330221","31018487912P003KT","SC RSB MLO 2S B-PH LUGSTRAP 20A","","FLOR","2","0","0","H87","0"
"100330222","31018487912P004KT","SC RSB MLO 2S B-PH LUGSTRAP 12A BTM","","FLOR","1","0","0","H87","0"
"100330223","31018487912P004SM","SC RSB MLO 2S B-PH LUGSTRAP 12A BTM","","FLOR","1","0","0","H87","0"
"100330224","31018487912P005KT","SC RSB MLO 2S B-PH LUGSTRAP 20A BTM","","FLOR","1","0","0","H87","0"
"100330225","31018487912P005SM","SC RSB MLO 2S B-PH LUGSTRAP 20A BTM","","FLOR","2","0","0","H87","0"
"100330226","31018487912P006KT","SC RSB MLO 2S B-PH LUGSTRAP 20A BTM","","FLOR","1","0","0","H87","0"
"100330227","31018487912P006SM","SC RSB MLO 2S B-PH LUGSTRAP 20A BTM","","FLOR","2","0","0","H87","0"
"100330228","31018487913P001SM","SA RSB MLO 2S B-PH LUGSTRAP 12A","","FLOR","45","0","0","H87","0"
"100330229","31018487913P002SM","SA RSB MLO 2S B-PH LUGSTRAP 20A","","FLOR","3","0","0","H87","0"
"100330230","31018487913P003SM","SA RSB MLO 2S B-PH LUGSTRAP 20A","","FLOR","3","0","0","H87","0"
"100330231","31018487913P004SM","SA RSB MLO 2S B-PH LUGSTRAP 12A","","FLOR","56","0","0","H87","0"
"100330232","31018487913P005SM","SA RSB MLO 2S B-PH LUGSTRAP 20A","","FLOR","3","0","0","H87","0"
"100330233","31018487913P006SM","SA RSB MLO 2S B-PH LUGSTRAP 12A BTM","","FLOR","25","0","0","H87","0"
"100330234","31018487913P007SM","SA RSB MLO 2S B-PH LUGSTRAP 20A BTM","","FLOR","1","0","0","H87","0"
"100330235","31018487913P008SM","SA RSB MLO 2S B-PH LUGSTRAP 20A BTM","","FLOR","1","0","0","H87","0"
"100330236","31018487913P009SM","SA RSB MLO 2S B-PH LUGSTRAP 12A BTM","","FLOR","9","0","0","H87","0"
"100330237","31018487913P010SM","SA RSB MLO 2S B-PH LUGSTRAP 20A BTM","","FLOR","1","0","0","H87","0"
"100330238","31018487914P001KT","SC RSB MLO 2S A-PH LUGSTRAP 20A TOP","","FLOR","3","0","0","H87","0"
"100330239","31018487914P002KT","SC RSB MLO 2S C-PH LUGSTRAP 20A TOP","","FLOR","3","0","0","H87","0"
"100330240","31018487914P003SM","SC RSB MLO 2S A-PH LUGSTRAP 20A BTM","","FLOR","2","0","0","H87","0"
"100330241","31018487914P004KT","SC RSB MLO 2S C-PH LUGSTRAP 20A BTM","","FLOR","3","0","0","H87","0"
"100330242","31018487914P004SM","SC RSB MLO 2S C-PH LUGSTRAP 20A BTM","","FLOR","2","0","0","H87","0"
"100330243","31018487915P001SM","SA RSB MLO 2S A-PH LUGSTRAP 12A TOP","","FLOR","16","0","0","H87","0"
"100330244","31018487915P002SM","SA RSB MLO 2S C-PH LUGSTRAP 12A TOP","","FLOR","10","0","0","H87","0"
"100330245","31018487915P003SM","SA RSB MLO 2S A-PH LUGSTRAP 20A TOP","","FLOR","1","0","0","H87","0"
"100330246","31018487915P005SM","SA RSB MLO 2S A-PH LUGSTRAP 12A BTM","","FLOR","14","0","0","H87","0"
"100330247","31018487915P006SM","SA RSB MLO 2S C-PH LUGSTRAP 12A BTM","","FLOR","21","0","0","H87","0"
"100330248","31018487915P007SM","SA RSB MLO 2S A-PH LUGSTRAP 20A BTM","","FLOR","1","0","0","H87","0"
"100330249","31018487915P008SM","SA RSB MLO 2S C-PH LUGSTRAP 20A BTM","","FLOR","2","0","0","H87","0"
"100330250","31018493704P029","SI RSB MLO 2S LUGSTRAP CHANNEL 12A 40W O","","FLOR","1","0","0","H87","0"
"100330251","31018493704P030","SI RSB MLO 2S LUGSTRAP CHANNEL 20A 40W O","","FLOR","6","0","0","H87","0"
"100330252","31018493704P031","SI RSB MLO 2S LUGSTRAP CHANNEL 12A AL 40","","FLOR","7","0","0","H87","0"
"100330253","31018493704P032","SI RSB MLO 2S LUGSTRAP CHANNEL 20A AL 40","","FLOR","2","0","0","H87","0"
"100330254","31018493704P033","SI RSB MLO 2S LUGSTRAP CHANNEL 12A 45W O","","FLOR","1","0","0","H87","0"
"100330255","31018493704P034","SI RSB MLO 2S LUGSTRAP CHANNEL 20A 45W O","","FLOR","3","0","0","H87","0"
"100330256","31018493704P036","SI RSB MLO 2S LUGSTRAP CHANNEL 20A AL 45","","FLOR","1","0","0","H87","0"
"100330257","31018493704P038","SI RSB MLO 2S LUGSTRAP CHANNEL 20A 50W O","","FLOR","7","0","0","H87","0"
"100330258","31018493704P039","SI RSB MLO 2S LUGSTRAP CHANNEL 12A AL 50","","FLOR","1","0","0","H87","0"
"100330259","31018493704P040","SI RSB MLO 2S LUGSTRAP CHANNEL 20A AL 50","","FLOR","5","0","0","H87","0"
"100330260","31018493704P042","SI RSB MLO 2S LUGSTRAP CHANNEL 20A 55W O","","FLOR","1","0","0","H87","0"
"100330261","31018493704P043","SI RSB MLO 2S LUGSTRAP CHANNEL 12A AL 55","","FLOR","1","0","0","H87","0"
"100330262","31018493704P044","SI RSB MLO 2S LUGSTRAP CHANNEL 20A AL 55","","FLOR","1","0","0","H87","0"
"100330263","31018493704P048","SI RSB MLO 2S LUGSTRAP CHANNEL 20A AL 60","","FLOR","1","0","0","H87","0"
"100330264","31018493769P007","SI RSB MLO 1S LUGSTRAP CHANNEL 12A AL 35","","FLOR","1","0","0","H87","0"
"100330265","31018493769P008","SI RSB MLO 1S LUGSTRAP CHANNEL 20A AL 35","","FLOR","1","0","0","H87","0"
"100330266","31018493769P012","SI RSB MLO 1S LUGSTRAP CHANNEL 20A AL 40","","FLOR","1","0","0","H87","0"
"100330267","31018493770P003","SM RSB MLO 1S LUGSTRAP BRC BKT 20A","","FLOR","3","0","0","H87","0"
"100330268","31018493770P004","SM RSB MLO 1S LUGSTRAP BRC BKT 12A AL","","FLOR","6","0","0","H87","0"
"100330269","31018493770P006","SM RSB MLO 1S LUGSTRAP BRC BKT 12A/20A A","","FLOR","6","0","0","H87","0"
"100330270","31018523004P001","SM RSB MLO LUGSTRAP BRACING BKT 2S","","FLOR","12","0","0","H87","0"
"100330271","31018523004P002","SM RSB MLO LUGSTRAP BRACING BKT 1S","","FLOR","2","0","0","H87","0"
"100330272","31018523004P004","SM RSB MLO LUGSTRAP BRACING BKT 1S 12A","","FLOR","4","0","0","H87","0"
"100330273","31018523004P005","SM RSB MLO LUGSTRAP BRACING BKT 2S ST","","FLOR","4","0","0","H87","0"
"100330274","31018523004P007","SM RSB MLO LUGSTRAP BRACING BKT 2S 12A S","","FLOR","2","0","0","H87","0"
"100330275","31018523004P008","SM RSB MLO LUGSTRAP BRACING BKT 1S 12A S","","FLOR","2","0","0","H87","0"
"100330276","31018969798P001","SI RSB MLO ONE-SIDED LUGSTRAP BRACE","","FLOR","8","0","0","H87","0"
"100330277","31019202058P008","BRKT","","FLOR","94","0","0","H87","0"
"100330278","31019202058P010","BRKT","","FLOR","94","0","0","H87","0"
"100330279","31019202058P011","BRKT","","FLOR","2","0","0","H87","0"
"100330280","31019265745P001","GLASTIC","","FLOR","1","0","0","H87","0"
"100330281","31019265745P006","GLASTIC","","FLOR","5","0","0","H87","0"
"100330282","31019265745P009","GLASTIC","","FLOR","2","0","0","H87","0"
"100330283","31019265745P013","GLASTIC","","FLOR","1","0","0","H87","0"
"100330284","31019270948P001","GLASTIC","","FLOR","9","0","0","H87","0"
"100330285","31019270948P003","GLASTIC","","FLOR","1","0","0","H87","0"
"100330286","31019270948P004","GLASTIC","","FLOR","2","0","0","H87","0"
"100330287","31019270948P006","GLASTIC","","FLOR","4","0","0","H87","0"
"100330288","31019270948P008","GLASTIC","","FLOR","3","0","0","H87","0"
"100330289","31019270948P010","GLASTIC","","FLOR","2","0","0","H87","0"
"100330290","31019271181P002","GLASTIC","","FLOR","1","0","0","H87","0"
"100330291","31019271181P025","GLASTIC","","FLOR","8","0","0","H87","0"
"100330292","31019271485P001","GLASTIC","","FLOR","2","0","0","H87","0"
"100330293","31019271485P002","GLASTIC","","FLOR","1","0","0","H87","0"
"100330294","31019271485P003","GLASTIC","","FLOR","1","0","0","H87","0"
"100330295","31019282329P1052","40Wx30D","","FLOR","1","0","0","H87","0"
"100330296","31019309586PKT","CT-ATTACHMENT","","FLOR","4","0","0","H87","0"
"100330297","31019309586PSM","CT-ATTACHMENT","","FLOR","24","0","0","H87","0"
"100330298","31019314583P001KT","XT5 NEUTRAL SENSOR TOP STRAP","","FLOR","3","0","0","H87","0"
"100330299","31019314584P001KT","XT5 NEUTRAL SENSOR MOUNTING ADAPTER 1","","FLOR","20","0","0","H87","0"
"100330300","31019314584P001SM","XT5 NEUTRAL SENSOR MOUNTING ADAPTER 1","","FLOR","9","0","0","H87","0"
"100330301","31019314584P002KT","XT5 NEUTRAL SENSOR MOUNTING ADAPTER 2","","FLOR","33","0","0","H87","0"
"100330302","31019314584P002SM","XT5 NEUTRAL SENSOR MOUNTING ADAPTER 2","","FLOR","9","0","0","H87","0"
"100330303","31019314586P001SM","RSB","","FLOR","13","0","0","H87","0"
"100330304","31019314587P001SM","RSB","","FLOR","15","0","0","H87","0"
"100330305","31019883859P001KT","XT7 CT MOUNTING BRACKET 1","","FLOR","123","0","0","H87","0"
"100330306","31019883859P001SM","XT7 CT MOUNTING BRACKET 1","","FLOR","9","0","0","H87","0"
"100330307","31019883859P002KT","XT7 CT MOUNTING BRACKET 2","","FLOR","120","0","0","H87","0"
"100330308","31019883859P002SM","XT7 CT MOUNTING BRACKET 2","","FLOR","253","0","0","H87","0"
"100330309","31019887855P001SM","E2.2 CT MTG PART","","FLOR","8","0","0","H87","0"
"100330310","3102005531P004SM","AUXILIARY NEUT BUS CU 20A TL/BR","","FLOR","1","0","0","H87","0"
"100330311","3102005531P008KT","AUXILIARY NEUT BUS CU 16A TL/BR","","FLOR","1","0","0","H87","0"
"100330312","3102005531P009KT","AUXILIARY NEUT BUS CU 12A TR/BL","","FLOR","4","0","0","H87","0"
"100330313","3102005531P011KT","AUXILIARY NEUT BUS CU 08A TR/BL","","FLOR","2","0","0","H87","0"
"100330314","3102005532P001KT","AUXILIARY NEUT BUS CU 12A GMM","","FLOR","4","0","0","H87","0"
"100330315","3102014212P001KT","AUXILIARY NEUT BUS LINK CU 20A","","FLOR","9","0","0","H87","0"
"100330316","3102014212P002KT","AUXILIARY NEUT BUS LINK CU 20A","","FLOR","2","0","0","H87","0"
"100330317","3102014212P005KT","AUXILIARY NEUT BUS LINK CU 12A","","FLOR","6","0","0","H87","0"
"100330318","31020174829P001","RSB MLO LUGSTRAP BRACING BRACKET","","FLOR","1298","0","0","H87","0"
"100330319","3102044911P001SM","AUX NEUTRAL BND JMPR 10-30A CU","","FLOR","1","0","0","H87","0"
"100330320","3102044911P002SM","AUX NEUTRAL BND JMPR 10-30A CU","","FLOR","1","0","0","H87","0"
"100330321","3102044927P001SM","AUX NEUTRAL BND JMPR LINK 10-30A CU","","FLOR","1","0","0","H87","0"
"100330322","31020642479P001","RSB XT5 DOOR COVER","","FLOR","17","0","0","H87","0"
"100330323","31020642479P002","RSB XT5 DOOR COVER 35W","","FLOR","2","0","0","H87","0"
"100330324","31020642479P003","RSB XT5 DOOR COVER 40W","","FLOR","1","0","0","H87","0"
"100330325","3102086749P001SM","NEUTRAL BUSBAR AL 20A BACK","","FLOR","9","0","0","H87","0"
"100330326","3102086749P002SM","NEUTRAL BUSBAR AL 20A FRONT","","FLOR","56","0","0","H87","0"
"100330327","3102086749P003SM","NEUTRAL BUSBAR AL 16A BACK","","FLOR","4","0","0","H87","0"
"100330328","3102086749P004SM","NEUTRAL BUSBAR AL 16A FRONT","","FLOR","3","0","0","H87","0"
"100330329","3102086753P001SM","NEUTRAL BUSBAR 20A AL","","FLOR","25","0","0","H87","0"
"100330330","3102086753P002SM","NEUTRAL BUSBAR 16A AL","","FLOR","5","0","0","H87","0"
"100330331","3102087051P005SM","AUXILIARY NEUT BUS LINK AL 12A","","FLOR","3","0","0","H87","0"
"100330332","31021919400P001KT","RSB XT7 TIERS CU 1200A PHA","","FLOR","16","0","0","H87","0"
"100330333","31021919400P005KT","RSB XT7 TIERS CU 1200A PHA","","FLOR","16","0","0","H87","0"
"100330334","31021919400P010KT","RSB XT7 TIERS CU 1200A PHB","","FLOR","10","0","0","H87","0"
"100330336","31021919401P003KT","RSB XT7 TIERS CU 1200A PHA 25D","","FLOR","3","0","0","H87","0"
"100330337","31021919401P004KT","RSB XT7 TIERS CU 1200A PHA 25D","","FLOR","4","0","0","H87","0"
"100330338","31021919401P006KT","RSB XT7 TIERS CU 1200A PHC 30D","","FLOR","1","0","0","H87","0"
"100330339","31021919401P009KT","RSB XT7 TIERS CU 1200A PHC 35D","","FLOR","1","0","0","H87","0"
"100330340","31021919401P010KT","RSB XT7 TIERS CU 1200A PHC 35D","","FLOR","1","0","0","H87","0"
"100330341","31021919401P011KT","RSB XT7 TIERS CU 1200A PHA 35D","","FLOR","1","0","0","H87","0"
"100330342","31021919401P012KT","RSB XT7 TIERS CU 1200A PHA 35D","","FLOR","1","0","0","H87","0"
"100330343","31021919401P037KT","RSB XT7 TIERS CU 16A/20A/25A/40A PHC 30D","","FLOR","1","0","0","H87","0"
"100330344","31021919401P038KT","RSB XT7 TIERS CU 16A/20A/25A/40A PHC 30D","","FLOR","1","0","0","H87","0"
"100330345","31021919401P039KT","RSB XT7 TIERS CU 16A/20A/25A/40A PHA 30D","","FLOR","1","0","0","H87","0"
"100330346","31021919401P040KT","RSB XT7 TIERS CU 16A/20A/25A/40A PHA 30D","","FLOR","1","0","0","H87","0"
"100330347","31021919401P041KT","RSB XT7 TIERS CU 16A/20A/25A/40A PHC 35D","","FLOR","1","0","0","H87","0"
"100330348","31021919401P042KT","RSB XT7 TIERS CU 16A/20A/25A/40A PHC 35D","","FLOR","1","0","0","H87","0"
"100330349","31021919401P043KT","RSB XT7 TIERS CU 16A/20A/25A/40A PHA 35D","","FLOR","1","0","0","H87","0"
"100330350","31021919401P044KT","RSB XT7 TIERS CU 16A/20A/25A/40A PHA 35D","","FLOR","1","0","0","H87","0"
"100330351","31021919401P053KT","RSB XT7 TIERS CU 16A/20A/25A/40A PHC 50D","","FLOR","4","0","0","H87","0"
"100330352","31021919401P054KT","RSB XT7 TIERS CU 16A/20A/25A/40A PHC 50D","","FLOR","4","0","0","H87","0"
"100330353","31021919401P055KT","RSB XT7 TIERS CU 16A/20A/25A/40A PHA 50D","","FLOR","3","0","0","H87","0"
"100330354","31021919401P056KT","RSB XT7 TIERS CU 16A/20A/25A/40A PHA 50D","","FLOR","2","0","0","H87","0"
"100330355","31021919401P069KT","RSB XT7 TIERS CU 30A PHC 30D","","FLOR","2","0","0","H87","0"
"100330356","31021919401P070KT","RSB XT7 TIERS CU 30A PHC 30D","","FLOR","2","0","0","H87","0"
"100330357","31021919401P071KT","RSB XT7 TIERS CU 30A PHA 30D","","FLOR","2","0","0","H87","0"
"100330358","31021919401P072KT","RSB XT7 TIERS CU 30A PHA 30D","","FLOR","2","0","0","H87","0"
"100330359","31021919401P113KT","RSB XT7 TIERS CU 50A/60A PHC 55D","","FLOR","1","0","0","H87","0"
"100330360","31021919401P114KT","RSB XT7 TIERS CU 50A/60A PHC 55D","","FLOR","1","0","0","H87","0"
"100330361","31021919401P115KT","RSB XT7 TIERS CU 50A/60A PHA 55D","","FLOR","1","0","0","H87","0"
"100330362","31021919401P116KT","RSB XT7 TIERS CU 50A/60A PHA 55D","","FLOR","1","0","0","H87","0"
"100330363","31021919402P001KT","RSB XT7 TIERS CU 1200A PHB 25D","","FLOR","1","0","0","H87","0"
"100330364","31021919402P002KT","RSB XT7 TIERS CU 1200A PHB 30D","","FLOR","4","0","0","H87","0"
"100330365","31021919402P004KT","RSB XT7 TIERS CU 1200A PHB 30D","","FLOR","1","0","0","H87","0"
"100330366","31021919402P005KT","RSB XT7 TIERS CU 1200A PHB 35D","","FLOR","1","0","0","H87","0"
"100330367","31021919402P006KT","RSB XT7 TIERS CU 1200A PHB 35D","","FLOR","1","0","0","H87","0"
"100330368","31021919402P019KT","RSB XT7 TIERS CU 16A/20A/25A/40A PHB 30D","","FLOR","1","0","0","H87","0"
"100330369","31021919402P020KT","RSB XT7 TIERS CU 16A/20A/25A/40A PHB 30D","","FLOR","1","0","0","H87","0"
"100330370","31021919402P021KT","RSB XT7 TIERS CU 16A/20A/25A/40A PHB 35D","","FLOR","1","0","0","H87","0"
"100330371","31021919402P022KT","RSB XT7 TIERS CU 16A/20A/25A/40A PHB 35D","","FLOR","1","0","0","H87","0"
"100330372","31021919402P027KT","RSB XT7 TIERS CU 16A/20A/25A/40A PHB 50D","","FLOR","4","0","0","H87","0"
"100330373","31021919402P028KT","RSB XT7 TIERS CU 16A/20A/25A/40A PHB 50D","","FLOR","4","0","0","H87","0"
"100330374","31021919402P035KT","RSB XT7 TIERS CU 30A PHB 30D","","FLOR","2","0","0","H87","0"
"100330375","31021919402P036KT","RSB XT7 TIERS CU 30A PHB 30D","","FLOR","2","0","0","H87","0"
"100330376","31021919402P057KT","RSB XT7 TIERS CU 50A/60A PHB 55D","","FLOR","1","0","0","H87","0"
"100330377","31021919402P058KT","RSB XT7 TIERS CU 50A/60A PHB 55D","","FLOR","1","0","0","H87","0"
"100330378","31021919500P001SM","RSB XT7 TERMINAL AL TIER PHA","","FLOR","3","0","0","H87","0"
"100330379","31021919500P003SM","RSB XT7 TERMINAL AL TIER PHC","","FLOR","1","0","0","H87","0"
"100330380","31021919500P005SM","RSB XT7 TERMINAL AL TIER PHA","","FLOR","2","0","0","H87","0"
"100330381","31021919500P007SM","RSB XT7 TERMINAL AL TIER PHC","","FLOR","8","0","0","H87","0"
"100330382","31021919500P008SM","RSB XT7 TERMINAL AL TIER PHC","","FLOR","2","0","0","H87","0"
"100330383","31021919500P010SM","RSB XT7 TERMINAL AL TIER PHB","","FLOR","5","0","0","H87","0"
"100330384","31021919500P012SM","RSB XT7 TERMINAL AL TIER PHB","","FLOR","7","0","0","H87","0"
"100330385","31021919501P001SM","RSB XT7 TIERS 3P AL-12A-25D-PHC","","FLOR","2","0","0","H87","0"
"100330386","31021919501P003SM","RSB XT7 TIERS 3P AL-12A-25D-PHA","","FLOR","6","0","0","H87","0"
"100330387","31021919501P004SM","RSB XT7 TIERS 3P AL-12A-25D-PHA","","FLOR","6","0","0","H87","0"
"100330388","31021919501P005SM","RSB XT7 TIERS 3P AL-12A-30D-PHC","","FLOR","1","0","0","H87","0"
"100330389","31021919501P007SM","RSB XT7 TIERS 3P AL-12A-30D-PHA","","FLOR","2","0","0","H87","0"
"100330390","31021919501P013SM","RSB XT7 TIERS 3P AL-12A-40D-PHC","","FLOR","1","0","0","H87","0"
"100330391","31021919501P014SM","RSB XT7 TIERS 3P AL-12A-40D-PHC","","FLOR","2","0","0","H87","0"
"100330392","31021919501P015SM","RSB XT7 TIERS 3P AL-12A-40D-PHA","","FLOR","2","0","0","H87","0"
"100330393","31021919501P037SM","RSB XT7 TIERS 3P AL-16","","FLOR","9","0","0","H87","0"
"100330394","31021919501P038SM","RSB XT7 TIERS 3P AL-16","","FLOR","9","0","0","H87","0"
"100330395","31021919501P039SM","RSB XT7 TIERS 3P AL-16","","FLOR","9","0","0","H87","0"
"100330396","31021919501P040SM","RSB XT7 TIERS 3P AL-16","","FLOR","7","0","0","H87","0"
"100330397","31021919501P041SM","RSB XT7 TIERS 3P AL-16","","FLOR","1","0","0","H87","0"
"100330398","31021919501P042SM","RSB XT7 TIERS 3P AL-16","","FLOR","1","0","0","H87","0"
"100330399","31021919501P043SM","RSB XT7 TIERS 3P AL-16","","FLOR","1","0","0","H87","0"
"100330400","31021919501P044SM","RSB XT7 TIERS 3P AL-16","","FLOR","1","0","0","H87","0"
"100330401","31021919501P069SM","RSB XT7 TIERS 3P AL-30A-30D-PHC","","FLOR","1","0","0","H87","0"
"100330402","31021919501P070SM","RSB XT7 TIERS 3P AL-30A-30D-PHC","","FLOR","1","0","0","H87","0"
"100330403","31021919501P071SM","RSB XT7 TIERS 3P AL-30A-30D-PHA","","FLOR","1","0","0","H87","0"
"100330404","31021919501P072SM","RSB XT7 TIERS 3P AL-30A-30D-PHA","","FLOR","1","0","0","H87","0"
"100330405","31021919501P078SM","RSB XT7 TIERS 3P AL-30A-40D-PHC","","FLOR","2","0","0","H87","0"
"100330406","31021919501P079SM","RSB XT7 TIERS 3P AL-30A-40D-PHA","","FLOR","2","0","0","H87","0"
"100330407","31021919501P080SM","RSB XT7 TIERS 3P AL-30A-40D-PHA","","FLOR","2","0","0","H87","0"
"100330408","31021919502P001SM","RSB XT7 TIERS 3P AL-12A-25D","","FLOR","3","0","0","H87","0"
"100330409","31021919502P002SM","RSB XT7 TIERS 3P AL-12A-25D","","FLOR","6","0","0","H87","0"
"100330410","31021919502P003SM","RSB XT7 TIERS 3P AL-12A-30D","","FLOR","2","0","0","H87","0"
"100330411","31021919502P007SM","RSB XT7 TIERS 3P AL-12A-40D","","FLOR","1","0","0","H87","0"
"100330412","31021919502P008SM","RSB XT7 TIERS 3P AL-12A-40D","","FLOR","1","0","0","H87","0"
"100330413","31021919502P019SM","RSB XT7 TIERS 3P AL-16","","FLOR","7","0","0","H87","0"
"100330414","31021919502P020SM","RSB XT7 TIERS 3P AL-16","","FLOR","7","0","0","H87","0"
"100330415","31021919502P021SM","RSB XT7 TIERS 3P AL-16","","FLOR","1","0","0","H87","0"
"100330416","31021919502P022SM","RSB XT7 TIERS 3P AL-16","","FLOR","1","0","0","H87","0"
"100330417","31021919502P036SM","RSB XT7 TIERS 3P AL-30A-30D","","FLOR","1","0","0","H87","0"
"100330418","31021919502P039SM","RSB XT7 TIERS 3P AL-30A-40D","","FLOR","2","0","0","H87","0"
"100330419","31021919502P040SM","RSB XT7 TIERS 3P AL-30A-40D","","FLOR","2","0","0","H87","0"
"100330420","31021989763P002KT","RSB","","FLOR","3","0","0","H87","0"
"100330421","31021989763P008KT","RSB","","FLOR","8","0","0","H87","0"
"100330422","31021989763P010KT","RSB","","FLOR","1","0","0","H87","0"
"100330423","31021989763P013KT","RSB","","FLOR","2","0","0","H87","0"
"100330424","31021989763P014KT","RSB","","FLOR","1","0","0","H87","0"
"100330425","31021989763P017KT","RSB","","FLOR","3","0","0","H87","0"
"100330426","31021989763P019KT","RSB","","FLOR","8","0","0","H87","0"
"100330427","31021989763P023KT","RSB","","FLOR","7","0","0","H87","0"
"100330428","31021989763P024KT","RSB","","FLOR","9","0","0","H87","0"
"100330429","31021989763P031KT","RSB","","FLOR","1","0","0","H87","0"
"100330430","31021989763P031SM","RSB","","FLOR","1","0","0","H87","0"
"100330431","31021989764P009KT","RSB","","FLOR","3","0","0","H87","0"
"100330432","31021989764P010KT","RSB","","FLOR","3","0","0","H87","0"
"100330433","31021989764P011KT","RSB","","FLOR","3","0","0","H87","0"
"100330434","31021989764P012KT","RSB","","FLOR","3","0","0","H87","0"
"100330435","31021989764P013KT","RSB","","FLOR","3","0","0","H87","0"
"100330436","31021989764P014KT","RSB","","FLOR","3","0","0","H87","0"
"100330437","31021989764P015KT","RSB","","FLOR","3","0","0","H87","0"
"100330438","31021989764P016KT","RSB","","FLOR","3","0","0","H87","0"
"100330439","31021989764P033KT","RSB","","FLOR","1","0","0","H87","0"
"100330440","31021989764P034KT","RSB","","FLOR","1","0","0","H87","0"
"100330441","31021989764P038KT","RSB","","FLOR","1","0","0","H87","0"
"100330442","31021989764P039KT","RSB","","FLOR","1","0","0","H87","0"
"100330443","31021989764P057KT","RSB","","FLOR","6","0","0","H87","0"
"100330444","31021989764P058KT","RSB","","FLOR","6","0","0","H87","0"
"100330445","31021989764P059KT","RSB","","FLOR","2","0","0","H87","0"
"100330446","31021989764P060KT","RSB","","FLOR","6","0","0","H87","0"
"100330447","31021989764P061KT","RSB","","FLOR","3","0","0","H87","0"
"100330448","31021989764P062KT","RSB","","FLOR","6","0","0","H87","0"
"100330449","31021989764P063KT","RSB","","FLOR","6","0","0","H87","0"
"100330450","31021989764P064KT","RSB","","FLOR","8","0","0","H87","0"
"100330451","31021989764P092SM","RSB","","FLOR","1","0","0","H87","0"
"100330452","31021989764P097KT","RSB","","FLOR","32","0","0","H87","0"
"100330453","31021989764P098KT","RSB","","FLOR","14","0","0","H87","0"
"100330454","31021989764P099KT","RSB","","FLOR","9","0","0","H87","0"
"100330455","31021989764P100KT","RSB","","FLOR","15","0","0","H87","0"
"100330456","31021989764P101KT","RSB","","FLOR","19","0","0","H87","0"
"100330457","31021989764P102KT","RSB","","FLOR","27","0","0","H87","0"
"100330458","31021989764P103KT","RSB","","FLOR","24","0","0","H87","0"
"100330459","31021989764P104KT","RSB","","FLOR","13","0","0","H87","0"
"100330460","31021989764P112KT","RSB","","FLOR","3","0","0","H87","0"
"100330461","31021989764P116KT","RSB","","FLOR","1","0","0","H87","0"
"100330462","31021989764P117KT","RSB","","FLOR","1","0","0","H87","0"
"100330463","31021989764P118KT","RSB","","FLOR","1","0","0","H87","0"
"100330464","31021989764P125KT","RSB","","FLOR","4","0","0","H87","0"
"100330465","31021989764P137KT","RSB","","FLOR","7","0","0","H87","0"
"100330466","31021989764P138KT","RSB","","FLOR","16","0","0","H87","0"
"100330467","31021989764P139KT","RSB","","FLOR","19","0","0","H87","0"
"100330468","31021989764P140KT","RSB","","FLOR","12","0","0","H87","0"
"100330469","31021989764P141KT","RSB","","FLOR","11","0","0","H87","0"
"100330470","31021989764P142KT","RSB","","FLOR","10","0","0","H87","0"
"100330471","31021989764P143KT","RSB","","FLOR","12","0","0","H87","0"
"100330472","31021989764P144KT","RSB, E 4.2 W 40D 3K TIERS 30A MB C","","FLOR","18","0","0","H87","0"
"100330473","31021989764P145KT","RSB","","FLOR","6","0","0","H87","0"
"100330474","31021989764P146KT","RSB","","FLOR","6","0","0","H87","0"
"100330475","31021989764P147KT","RSB","","FLOR","6","0","0","H87","0"
"100330476","31021989764P148KT","RSB","","FLOR","6","0","0","H87","0"
"100330477","31021989764P149KT","RSB","","FLOR","6","0","0","H87","0"
"100330478","31021989764P150KT","RSB","","FLOR","6","0","0","H87","0"
"100330479","31021989764P151KT","RSB","","FLOR","6","0","0","H87","0"
"100330480","31021989764P152KT","RSB","","FLOR","6","0","0","H87","0"
"100330481","31021989764P177KT","RSB","","FLOR","1","0","0","H87","0"
"100330482","31021989764P185KT","RSB","","FLOR","1","0","0","H87","0"
"100330483","31021989764P186KT","RSB","","FLOR","1","0","0","H87","0"
"100330484","31021989764P187KT","RSB","","FLOR","1","0","0","H87","0"
"100330485","31021989764P190KT","RSB","","FLOR","1","0","0","H87","0"
"100330486","31021989764P191KT","RSB","","FLOR","1","0","0","H87","0"
"100330487","31021989764P192KT","RSB","","FLOR","1","0","0","H87","0"
"100330488","31021989764P210KT","RSB","","FLOR","8","0","0","H87","0"
"100330489","31021989764P212KT","RSB","","FLOR","25","0","0","H87","0"
"100330490","31021989764P213KT","RSB","","FLOR","11","0","0","H87","0"
"100330491","31021989764P241KT","RSB","","FLOR","1","0","0","H87","0"
"100330492","31021989764P241SM","RSB","","FLOR","1","0","0","H87","0"
"100330493","31021989764P242KT","RSB","","FLOR","1","0","0","H87","0"
"100330494","31021989764P242SM","RSB","","FLOR","1","0","0","H87","0"
"100330495","31021989764P243KT","RSB","","FLOR","1","0","0","H87","0"
"100330496","31021989764P243SM","RSB","","FLOR","1","0","0","H87","0"
"100330497","31021989764P244KT","RSB","","FLOR","1","0","0","H87","0"
"100330498","31021989764P244SM","RSB","","FLOR","1","0","0","H87","0"
"100330499","31021989764P245KT","RSB","","FLOR","1","0","0","H87","0"
"100330500","31021989764P245SM","RSB","","FLOR","1","0","0","H87","0"
"100330501","31021989764P246KT","RSB","","FLOR","1","0","0","H87","0"
"100330502","31021989764P246SM","RSB","","FLOR","1","0","0","H87","0"
"100330503","31021989764P247KT","RSB","","FLOR","1","0","0","H87","0"
"100330504","31021989764P247SM","RSB","","FLOR","1","0","0","H87","0"
"100330505","31021989764P248KT","RSB","","FLOR","1","0","0","H87","0"
"100330506","31021989764P248SM","RSB","","FLOR","1","0","0","H87","0"
"100330507","31022163305P001KT","XT5 BREAKER TIER ADAPTERS A/C-PH","","FLOR","90","0","0","H87","0"
"100330508","31022208766P001KT","RSB E6.2 W TIERS 5K MB PHA T30","","FLOR","1","0","0","H87","0"
"100330509","31022208766P002KT","RSB E6.2 W TIERS 5K MB PHA T30","","FLOR","3","0","0","H87","0"
"100330510","31022208766P007KT","RSB E6.2 W TIERS 5K MB PHB T30","","FLOR","2","0","0","H87","0"
"100330511","31022208766P013KT","RSB E6.2 W TIERS 5K MB PHC T30","","FLOR","2","0","0","H87","0"
"100330512","31022208766P017KT","RSB E6.2 W TIERS 5K MB PHC T30","","FLOR","1","0","0","H87","0"
"100330513","31022208766P037KT","RSB E6.2 W TIERS 5K MB PHA T40","","FLOR","1","0","0","H87","0"
"100330514","31022208766P038KT","RSB E6.2 W TIERS 5K MB PHA T40","","FLOR","1","0","0","H87","0"
"100330515","31022208766P039KT","RSB E6.2 W TIERS 5K MB PHA T40","","FLOR","1","0","0","H87","0"
"100330516","31022208766P040KT","RSB E6.2 W TIERS 5K MB PHA T40","","FLOR","1","0","0","H87","0"
"100330517","31022208766P041KT","RSB E6.2 W TIERS 5K MB PHA T40","","FLOR","1","0","0","H87","0"
"100330518","31022208766P042KT","RSB E6.2 W TIERS 5K MB PHA T40","","FLOR","1","0","0","H87","0"
"100330519","31022208766P043KT","RSB E6.2 W TIERS 5K MB PHB T40","","FLOR","1","0","0","H87","0"
"100330520","31022208766P044KT","RSB E6.2 W TIERS 5K MB PHB T40","","FLOR","1","0","0","H87","0"
"100330521","31022208766P045KT","RSB E6.2 W TIERS 5K MB PHB T40","","FLOR","1","0","0","H87","0"
"100330522","31022208766P046KT","RSB E6.2 W TIERS 5K MB PHB T40","","FLOR","1","0","0","H87","0"
"100330523","31022208766P047KT","RSB E6.2 W TIERS 5K MB PHB T40","","FLOR","1","0","0","H87","0"
"100330524","31022208766P048KT","RSB E6.2 W TIERS 5K MB PHB T40","","FLOR","1","0","0","H87","0"
"100330525","31022208766P049KT","RSB E6.2 W TIERS 5K MB PHC T40","","FLOR","1","0","0","H87","0"
"100330526","31022208766P050KT","RSB E6.2 W TIERS 5K MB PHC T40","","FLOR","1","0","0","H87","0"
"100330527","31022208766P051KT","RSB E6.2 W TIERS 5K MB PHC T40","","FLOR","1","0","0","H87","0"
"100330528","31022208766P052KT","RSB E6.2 W TIERS 5K MB PHC T40","","FLOR","1","0","0","H87","0"
"100330529","31022208766P053KT","RSB E6.2 W TIERS 5K MB PHC T40","","FLOR","1","0","0","H87","0"
"100330530","31022208766P091KT","RSB E6.2 F TIERS 5K MB PHA T30","","FLOR","8","0","0","H87","0"
"100330531","31022208766P092KT","RSB E6.2 F TIERS 5K MB PHA T30","","FLOR","7","0","0","H87","0"
"100330532","31022208766P093KT","RSB E6.2 F TIERS 5K MB PHA T30","","FLOR","7","0","0","H87","0"
"100330533","31022208766P094KT","RSB E6.2 F TIERS 5K MB PHA T30","","FLOR","4","0","0","H87","0"
"100330534","31022208766P095KT","RSB E6.2 F TIERS 5K MB PHA T30","","FLOR","4","0","0","H87","0"
"100330535","31022208766P096KT","RSB E6.2 F TIERS 5K MB PHA T30","","FLOR","3","0","0","H87","0"
"100330536","31022208766P097KT","RSB E6.2 F TIERS 5K MB PHB T30","","FLOR","3","0","0","H87","0"
"100330537","31022208766P098KT","RSB E6.2 F TIERS 5K MB PHB T30","","FLOR","3","0","0","H87","0"
"100330538","31022208766P099KT","RSB E6.2 F TIERS 5K MB PHB T30","","FLOR","3","0","0","H87","0"
"100330539","31022208766P099SM","RSB E6.2 F TIERS 5K MB PHB T30","","FLOR","1","0","0","H87","0"
"100330540","31022208766P100KT","RSB E6.2 F TIERS 5K MB PHB T30","","FLOR","3","0","0","H87","0"
"100330541","31022208766P101KT","RSB E6.2 F TIERS 5K MB PHB T30","","FLOR","2","0","0","H87","0"
"100330542","31022208766P102KT","RSB E6.2 F TIERS 5K MB PHB T30","","FLOR","6","0","0","H87","0"
"100330543","31022208766P103KT","RSB E6.2 F TIERS 5K MB PHC T30","","FLOR","2","0","0","H87","0"
"100330544","31022208766P104KT","RSB E6.2 F TIERS 5K MB PHC T30","","FLOR","3","0","0","H87","0"
"100330545","31022208766P105KT","RSB E6.2 F TIERS 5K MB PHC T30","","FLOR","4","0","0","H87","0"
"100330546","31022208766P106KT","RSB E6.2 F TIERS 5K MB PHC T30","","FLOR","8","0","0","H87","0"
"100330547","31022208766P107KT","RSB E6.2 F TIERS 5K MB PHC T30","","FLOR","9","0","0","H87","0"
"100330548","31022208766P108KT","RSB E6.2 F TIERS 5K MB PHC T30","","FLOR","12","0","0","H87","0"
"100330549","31022208766P109KT","RSB E6.2 F TIERS 5K MB PHA T35","","FLOR","1","0","0","H87","0"
"100330550","31022208766P110KT","RSB E6.2 F TIERS 5K MB PHA T35","","FLOR","5","0","0","H87","0"
"100330551","31022208766P111KT","RSB E6.2 F TIERS 5K MB PHA T35","","FLOR","5","0","0","H87","0"
"100330552","31022208766P112KT","RSB E6.2 F TIERS 5K MB PHA T35","","FLOR","2","0","0","H87","0"
"100330553","31022208766P113KT","RSB E6.2 F TIERS 5K MB PHA T35","","FLOR","4","0","0","H87","0"
"100330554","31022208766P114KT","RSB E6.2 F TIERS 5K MB PHA T35","","FLOR","6","0","0","H87","0"
"100330555","31022208766P115KT","RSB E6.2 F TIERS 5K MB PHB T35","","FLOR","5","0","0","H87","0"
"100330556","31022208766P116KT","RSB E6.2 F TIERS 5K MB PHB T35","","FLOR","5","0","0","H87","0"
"100330557","31022208766P117KT","RSB E6.2 F TIERS 5K MB PHB T35","","FLOR","5","0","0","H87","0"
"100330559","31022208766P119KT","RSB E6.2 F TIERS 5K MB PHB T35","","FLOR","5","0","0","H87","0"
"100330560","31022208766P120KT","RSB E6.2 F TIERS 5K MB PHB T35","","FLOR","5","0","0","H87","0"
"100330561","31022208766P121KT","RSB E6.2 F TIERS 5K MB PHC T35","","FLOR","2","0","0","H87","0"
"100330562","31022208766P122KT","RSB E6.2 F TIERS 5K MB PHC T35","","FLOR","2","0","0","H87","0"
"100330563","31022208766P123KT","RSB E6.2 F TIERS 5K MB PHC T35","","FLOR","2","0","0","H87","0"
"100330564","31022208766P124KT","RSB E6.2 F TIERS 5K MB PHC T35","","FLOR","5","0","0","H87","0"
"100330565","31022208766P125KT","RSB E6.2 F TIERS 5K MB PHC T35","","FLOR","3","0","0","H87","0"
"100330566","31022208766P126KT","RSB E6.2 F TIERS 5K MB PHC T35","","FLOR","1","0","0","H87","0"
"100330567","31022208766P127KT","RSB E6.2 F TIERS 5K MB PHA T40","","FLOR","2","0","0","H87","0"
"100330568","31022208766P128KT","RSB E6.2 F TIERS 5K MB PHA T40","","FLOR","2","0","0","H87","0"
"100330569","31022208766P129KT","RSB E6.2 F TIERS 5K MB PHA T40","","FLOR","2","0","0","H87","0"
"100330570","31022208766P133KT","RSB E6.2 F TIERS 5K MB PHB T40","","FLOR","1","0","0","H87","0"
"100330571","31022208766P134KT","RSB E6.2 F TIERS 5K MB PHB T40","","FLOR","1","0","0","H87","0"
"100330572","31022208766P135KT","RSB E6.2 F TIERS 5K MB PHB T40","","FLOR","2","0","0","H87","0"
"100330573","31022208766P136KT","RSB E6.2 F TIERS 5K MB PHB T40","","FLOR","2","0","0","H87","0"
"100330574","31022208766P137KT","RSB E6.2 F TIERS 5K MB PHB T40","","FLOR","2","0","0","H87","0"
"100330575","31022208766P138KT","RSB E6.2 F TIERS 5K MB PHB T40","","FLOR","2","0","0","H87","0"
"100330576","31022208766P142KT","RSB E6.2 F TIERS 5K MB PHC T40","","FLOR","2","0","0","H87","0"
"100330577","31022208766P143KT","RSB E6.2 F TIERS 5K MB PHC T40","","FLOR","2","0","0","H87","0"
"100330578","31022208766P163KT","RSB E6.2 W TIERS 4K MB PHA T35","","FLOR","16","0","0","H87","0"
"100330579","31022208766P164KT","RSB E6.2 W TIERS 4K MB PHA T35","","FLOR","18","0","0","H87","0"
"100330580","31022208766P165KT","RSB E6.2 W TIERS 4K MB PHA T35","","FLOR","19","0","0","H87","0"
"100330581","31022208766P166KT","RSB E6.2 W TIERS 4K MB PHA T35","","FLOR","15","0","0","H87","0"
"100330582","31022208766P167KT","RSB E6.2 W TIERS 4K MB PHA T35","","FLOR","15","0","0","H87","0"
"100330583","31022208766P168KT","RSB E6.2 W TIERS 4K MB PHA T35","","FLOR","19","0","0","H87","0"
"100330584","31022208766P169KT","RSB E6.2 W TIERS 4K MB PHB T35","","FLOR","18","0","0","H87","0"
"100330585","31022208766P170KT","RSB E6.2 W TIERS 4K MB PHB T35","","FLOR","18","0","0","H87","0"
"100330586","31022208766P171KT","RSB E6.2 W TIERS 4K MB PHB T35","","FLOR","17","0","0","H87","0"
"100330587","31022208766P172KT","RSB E6.2 W TIERS 4K MB PHB T35","","FLOR","16","0","0","H87","0"
"100330588","31022208766P173KT","RSB E6.2 W TIERS 4K MB PHB T35","","FLOR","18","0","0","H87","0"
"100330589","31022208766P174KT","RSB E6.2 W TIERS 4K MB PHB T35","","FLOR","18","0","0","H87","0"
"100330590","31022208766P175KT","RSB E6.2 W TIERS 4K MB PHC T35","","FLOR","16","0","0","H87","0"
"100330591","31022208766P176KT","RSB E6.2 W TIERS 4K MB PHC T35","","FLOR","14","0","0","H87","0"
"100330592","31022208766P177KT","RSB E6.2 W TIERS 4K MB PHC T35","","FLOR","13","0","0","H87","0"
"100330593","31022208766P178KT","RSB E6.2 W TIERS 4K MB PHC T35","","FLOR","18","0","0","H87","0"
"100330594","31022208766P179KT","RSB E6.2 W TIERS 4K MB PHC T35","","FLOR","18","0","0","H87","0"
"100330595","31022208766P180KT","RSB E6.2 W TIERS 4K MB PHC T35","","FLOR","18","0","0","H87","0"
"100330596","31022208766P253KT","RSB E6.2 F TIERS 4K MB PHA T35","","FLOR","3","0","0","H87","0"
"100330597","31022208766P254KT","RSB E6.2 F TIERS 4K MB PHA T35","","FLOR","6","0","0","H87","0"
"100330598","31022208766P255KT","RSB E6.2 F TIERS 4K MB PHA T35","","FLOR","8","0","0","H87","0"
"100330599","31022208766P256KT","RSB E6.2 F TIERS 4K MB PHA T35","","FLOR","5","0","0","H87","0"
"100330600","31022208766P257KT","RSB E6.2 F TIERS 4K MB PHA T35","","FLOR","7","0","0","H87","0"
"100330601","31022208766P258KT","RSB E6.2 F TIERS 4K MB PHA T35","","FLOR","7","0","0","H87","0"
"100330602","31022208766P259KT","RSB E6.2 F TIERS 4K MB PHB T35","","FLOR","9","0","0","H87","0"
"100330603","31022208766P260KT","RSB E6.2 F TIERS 4K MB PHB T35","","FLOR","7","0","0","H87","0"
"100330604","31022208766P261KT","RSB E6.2 F TIERS 4K MB PHB T35","","FLOR","7","0","0","H87","0"
"100330605","31022208766P262KT","RSB E6.2 F TIERS 4K MB PHB T35","","FLOR","7","0","0","H87","0"
"100330606","31022208766P263KT","RSB E6.2 F TIERS 4K MB PHB T35","","FLOR","5","0","0","H87","0"
"100330607","31022208766P264KT","RSB E6.2 F TIERS 4K MB PHB T35","","FLOR","6","0","0","H87","0"
"100330608","31022208766P265KT","RSB E6.2 F TIERS 4K MB PHC T35","","FLOR","7","0","0","H87","0"
"100330609","31022208766P266KT","RSB E6.2 F TIERS 4K MB PHC T35","","FLOR","7","0","0","H87","0"
"100330610","31022208766P267KT","RSB E6.2 F TIERS 4K MB PHC T35","","FLOR","5","0","0","H87","0"
"100330611","31022208766P268KT","RSB E6.2 F TIERS 4K MB PHC T35","","FLOR","8","0","0","H87","0"
"100330612","31022208766P269KT","RSB E6.2 F TIERS 4K MB PHC T35","","FLOR","7","0","0","H87","0"
"100330613","31022208766P270KT","RSB E6.2 F TIERS 4K MB PHC T35","","FLOR","5","0","0","H87","0"
"100330614","31022208766P271KT","RSB E6.2 F TIERS 4K MB PHA T40","","FLOR","1","0","0","H87","0"
"100330615","31022208766P279KT","RSB E6.2 F TIERS 4K MB PHB T40","","FLOR","1","0","0","H87","0"
"100330616","31022208766P287KT","RSB E6.2 F TIERS 4K MB PHC T40","","FLOR","1","0","0","H87","0"
"100330617","31022208766P288KT","RSB E6.2 F TIERS 4K MB PHC T40","","FLOR","1","0","0","H87","0"
"100330618","31022208766P310KT","RSB E6.2 F TIERS 4K MB PHA T50","","FLOR","1","0","0","H87","0"
"100330619","31022208766P311KT","RSB E6.2 F TIERS 4K MB PHA T50","","FLOR","1","0","0","H87","0"
"100330620","31022208766P312KT","RSB E6.2 F TIERS 4K MB PHA T50","","FLOR","1","0","0","H87","0"
"100330621","31022208766P313KT","RSB E6.2 F TIERS 4K MB PHB T50","","FLOR","1","0","0","H87","0"
"100330622","31022208766P314KT","RSB E6.2 F TIERS 4K MB PHB T50","","FLOR","1","0","0","H87","0"
"100330623","31022208766P315KT","RSB E6.2 F TIERS 4K MB PHB T50","","FLOR","1","0","0","H87","0"
"100330624","31022208766P316KT","RSB E6.2 F TIERS 4K MB PHB T50","","FLOR","1","0","0","H87","0"
"100330625","31022208766P317KT","RSB E6.2 F TIERS 4K MB PHB T50","","FLOR","1","0","0","H87","0"
"100330626","31022208766P318KT","RSB E6.2 F TIERS 4K MB PHB T50","","FLOR","1","0","0","H87","0"
"100330627","31022208766P319KT","RSB E6.2 F TIERS 4K MB PHC T50","","FLOR","1","0","0","H87","0"
"100330628","31022208766P320KT","RSB E6.2 F TIERS 4K MB PHC T50","","FLOR","1","0","0","H87","0"
"100330629","31022208766P321KT","RSB E6.2 F TIERS 4K MB PHC T50","","FLOR","1","0","0","H87","0"
"100330630","31022208766P488KT","RSB E6.2 W TIERS 4K MB PHA T30","","FLOR","1","0","0","H87","0"
"100330631","31022208766P489KT","RSB E6.2 W TIERS 4K MB PHA T30","","FLOR","1","0","0","H87","0"
"100330632","31022208766P490KT","RSB E6.2 W TIERS 4K MB PHA T30","","FLOR","5","0","0","H87","0"
"100330633","31022208766P491KT","RSB E6.2 W TIERS 4K MB PHA T30","","FLOR","5","0","0","H87","0"
"100330634","31022208766P492KT","RSB E6.2 W TIERS 4K MB PHA T30","","FLOR","3","0","0","H87","0"
"100330635","31022208766P493KT","RSB E6.2 W TIERS 4K MB PHB T30","","FLOR","5","0","0","H87","0"
"100330636","31022208766P494KT","RSB E6.2 W TIERS 4K MB PHB T30","","FLOR","4","0","0","H87","0"
"100330637","31022208766P495KT","RSB E6.2 W TIERS 4K MB PHB T30","","FLOR","4","0","0","H87","0"
"100330638","31022208766P496KT","RSB E6.2 W TIERS 4K MB PHB T30","","FLOR","5","0","0","H87","0"
"100330639","31022208766P497KT","RSB E6.2 W TIERS 4K MB PHB T30","","FLOR","5","0","0","H87","0"
"100330640","31022208766P498KT","RSB E6.2 W TIERS 4K MB PHB T30","","FLOR","5","0","0","H87","0"
"100330641","31022208766P499KT","RSB E6.2 W TIERS 4K MB PHC T30","","FLOR","5","0","0","H87","0"
"100330642","31022208766P500KT","RSB E6.2 W TIERS 4K MB PHC T30","","FLOR","5","0","0","H87","0"
"100330643","31022208766P501KT","RSB E6.2 W TIERS 4K MB PHC T30","","FLOR","4","0","0","H87","0"
"100330644","31022208766P503KT","RSB E6.2 W TIERS 4K MB PHC T30","","FLOR","2","0","0","H87","0"
"100330645","31022208766P504KT","RSB E6.2 W TIERS 4K MB PHC T30","","FLOR","1","0","0","H87","0"
"100330646","31022208767P007KT","RSB E6.2 F NEUTRAL 5K MB T30","","FLOR","1","0","0","H87","0"
"100330647","31022208767P008KT","RSB E6.2 F NEUTRAL 5K MB T30","","FLOR","1","0","0","H87","0"
"100330648","31022208767P019KT","RSB E6.2 F NEUTRAL 5K MB T35","","FLOR","2","0","0","H87","0"
"100330649","31022208767P020KT","RSB E6.2 F NEUTRAL 5K MB T35","","FLOR","2","0","0","H87","0"
"100330650","31022208767P021KT","RSB E6.2 F NEUTRAL 5K MB T35","","FLOR","2","0","0","H87","0"
"100330651","31022208767P023KT","RSB E6.2 F NEUTRAL 5K MB T35","","FLOR","2","0","0","H87","0"
"100330652","31022208767P024KT","RSB E6.2 F NEUTRAL 5K MB T35","","FLOR","2","0","0","H87","0"
"100330653","31022218766P001SM","RSB E6.2 W TIERS 4K MB AL PHA T35","","FLOR","1","0","0","H87","0"
"100330654","31022218766P002SM","RSB E6.2 W TIERS 4K MB AL PHA T35","","FLOR","1","0","0","H87","0"
"100330655","31022218766P003SM","RSB E6.2 W TIERS 4K MB AL PHA T35","","FLOR","1","0","0","H87","0"
"100330656","31022218766P004SM","RSB E6.2 W TIERS 4K MB AL PHA T35","","FLOR","1","0","0","H87","0"
"100330657","31022218766P005SM","RSB E6.2 W TIERS 4K MB AL PHA T35","","FLOR","1","0","0","H87","0"
"100330658","31022218766P006SM","RSB E6.2 W TIERS 4K MB AL PHA T35","","FLOR","1","0","0","H87","0"
"100330659","31022218766P012SM","RSB E6.2 W TIERS 4K MB AL PHB T35","","FLOR","1","0","0","H87","0"
"100330660","31022218766P013SM","RSB E6.2 W TIERS 4K MB AL PHC T35","","FLOR","1","0","0","H87","0"
"100330661","31022218766P014SM","RSB E6.2 W TIERS 4K MB AL PHC T35","","FLOR","1","0","0","H87","0"
"100330662","31022218766P015SM","RSB E6.2 W TIERS 4K MB AL PHC T35","","FLOR","1","0","0","H87","0"
"100330663","31022218766P016SM","RSB E6.2 W TIERS 4K MB AL PHC T35","","FLOR","1","0","0","H87","0"
"100330664","31022218766P017SM","RSB E6.2 W TIERS 4K MB AL PHC T35","","FLOR","1","0","0","H87","0"
"100330665","31022218766P018SM","RSB E6.2 W TIERS 4K MB AL PHC T35","","FLOR","1","0","0","H87","0"
"100330666","31022218766P074SM","RSB E6.2 F TIERS 4K MB AL PHA T30","","FLOR","2","0","0","H87","0"
"100330667","31022218766P075SM","RSB E6.2 F TIERS 4K MB AL PHA T30","","FLOR","1","0","0","H87","0"
"100330668","31022218766P077SM","RSB E6.2 F TIERS 4K MB AL PHA T30","","FLOR","1","0","0","H87","0"
"100330669","31022218766P078SM","RSB E6.2 F TIERS 4K MB AL PHA T30","","FLOR","1","0","0","H87","0"
"100330670","31022218766P084SM","RSB E6.2 F TIERS 4K MB AL PHB T30","","FLOR","2","0","0","H87","0"
"100330671","31022218766P085SM","RSB E6.2 F TIERS 4K MB AL PHC T30","","FLOR","10","0","0","H87","0"
"100330672","31022218766P088SM","RSB E6.2 F TIERS 4K MB AL PHC T30","","FLOR","2","0","0","H87","0"
"100330673","31022218766P090SM","RSB E6.2 F TIERS 4K MB AL PHC T30","","FLOR","1","0","0","H87","0"
"100330674","31022218766P095SM","RSB E6.2 F TIERS 4K MB AL PHA T35","","FLOR","12","0","0","H87","0"
"100330675","31022218766P096SM","RSB E6.2 F TIERS 4K MB AL PHA T35","","FLOR","2","0","0","H87","0"
"100330676","31022218766P097SM","RSB E6.2 F TIERS 4K MB AL PHB T35","","FLOR","12","0","0","H87","0"
"100330677","31022218766P098SM","RSB E6.2 F TIERS 4K MB AL PHB T35","","FLOR","2","0","0","H87","0"
"100330678","31022218766P099SM","RSB E6.2 F TIERS 4K MB AL PHB T35","","FLOR","12","0","0","H87","0"
"100330679","31022218766P101SM","RSB E6.2 F TIERS 4K MB AL PHB T35","","FLOR","2","0","0","H87","0"
"100330680","31022218766P102SM","RSB E6.2 F TIERS 4K MB AL PHB T35","","FLOR","2","0","0","H87","0"
"100330681","31022218766P123SM","RSB E6.2 F TIERS 4K MB AL PHC T40","","FLOR","1","0","0","H87","0"
"100330682","31022250367P001KT","RSB E1.2 F 30D CU TIERS .8/1/1.2K MB","","FLOR","1","0","0","H87","0"
"100330683","31022250367P003KT","RSB E1.2 F 30D CU TIERS .8/1/1.2K MB","","FLOR","1","0","0","H87","0"
"100330684","31022250367P003SM","RSB E1.2 F 30D CU TIERS .8/1/1.2K MB","","FLOR","2","0","0","H87","0"
"100330685","31022250367P025KT","RSB E1.2 F 35D CU TIERS 1.6/2/2.5/4K MB","","FLOR","12","0","0","H87","0"
"100330687","31022250367P027KT","RSB E1.2 F 35D CU TIERS 1.6/2/2.5/4K MB","","FLOR","12","0","0","H87","0"
"100330688","31022250367P028KT","RSB E1.2 F 40D CU TIERS 1.6/2/2.5/4K MB","","FLOR","14","0","0","H87","0"
"100330689","31022250367P029KT","RSB E1.2 F 40D CU TIERS 1.6/2/2.5/4K MB","","FLOR","14","0","0","H87","0"
"100330690","31022250367P030KT","RSB E1.2 F 40D CU TIERS 1.6/2/2.5/4K MB","","FLOR","14","0","0","H87","0"
"100330691","31022250367P082KT","RSB E1.2 W 30D CU TIERS .8/1/1.2K MB","","FLOR","6","0","0","H87","0"
"100330692","31022250367P086KT","RSB E1.2 W 35D CU TIERS .8/1/1.2K MB","","FLOR","1","0","0","H87","0"
"100330693","31022250367P088KT","RSB E1.2 W 40D CU TIERS .8/1/1.2K MB","","FLOR","16","0","0","H87","0"
"100330694","31022250367P090KT","RSB E1.2 W 40D CU TIERS .8/1/1.2K MB","","FLOR","2","0","0","H87","0"
"100330697","31022250367P157KT","RSB E1.2 F T15 CU TIERS .8/1/1.2K MB","","FLOR","8","0","0","H87","0"
"100330698","31022250367P158KT","RSB E1.2 F T15 CU TIERS .8/1/1.2K MB","","FLOR","8","0","0","H87","0"
"100330699","31022250367P159KT","RSB E1.2 F T15 CU TIERS .8/1/1.2K MB","","FLOR","4","0","0","H87","0"
"100330700","31022250367P159SM","RSB E1.2 F T15 CU TIERS .8/1/1.2K MB","","FLOR","2","0","0","H87","0"
"100330701","31022292881P001","XT7 Mounting Bracket TOP","","FLOR","1155","0","0","H87","0"
"100330702","31022292882P001","RSB, MOUNTING BRACE, XT7 12A FIXED 30W","","FLOR","87","0","0","H87","0"
"100330703","31022292882P002","RSB, MOUNTING BRACE, XT7 12A FIXED 35W","","FLOR","61","0","0","H87","0"
"100330704","31022292882P003","RSB, MOUNTING BRACE, XT7 12A FIXED 40W","","FLOR","118","0","0","H87","0"
"100330705","31022292882P004","RSB, MOUNTING BRACE, XT7 12A FIXED 45W","","FLOR","2","0","0","H87","0"
"100330706","31022292882P005","RSB, MOUNTING BRACE, XT7 12A FIXED 50W","","FLOR","6","0","0","H87","0"
"100330707","31022292882P007","RSB","","FLOR","4","0","0","H87","0"
"100330708","31022292916P","RSB","","FLOR","54","0","0","H87","0"
"100330709","31022292920P002","RSB XT7 COVER-35W-RELT","","FLOR","1","0","0","H87","0"
"100330710","31022292920P003","RSB XT7 COVER-40W-RELT","","FLOR","2","0","0","H87","0"
"100330711","31022292920P008","RSB XT7 COVER-30W","","FLOR","17","0","0","H87","0"
"100330712","31022292920P009","RSB XT7 COVER-35W","","FLOR","17","0","0","H87","0"
"100330713","31022527593P001KT","SC RSB EMAX E6.2 LUGSTRAP 5K","","FLOR","215","0","0","H87","0"
"100330714","31022558574P001SM","RSB E1.2 F TIERS 3P AL 1.2K 30D","","FLOR","1","0","0","H87","0"
"100330715","31022558574P002SM","RSB E1.2 F TIERS 3P AL 1.2K 30D","","FLOR","1","0","0","H87","0"
"100330716","31022558574P004SM","RSB E1.2 F TIERS 3P AL 1.2K 30D","","FLOR","1","0","0","H87","0"
"100330717","31022558574P005SM","RSB E1.2 F TIERS 3P AL 1.2K 30D","","FLOR","1","0","0","H87","0"
"100330718","31022558574P006SM","RSB E1.2 F TIERS 3P AL 1.2K 30D","","FLOR","1","0","0","H87","0"
"100330719","31022558574P169SM","RSB E1.2 W TIERS 3P AL 1.6/2/2.5/4K 35D","","FLOR","2","0","0","H87","0"
"100330720","31022558574P170SM","RSB E1.2 W TIERS 3P AL 1.6/2/2.5/4K 35D","","FLOR","2","0","0","H87","0"
"100330721","31022558574P171SM","RSB E1.2 W TIERS 3P AL 1.6/2/2.5/4K 35D","","FLOR","2","0","0","H87","0"
"100330722","31022558574P172SM","RSB E1.2 W TIERS 3P AL 1.6/2/2.5/4K 35D","","FLOR","2","0","0","H87","0"
"100330723","31022558574P173SM","RSB E1.2 W TIERS 3P AL 1.6/2/2.5/4K 35D","","FLOR","2","0","0","H87","0"
"100330724","31022558574P174SM","RSB E1.2 W TIERS 3P AL 1.6/2/2.5/4K 35D","","FLOR","2","0","0","H87","0"
"100330725","31022844236P001","RSB XT5 LUGSTRAP CHANNEL 30W","","FLOR","2","0","0","H87","0"
"100330726","31022844236P002","RSB XT5 LUGSTRAP CHANNEL 35W","","FLOR","2","0","0","H87","0"
"100330727","31022844236P005","RSB XT5 LUGSTRAP CHANNEL 50W","","FLOR","1","0","0","H87","0"
"100330728","31022925551P002","RSB XT5 LUGSTRAP BRACKET AL","","FLOR","2","0","0","H87","0"
"100330729","31023136587P001KT","XT5 A/C PHASE 1.2K AL 25D","","FLOR","2","0","0","H87","0"
"100330730","31023136587P012KT","XT5 A/C PHASE 1.2K CU 2KMB 40D","","FLOR","1","0","0","H87","0"
"100330731","31023136587P019KT","XT5 A/C PHASE 1.2K CU 30-80% 35D","","FLOR","3","0","0","H87","0"
"100330732","31023136587P031KT","XT5 A/C PHASE 1.2K CU 5/6KMB 55D","","FLOR","2","0","0","H87","0"
"100330733","31023136594P001KT","RSB-XT5 TIERS TERMINAL PHASE B LOWER","","FLOR","97","0","0","H87","0"
"100330734","31023136612P001KT","RSB XT5 TERMINAL-TIER PHASE B","","FLOR","101","0","0","H87","0"
"100330735","31023136613P001KT","XT5 B PHASE 1.2L CU 25D","","FLOR","4","0","0","H87","0"
"100330736","31023136613P009KT","XT5 B PHASE 2K CU 25D","","FLOR","1","0","0","H87","0"
"100330737","31023136613P012KT","XT5 B PHASE 2K CU 40D","","FLOR","1","0","0","H87","0"
"100330738","31023136613P019KT","XT5 B PHASE 30-80% CU 35D","","FLOR","3","0","0","H87","0"
"100330739","31023136613P031KT","XT5 B PHASE 5/6K CU 55D","","FLOR","2","0","0","H87","0"
"100330740","31023136859P001SM","RSB XT5 BREAKER TIER ADAPTER A/C PH","","FLOR","11","0","0","H87","0"
"100330741","31023136861P001SM","RSB-XT5 TIERS TERMINAL PHASE B LOWER","","FLOR","10","0","0","H87","0"
"100330742","31023136862P001SM","RSB-XT5 TIERS TERMINAL PHASE B UPPER","","FLOR","8","0","0","H87","0"
"100330743","31023136864P001SM","XT5 A/C PHASE AL 1.2K TIER 25D","","FLOR","2","0","0","H87","0"
"100330744","31023136864P002SM","XT5 A/C PHASE AL 1.2K TIER 30D","","FLOR","3","0","0","H87","0"
"100330745","31023136864P004SM","XT5 A/C PHASE AL 1.2K TIER 40D","","FLOR","1","0","0","H87","0"
"100330746","31023136864P019SM","XT5 A/C PHASE AL 30-80% TIER 35D","","FLOR","3","0","0","H87","0"
"100330747","31023136866P001SM","RSB XT5 TIER TERMINAL PHASE B","","FLOR","3","0","0","H87","0"
"100330748","31023136867P001SM","XT5 B PHASE 1.2K AL 25D","","FLOR","3","0","0","H87","0"
"100330749","31023136867P002SM","XT5 B PHASE 1.2K AL 30D","","FLOR","4","0","0","H87","0"
"100330750","31023136867P004SM","XT5 B PHASE 1.2K AL 40D","","FLOR","1","0","0","H87","0"
"100330751","31023136867P018SM","XT5 B PHASE 30-80% AL 30D","","FLOR","1","0","0","H87","0"
"100330752","3102340680P001SM","40A BONDING JUMPER BAR 1","","FLOR","4","0","0","H87","0"
"100330753","31023422113P001","SE REAR SUPPORT BRKT 30W","","FLOR","10","0","0","H87","0"
"100330754","31023422113P003","SE REAR SUPPORT BRKT 40W","","FLOR","2","0","0","H87","0"
"100330755","31023422113P006","SE REAR SUPPORT BRKT 55W","","FLOR","2","0","0","H87","0"
"100330756","31023422113P008","SE REAR SUPPORT BRKT 40W","","FLOR","5","0","0","H87","0"
"100330757","31023445142P003","ASM BASE PLATE QBRICK 4&6 FOR 3 STRNG 2","","FLOR","1","0","0","H87","0"
"100330758","31023445142P006","ASM BASE PLATE QBRICK 4&6 FOR 3 STRNG 4","","FLOR","2","0","0","H87","0"
"100330759","31023445142P008","ASM BASE PLATE QBRICK 4&6 FOR 3 STRNG 5","","FLOR","2","0","0","H87","0"
"100330760","31023445142P016","ASM BASE PLATE QBRICK 4&6 FOR 5 STRNG 4","","FLOR","1","0","0","H87","0"
"100330761","31023445142P018","ASM BASE PLATE QBRICK 4&6 FOR 5 STRNG 5","","FLOR","1","0","0","H87","0"
"100330762","31023445142P026","BPLT RGM-4500Q FOR 3 STRNG W/PTS 50W","","FLOR","2","0","0","H87","0"
"100330763","31023445142P034","BPLT RGM-4500Q FOR 5 STRNG W/PTS 50W","","FLOR","4","0","0","H87","0"
"100330764","31023446343P004","COVER HINGED FOR QUADLOGIC D-UNIT 30W","","FLOR","1","0","0","H87","0"
"100330765","31023446343P005","COVER HINGED FOR QUADLOGIC D-UNIT 35W","","FLOR","1","0","0","H87","0"
"100330766","31023446343P006","COVER HINGED FOR QUADLOGIC D-UNIT 40W","","FLOR","3","0","0","H87","0"
"100330767","31023446343P008","COVER HINGED FOR QUADLOGIC D-UNIT 50W","","FLOR","7","0","0","H87","0"
"100330768","31023446343P010","COVER HINGED FOR QUADLOGIC D-UNIT 60W","","FLOR","3","0","0","H87","0"
"100330769","3102345447P001SM","4000A BONDING JUMPER BAR 2","","FLOR","3","0","0","H87","0"
"100330770","31023567190P002","RSB XT7 LUGSTRAP MTG BRACING 35W CU","","FLOR","5","0","0","H87","0"
"100330771","31023567190P005","RSB XT7 LUGSTRAP MTG BRACING 50W CU","","FLOR","1","0","0","H87","0"
"100330772","31023567190P009","RSB XT7 LUGSTRAP MTG BRACING 35W AL","","FLOR","1","0","0","H87","0"
"100330773","31023573915P004","TRAY BARRIER FOR QUADLOGIC 3 STRNG 30W","","FLOR","1","0","0","H87","0"
"100330774","31023573915P014","TRAY BARRIER FOR QUADLOGIC 5 STRNG 30W","","FLOR","1","0","0","H87","0"
"100330775","31023573915P018","TRAY BARRIER FOR QUADLOGIC 5 STRNG 50W","","FLOR","3","0","0","H87","0"
"100330776","31023573915P021","TRAY BARR RGM-4500Q 3 STR RGS 15W","","FLOR","3","0","0","H87","0"
"100330777","31023573915P023","TRAY BARR RGM-4500Q 3 STR RGS 25W","","FLOR","1","0","0","H87","0"
"100330778","31023573915P024","TRAY BARR RGM-4500Q 3 STR RGS 30W","","FLOR","2","0","0","H87","0"
"100330779","31023573915P025","TRAY BARR RGM-4500Q 3 STR RGS 35W","","FLOR","1","0","0","H87","0"
"100330780","31023573915P026","TRAY BARR RGM-4500Q 3 STR RGS 40W","","FLOR","5","0","0","H87","0"
"100330781","31023573915P028","TRAY BARR RGM-4500Q 3 STR RGS 50W","","FLOR","9","0","0","H87","0"
"100330782","31023573915P030","TRAY BARR RGM-4500Q 3 STR RGS 60W","","FLOR","3","0","0","H87","0"
"100330783","31023573915P038","TRAY BARR RGM-4500Q 5 STR RGS 50W","","FLOR","1","0","0","H87","0"
"100330784","31023573917P001","SM BARR BRKT","","FLOR","10","0","0","H87","0"
"100330785","31023854499P005KT","RSB","","FLOR","94","0","0","H87","0"
"100330786","31023854499P005SM","RSB","","FLOR","2","0","0","H87","0"
"100330787","3102435384P005SM","AUX NEUT BUS LINK E42 25A AL OUT","","FLOR","4","0","0","H87","0"
"100330788","3102446492P001SM","AUX NEUT BUS E42 30A BL-TR IN","","FLOR","14","0","0","H87","0"
"100330789","3102446492P002SM","AUX NEUT BUS E42 30A BL-TR MID","","FLOR","10","0","0","H87","0"
"100330790","3102446492P003SM","AUX NEUT BUS E42 30A BL-TR OUT","","FLOR","12","0","0","H87","0"
"100330791","3102446492P005SM","AUX NEUT BUS E42 25A BL-TR OUT","","FLOR","6","0","0","H87","0"
"100330792","31024486184P001","EPP SWBD BRACE C-CHANNEL 35W","","FLOR","4","0","0","H87","0"
"100330793","31024486184P002","EPP SWBD BRACE C-CHANNEL 40W","","FLOR","3","0","0","H87","0"
"100330794","31024486184P003","EPP SWBD BRACE C-CHANNEL 45W","","FLOR","1","0","0","H87","0"
"100330795","31024486184P004","EPP SWBD BRACE C-CHANNEL 50W","","FLOR","2","0","0","H87","0"
"100330796","31024486184P009","EPP SWBD BRACE C-CHANNEL 4P 50W","","FLOR","1","0","0","H87","0"
"100330797","3102459855P001KT","E42 30A 20 OUT LEFT TIER","","FLOR","33","0","0","H87","0"
"100330798","3102459855P002KT","E42 30A 20 IN LEFT TIER","","FLOR","8","0","0","H87","0"
"100330799","3102459855P003KT","E42 30A 20 OUT RIGHT TIER","","FLOR","30","0","0","H87","0"
"100330800","3102459855P004KT","E42 30A 20 IN RIGHT TIER","","FLOR","10","0","0","H87","0"
"100330801","3102459855P005KT","E42 40A 20 OUT LEFT TIER","","FLOR","18","0","0","H87","0"
"100330802","3102459855P006KT","E42 40A 20 IN LEFT TIER","","FLOR","18","0","0","H87","0"
"100330803","3102459855P007KT","E42 40A 20 OUT RIGHT TIER","","FLOR","24","0","0","H87","0"
"100330804","3102459855P008KT","E42 40A 20 IN RIGHT TIER","","FLOR","15","0","0","H87","0"
"100330805","3102459855P013KT","E42 30A 25 OUT LEFT TIER","","FLOR","19","0","0","H87","0"
"100330806","3102459855P014KT","E42 30A 25 IN LEFT TIER","","FLOR","23","0","0","H87","0"
"100330807","3102459855P015KT","E42 30A 25 OUT RIGHT TIER","","FLOR","15","0","0","H87","0"
"100330808","3102459855P016KT","E42 30A 25 IN RIGHT TIER","","FLOR","40","0","0","H87","0"
"100330809","3102459855P017KT","E42 40A 25 OUT LEFT TIER","","FLOR","33","0","0","H87","0"
"100330810","3102459855P018KT","E42 40A 25 IN LEFT TIER","","FLOR","27","0","0","H87","0"
"100330811","3102459855P019KT","E42 40A 25 OUT RIGHT TIER","","FLOR","22","0","0","H87","0"
"100330812","3102459855P020KT","E42 40A 25 IN RIGHT TIER","","FLOR","28","0","0","H87","0"
"100330813","31024610974P001SM","XT5 A/C PHASE AL 1.2K TIER 25D","","FLOR","1","0","0","H87","0"
"100330814","31024610974P002SM","XT5 A/C PHASE AL 1.2K TIER 30D","","FLOR","3","0","0","H87","0"
"100330815","31024610974P004SM","XT5 A/C PHASE AL 1.2K TIER 40D","","FLOR","1","0","0","H87","0"
"100330816","31024610974P019SM","XT5 A/C PHASE AL 30-80% TIER 35D","","FLOR","3","0","0","H87","0"
"100330817","31024618608P001KT","XT5 A/C PHASE 1.2K AL 25D","","FLOR","3","0","0","H87","0"
"100330818","31024618608P009KT","XT5 A/C PHASE 2K CU 25D","","FLOR","1","0","0","H87","0"
"100330819","31024618608P012KT","XT5 A/C PHASE 2K CU 40D","","FLOR","1","0","0","H87","0"
"100330820","31024618608P019KT","XT5 A/C PHASE 30-80% CU 35D","","FLOR","3","0","0","H87","0"
"100330821","31024618608P031KT","XT5 A/C PHASE 5/6K CU 55D","","FLOR","2","0","0","H87","0"
"100330822","31024628949P001","XT7 Mounting Spacer","","FLOR","35","0","0","H87","0"
"100330823","31024694746P001","RSB XT5 BASEPLATE BRACING SPACER","","FLOR","1","0","0","H87","0"
"100330824","3102487450P001KT","E42 30A RISER CU","","FLOR","60","0","0","H87","0"
"100330825","3102487450P002KT","E42 30A RISER CU","","FLOR","57","0","0","H87","0"
"100330826","3102488551P001SM","E42 30A RISER AL","","FLOR","85","0","0","H87","0"
"100330827","3102488551P002SM","E42 30A RISER AL","","FLOR","111","0","0","H87","0"
"100330828","3102488551P003SM","E42 30A RISER AL","","FLOR","40","0","0","H87","0"
"100330829","3102488551P004SM","E42 30A RISER AL","","FLOR","39","0","0","H87","0"
"100330830","3102495184P002","RSC SE BARRIER EMAX W30 T20","","FLOR","9","0","0","H87","0"
"100330831","3102495184P008","RSC SE BARRIER EMAX W35","","FLOR","28","0","0","H87","0"
"100330832","31025066721P001","EMAX 4.2 BASEPLATE F 3P (CU) 35W","","FLOR","63","0","0","H87","0"
"100330833","31025066721P002","EMAX 4.2 BASEPLATE F 3P/4P (CU) 40W","","FLOR","5","0","0","H87","0"
"100330834","31025066721P003","EMAX 4.2 BASEPLATE F 3P/4P (CU) 45W","","FLOR","2","0","0","H87","0"
"100330835","31025066721P004","EMAX 4.2 BASEPLATE F 3P/4P (CU) 50W","","FLOR","3","0","0","H87","0"
"100330836","31025066721P007","EMAX 4.2 BASEPLATE F 3P (AL) 35W","","FLOR","13","0","0","H87","0"
"100330837","31025066721P009","EMAX 4.2 BASEPLATE F 3P/4P (AL) 45W","","FLOR","1","0","0","H87","0"
"100330838","31025066721P014","EMAX 4.2 BASEPLATE W 3P/4P (CU) 40W","","FLOR","2","0","0","H87","0"
"100330839","31025066721P015","EMAX 4.2 BASEPLATE W 3P/4P (CU) 45W","","FLOR","1","0","0","H87","0"
"100330840","31025269415P013","RSB E4.2 COVER-F-3P-35W-RELT-CU","","FLOR","13","0","0","H87","0"
"100330841","31025269415P014","RSB E4.2 COVER-F-3P/4P-40W-RELT-CU","","FLOR","2","0","0","H87","0"
"100330842","31025269415P015","RSB E4.2 COVER-F-3P/4P-45W-RELT-CU","","FLOR","1","0","0","H87","0"
"100330843","31025269415P016","RSB E4.2 COVER-F-3P/4P-50W-RELT-CU","","FLOR","1","0","0","H87","0"
"100330844","31025269415P062","RSB E4.2 COVER-W-3P/4P-40W-RELT-CU","","FLOR","2","0","0","H87","0"
"100330845","31025269415P067","RSB E4.2 COVER-W-3P-35W-RELT-AL","","FLOR","1","0","0","H87","0"
"100330846","31025269415P068","RSB E4.2 COVER-W-3P-40W-RELT-AL","","FLOR","3","0","0","H87","0"
"100330847","31025452408P002","NEUTRAL AL SIDE BKT 08A","","FLOR","11","0","0","H87","0"
"100330848","31025452509P004","NEUTRCU CU FRONT-TOP 30A","","FLOR","7","0","0","H87","0"
"100330849","31025454688P002","RSB E6.2 LUGSTRAP CHANNEL 5K 3P 45W","","FLOR","2","0","0","H87","0"
"100330850","31025454688P003","RSB E6.2 LUGSTRAP CHANNEL 5K 3P 50W","","FLOR","2","0","0","H87","0"
"100330851","310255325531P002SM","RSB","","FLOR","1","0","0","H87","0"
"100330852","310255325531P003SM","RSB","","FLOR","2","0","0","H87","0"
"100330853","310255325531P004SM","RSB","","FLOR","1","0","0","H87","0"
"100330854","310255325531P006SM","RSB","","FLOR","20","0","0","H87","0"
"100330855","310255325531P007SM","RSB","","FLOR","20","0","0","H87","0"
"100330856","310255325531P009SM","RSB","","FLOR","27","0","0","H87","0"
"100330857","310255325531P010SM","RSB","","FLOR","13","0","0","H87","0"
"100330858","310255325531P011SM","RSB","","FLOR","11","0","0","H87","0"
"100330859","310255325531P012SM","RSB, AL NEUTRAL DISCONNECT, 30A, 4W","","FLOR","22","0","0","H87","0"
"100330860","310255325531P013SM","RSB","","FLOR","29","0","0","H87","0"
"100330861","310255325541P003SM","SPECTRA AL NEUTRAL DISCONNECT","","FLOR","2","0","0","H87","0"
"100330862","310255325541P004SM","SPECTRA AL NEUTRAL DISCONNECT","","FLOR","1","0","0","H87","0"
"100330863","310255325541P005SM","SPECTRA AL NEUTRAL DISCONNECT","","FLOR","1","0","0","H87","0"
"100330864","310255325541P006SM","SPECTRA AL NEUTRAL DISCONNECT","","FLOR","3","0","0","H87","0"
"100330865","310255325541P007SM","SPECTRA AL NEUTRAL DISCONNECT","","FLOR","5","0","0","H87","0"
"100330866","310255325541P008SM","SPECTRA AL NEUTRAL DISCONNECT","","FLOR","3","0","0","H87","0"
"100330867","310255325541P009SM","SPECTRA AL NEUTRAL DISCONNECT","","FLOR","3","0","0","H87","0"
"100330868","310255325551P001SM","RSB","","FLOR","3","0","0","H87","0"
"100330869","310255325551P002SM","RSB","","FLOR","6","0","0","H87","0"
"100330870","310255325551P003SM","SPECTRA","","FLOR","1","0","0","H87","0"
"100330871","310255325551P004SM","SPECTRA","","FLOR","4","0","0","H87","0"
"100330872","31025950282P002KT","RSB","","FLOR","6","0","0","H87","0"
"100330874","31025950282P006KT","RSB","","FLOR","55","0","0","H87","0"
"100330875","31026029864P001SM","RSB XT5 AL LUGSTRAP","","FLOR","4","0","0","H87","0"
"100330876","31026056647P001","RSB XT5 LUGSTRAP BRACING BRACKET","","FLOR","3","0","0","H87","0"
"100330877","3102606381P001KT","30A BONDING JUMPER BAR 1","","FLOR","14","0","0","H87","0"
"100330878","3102606381P001SM","30A BONDING JUMPER BAR 1","","FLOR","19","0","0","H87","0"
"100330879","3102606471P001KT","30A BONDING JUMPER BAR 2","","FLOR","34","0","0","H87","0"
"100330880","3102606471P001SM","30A BONDING JUMPER BAR 2","","FLOR","36","0","0","H87","0"
"100330881","31026111234P005","RSB XT5 BASEPLATE CHANNEL 50W","","FLOR","1","0","0","H87","0"
"100330882","3102614310P001SM","E42 AL 30A 20 OUT TIER","","FLOR","136","0","0","H87","0"
"100330883","3102614310P002SM","E42 AL 30A 20 IN TIER","","FLOR","141","0","0","H87","0"
"100330884","3102614310P003SM","E42 AL 30A 25 OUT TIER","","FLOR","14","0","0","H87","0"
"100330885","3102614310P005SM","E42 AL 40A 20 OUT TIER","","FLOR","23","0","0","H87","0"
"100330886","3102614310P006SM","E42 AL 40A 20 IN TIER","","FLOR","24","0","0","H87","0"
"100330887","31026161919P001","RSB E1.2 LUGSTRAP BRACE BKT","","FLOR","192","0","0","H87","0"
"100330888","31026161924P001","RSB E1.2 LUGSTRAP BRACKET","","FLOR","14","0","0","H87","0"
"100330889","31026161926P001","RSB E1.2 LUGSTRAP CHANNEL 3P 30W","","FLOR","2","0","0","H87","0"
"100330890","31026161926P003","RSB E1.2 LUGSTRAP CHANNEL 3P 40W","","FLOR","1","0","0","H87","0"
"100330891","31026161926P005","RSB E1.2 LUGSTRAP CHANNEL 3P 50W","","FLOR","1","0","0","H87","0"
"100330892","31026161926P008","RSB E1.2 LUGSTRAP CHANNEL 4P 40W","","FLOR","4","0","0","H87","0"
"100330893","31026161926P010","RSB E1.2 LUGSTRAP CHANNEL 4P 50W","","FLOR","1","0","0","H87","0"
"100330894","31026162925P001SM","RSB E1.2 AL LUGSTRAP","","FLOR","28","0","0","H87","0"
"100330895","31026274490P002KT","RSB","","FLOR","2","0","0","H87","0"
"100330896","31026290507P175KT","RSB","","FLOR","1","0","0","H87","0"
"100330897","31026290507P176KT","RSB","","FLOR","1","0","0","H87","0"
"100330898","31026290507P181KT","RSB","","FLOR","1","0","0","H87","0"
"100330899","31026290507P182KT","RSB","","FLOR","1","0","0","H87","0"
"100330900","31026323698P001KT","RSB","","FLOR","2","0","0","H87","0"
"100330901","31026323698P007KT","RSB","","FLOR","1","0","0","H87","0"
"100330902","31026323698P010KT","RSB","","FLOR","2","0","0","H87","0"
"100330903","31026323698P011KT","RSB","","FLOR","3","0","0","H87","0"
"100330904","31026323698P014KT","RSB","","FLOR","4","0","0","H87","0"
"100330905","31026323698P024KT","RSB","","FLOR","6","0","0","H87","0"
"100330906","31026323700P004SM","RSB","","FLOR","4","0","0","H87","0"
"100330907","31026323704P001KT","RSB","","FLOR","9","0","0","H87","0"
"100330908","31026323704P004KT","RSB","","FLOR","2","0","0","H87","0"
"100330909","31026323704P005KT","RSB","","FLOR","3","0","0","H87","0"
"100330910","31026323704P008KT","RSB","","FLOR","4","0","0","H87","0"
"100330911","31026323704P016KT","RSB","","FLOR","3","0","0","H87","0"
"100330912","31026323706P002SM","RSB","","FLOR","4","0","0","H87","0"
"100330913","31026325473P158KT","RSB","","FLOR","2","0","0","H87","0"
"100330914","31026325473P181KT","RSB","","FLOR","2","0","0","H87","0"
"100330915","31026325473P182KT","RSB","","FLOR","2","0","0","H87","0"
"100330916","31026339191P001KT","RSB","","FLOR","15","0","0","H87","0"
"100330917","31026339191P002SM","RSB","","FLOR","8","0","0","H87","0"
"100330918","31026435178P001","RSB","","FLOR","760","0","0","H87","0"
"100330919","31026436884P001","SE BARRIER FEAT INTEGRATION 30W","","FLOR","8","0","0","H87","0"
"100330920","31026436884P004","SE BARRIER FEAT INTEGRATION 45W","","FLOR","1","0","0","H87","0"
"100330921","31026436884P006","SE BARRIER FEAT INTEGRATION 55W","","FLOR","2","0","0","H87","0"
"100330922","31026436884P011","5 SE FLAT BARRIER EXT 45W","","FLOR","1","0","0","H87","0"
"100330923","31026436884P018","10 SE FLAT BARRIER EXT 45W","","FLOR","1","0","0","H87","0"
"100330924","31026436903P002","RSB ASM SE Bkr Barr XT5-30W-35D","","FLOR","3","0","0","H87","0"
"100330925","31026436903P003","RSB ASM SE Bkr Barr XT5-35W-30D","","FLOR","1","0","0","H87","0"
"100330926","31026436903P005","RSB ASM SE Bkr Barr XT7-30W-30D","","FLOR","9","0","0","H87","0"
"100330927","31026436903P006","RSB ASM SE Bkr Barr XT7-30W-35D","","FLOR","1","0","0","H87","0"
"100330928","31026436903P007","RSB ASM SE Bkr Barr XT7-35W-30D","","FLOR","4","0","0","H87","0"
"100330929","31026436903P033","RSB ASM SE Bkr Barr E2.2W-30W-35D","","FLOR","1","0","0","H87","0"
"100330930","31026436903P063","RSB ASM SE Bkr Barr E6.2F-45W-40D","","FLOR","1","0","0","H87","0"
"100330931","31026436903P069","RSB ASM SE Bkr Barr E6.2W-40W-40D","","FLOR","2","0","0","H87","0"
"100330932","31026436903P070","RSB ASM SE Bkr Barr E6.2W-40W-45D","","FLOR","1","0","0","H87","0"
"100330933","31026436903P071","RSB ASM SE Bkr Barr E6.2W-45W-40D","","FLOR","1","0","0","H87","0"
"100330934","31026436992P001","RSB 4P SPACER FOR BRACE","","FLOR","134","0","0","H87","0"
"100330935","31026440351P001","RSB","","FLOR","4","0","0","H87","0"
"100330936","31026440351P004","RSB","","FLOR","90","0","0","H87","0"
"100330937","31026513474P002","SE Front Barrier 6","","FLOR","2","0","0","H87","0"
"100330938","31026527705P001KT","RSB E6.2 TIERS 6K MB PHA","","FLOR","1","0","0","H87","0"
"100330939","31026527705P002KT","RSB E6.2 TIERS 6K MB PHA","","FLOR","1","0","0","H87","0"
"100330940","31026527705P003KT","RSB E6.2 TIERS 6K MB PHA","","FLOR","1","0","0","H87","0"
"100330941","31026527705P004KT","RSB E6.2 TIERS 6K MB PHA","","FLOR","1","0","0","H87","0"
"100330942","31026527705P005KT","RSB E6.2 TIERS 6K MB PHA","","FLOR","1","0","0","H87","0"
"100330943","31026527705P006KT","RSB E6.2 TIERS 6K MB PHA","","FLOR","1","0","0","H87","0"
"100330944","31026527705P007KT","RSB E6.2 TIERS 6K MB PHB T35","","FLOR","1","0","0","H87","0"
"100330945","31026527705P008KT","RSB E6.2 TIERS 6K MB PHB T35","","FLOR","1","0","0","H87","0"
"100330946","31026527705P009KT","RSB E6.2 TIERS 6K MB PHB T35","","FLOR","1","0","0","H87","0"
"100330947","31026527705P010KT","RSB E6.2 TIERS 6K MB PHA","","FLOR","1","0","0","H87","0"
"100330948","31026527705P011KT","RSB E6.2 TIERS 6K MB PHA","","FLOR","1","0","0","H87","0"
"100330949","31026527705P012KT","RSB E6.2 TIERS 6K MB PHA","","FLOR","1","0","0","H87","0"
"100330950","31026527705P013KT","RSB E6.2 TIERS 6K MB PHA","","FLOR","1","0","0","H87","0"
"100330951","31026527705P014KT","RSB E6.2 TIERS 6K MB PHA","","FLOR","1","0","0","H87","0"
"100330952","31026527705P015KT","RSB E6.2 TIERS 6K MB PHA","","FLOR","1","0","0","H87","0"
"100330953","31026527705P016KT","RSB E6.2 TIERS 6K MB PHB T40","","FLOR","1","0","0","H87","0"
"100330954","31026527705P017KT","RSB E6.2 TIERS 6K MB PHB T40","","FLOR","1","0","0","H87","0"
"100330955","31026527705P018KT","RSB E6.2 TIERS 6K MB PHB T40","","FLOR","1","0","0","H87","0"
"100330956","31026737377P004KT","RSB","","FLOR","1","0","0","H87","0"
"100330957","31026737377P005KT","RSB","","FLOR","1","0","0","H87","0"
"100330958","31026737377P006KT","RSB","","FLOR","1","0","0","H87","0"
"100330959","31026874023P001","RSB E6.2 5K LUGSTRAP SIDE BRACKET","","FLOR","1","0","0","H87","0"
"100330960","3102688781P001KT","E22 20A CU RISERS PHB","","FLOR","14","0","0","H87","0"
"100330961","3102688781P002KT","E22 20A CU RISERS PHA/C","","FLOR","18","0","0","H87","0"
"100330962","31026938212P001SM","RSB","","FLOR","1","0","0","H87","0"
"100330963","31026938212P002SM","RSB","","FLOR","1","0","0","H87","0"
"100330964","31026938212P003SM","RSB","","FLOR","1","0","0","H87","0"
"100330965","31026938212P004SM","RSB","","FLOR","1","0","0","H87","0"
"100330966","31026938212P005SM","RSB","","FLOR","1","0","0","H87","0"
"100330967","31026938212P006SM","RSB","","FLOR","1","0","0","H87","0"
"100330968","31026938212P007SM","RSB","","FLOR","1","0","0","H87","0"
"100330969","31026938212P008SM","RSB","","FLOR","1","0","0","H87","0"
"100330970","31026938212P009SM","RSB","","FLOR","1","0","0","H87","0"
"100330971","31026938212P010SM","RSB","","FLOR","1","0","0","H87","0"
"100330972","31026938212P011SM","RSB","","FLOR","1","0","0","H87","0"
"100330973","31026938212P012SM","RSB","","FLOR","1","0","0","H87","0"
"100330974","31026957246P002KT","RSB E6.2 F NEUT UP 5K MB T30","","FLOR","1","0","0","H87","0"
"100330975","31026957246P004KT","RSB E6.2 F NEUT UP 5K MB T35","","FLOR","2","0","0","H87","0"
"100330976","31026976357P004KT","RSB","","FLOR","2","0","0","H87","0"
"100330977","31026976357P005KT","RSB","","FLOR","2","0","0","H87","0"
"100330978","31026976357P006KT","RSB","","FLOR","1","0","0","H87","0"
"100330979","3102705042P003KT","E22 12A CU TIERS RIGHT T20","","FLOR","12","0","0","H87","0"
"100330980","3102705042P004KT","E22 12A CU TIERS LEFT T20","","FLOR","12","0","0","H87","0"
"100330981","3102705042P007KT","E22 20A CU TIERS RIGHT T20","","FLOR","9","0","0","H87","0"
"100330982","3102705042P008KT","E22 20A CU TIERS LEFT T20","","FLOR","23","0","0","H87","0"
"100330983","3102705042P011KT","E22 30A CU TIERS RIGHT T20","","FLOR","1","0","0","H87","0"
"100330984","3102705042P012KT","E22 30A CU TIERS LEFT T20","","FLOR","1","0","0","H87","0"
"100330985","3102705042P015KT","E22 40A CU TIERS RIGHT T20","","FLOR","6","0","0","H87","0"
"100330986","3102705042P016KT","E22 40A CU TIERS LEFT T20","","FLOR","6","0","0","H87","0"
"100330987","3102738308P002","BRACKET BRACING LUG STRAPS E22 T20","","FLOR","34","0","0","H87","0"
"100330988","3102738309P001","BRACKET BRACING LUG STRAPS E42 T20","","FLOR","1","0","0","H87","0"
"100330989","31027417479P003SM","RSB","","FLOR","1","0","0","H87","0"
"100330990","31027417479P004SM","RSB","","FLOR","1","0","0","H87","0"
"100330991","3102741778P002","Bracing E22 LugStrap","","FLOR","3","0","0","H87","0"
"100330992","3102747584P003SM","E22 12A AL TIERS RIGHT T20","","FLOR","6","0","0","H87","0"
"100330993","3102747584P004SM","E22 12A AL TIERS LEFT T20","","FLOR","6","0","0","H87","0"
"100330994","3102747584P007SM","E22 20A AL TIERS RIGHT T20","","FLOR","50","0","0","H87","0"
"100330995","3102747584P008SM","E22 20A AL TIERS LEFT T20","","FLOR","59","0","0","H87","0"
"100330996","3102747584P011SM","E22 30A AL TIERS RIGHT T20","","FLOR","3","0","0","H87","0"
"100330997","3102747584P012SM","E22 30A AL TIERS LEFT T20","","FLOR","7","0","0","H87","0"
"100330998","3102747584P015SM","E22 40A AL TIERS RIGHT T20","","FLOR","15","0","0","H87","0"
"100330999","3102747584P016SM","E22 40A AL TIERS LEFT T20","","FLOR","14","0","0","H87","0"
"100331000","3102747584P018SM","E22 12A AL TIERS RIGHT 2 T20","","FLOR","5","0","0","H87","0"
"100331001","3102747584P020SM","E22 20A AL TIERS RIGHT 2 T20","","FLOR","58","0","0","H87","0"
"100331002","3102747584P022SM","E22 30A AL TIERS 2 RIGHT T20","","FLOR","4","0","0","H87","0"
"100331003","3102747584P024SM","E22 40A AL TIERS 2 RIGHT T20","","FLOR","18","0","0","H87","0"
"100331004","31027607989P05SM","RSB","","FLOR","1","0","0","H87","0"
"100331005","31027607989P06KT","RSB","","FLOR","1","0","0","H87","0"
"100331006","31027640841P001","CT VP BRCKT FOR RGM-4500Q","","FLOR","108","0","0","H87","0"
"100331007","31027647040P001","CT CP BRKT FOR RGM-4500Q","","FLOR","14","0","0","H87","0"
"100331008","31027647057P001","CT CP BKT RGM-4500Q CTR PNL 30W XT1","","FLOR","6","0","0","H87","0"
"100331009","3102771199P002SM","E22 20A AL RISERS PHB","","FLOR","31","0","0","H87","0"
"100331010","3102772249P001KT","CU LUG STRAP E22 OUT PHASE A","","FLOR","15","0","0","H87","0"
"100331011","3102772249P002KT","CU LUG STRAP E22 IN PHASE A","","FLOR","16","0","0","H87","0"
"100331012","3102772249P003KT","CU LUG STRAP E22 OUT PHASE B","","FLOR","8","0","0","H87","0"
"100331013","3102772249P004KT","CU LUG STRAP E22 IN PHASE B","","FLOR","14","0","0","H87","0"
"100331014","3102772249P005KT","CU LUG STRAP E22 OUT PHASE C","","FLOR","16","0","0","H87","0"
"100331015","3102772249P006KT","CU LUG STRAP E22 IN PHASE C","","FLOR","16","0","0","H87","0"
"100331016","3102772250P004SM","Al Lug Strap E22 In Phase B","","FLOR","72","0","0","H87","0"
"100331017","31027910610P002","EMAX E1.2 W MAIN BARRIER BRACKET 4P","","FLOR","174","0","0","H87","0"
"100331018","31027959619P001","EMAX E1.2 F REAR MTG BRACKET 3P","","FLOR","24","0","0","H87","0"
"100331019","31027959639P001","EMAX E1.2 TERMINAL BARRIER BRACKET","","FLOR","1107","0","0","H87","0"
"100331020","31027964192P001","EMAX E1.2 TERMINAL BARRIER F","","FLOR","4","0","0","H87","0"
"100331021","31027964192P002","EMAX E1.2 TERMINAL BARRIER W","","FLOR","243","0","0","H87","0"
"100331022","31028025321P002","RSB TOOL BARRIER REAR FLANGE 35W","","FLOR","35","0","0","H87","0"
"100331023","31028025321P004","RSB TOOL BARRIER REAR FLANGE 45W","","FLOR","3","0","0","H87","0"
"100331024","31028564830P001","LEFT SE SUPP BRKT","","FLOR","2","0","0","H87","0"
"100331025","31028564830P002","LEFT SE SUPP BRKT","","FLOR","8","0","0","H87","0"
"100331026","31028564830P003","LEFT SE SUPP BRKT","","FLOR","5","0","0","H87","0"
"100331027","31028564831P001","RIGHT SE SUPP BRKT","","FLOR","2","0","0","H87","0"
"100331028","31028564831P002","RIGHT SE SUPP BRKT","","FLOR","4","0","0","H87","0"
"100331029","31028564831P003","RIGHT SE SUPP BRKT","","FLOR","5","0","0","H87","0"
"100331030","31028567842P002","XT7 Frame Front Barr","","FLOR","18","0","0","H87","0"
"100331031","31028586406P002","SE Front XT7 STRG BRKT","","FLOR","18","0","0","H87","0"
"100331032","31028836538P003","RSB TOOL BARRIER STRINGER BKT 3 ST","","FLOR","42","0","0","H87","0"
"100331033","31028895066P001KT","XT5 B PHASE T15 CU","","FLOR","5","0","0","H87","0"
"100331034","31028895066P005KT","XT5 B PHASE ZERO T20 CU","","FLOR","2","0","0","H87","0"
"100331035","31028895067P001KT","XT5 A/C PHASE TIER T15 CU","","FLOR","4","0","0","H87","0"
"100331036","31028895067P003KT","XT5 A/C PHASE TIER T25 CU","","FLOR","1","0","0","H87","0"
"100331037","31028895067P004KT","XT5 A/C PHASE TIER T30 CU","","FLOR","1","0","0","H87","0"
"100331038","31028895067P005KT","XT5 A/C PHASE ZERO TIER T20 CU","","FLOR","2","0","0","H87","0"
"100331039","31028895068P001KT","XT5 A/C PHASE TIER T15 CU","","FLOR","3","0","0","H87","0"
"100331040","31028895068P003KT","XT5 A/C PHASE TIER T25 CU","","FLOR","1","0","0","H87","0"
"100331041","31028895068P004KT","XT5 A/C PHASE TIER T30 CU","","FLOR","1","0","0","H87","0"
"100331042","31028895068P005KT","XT5 A/C PHASE ZERO TIER T20 CU","","FLOR","1","0","0","H87","0"
"100331043","31028895070P004KT","XT5 B PHASE BTM T30 CU","","FLOR","1","0","0","H87","0"
"100331044","31028895120P001KT","INNER TERMINALS PHB CU XT5","","FLOR","3","0","0","H87","0"
"100331045","31028895124P001KT","INNER TERMINALS PHB CU XT5","","FLOR","4","0","0","H87","0"
"100331046","31028895127P001KT","XT5 TIER TERMINAL PHASE B","","FLOR","4","0","0","H87","0"
"100331047","31028896663P001","RSB TB XT5","","FLOR","1","0","0","H87","0"
"100331048","3102899767P001KT","40A Bonding Jumper Bar 2","","FLOR","4","0","0","H87","0"
"100331049","3102903046P001KT","40A Bonding Jumper Bar 1","","FLOR","2","0","0","H87","0"
"100331050","3102903046P001SM","40A Bonding Jumper Bar 1","","FLOR","1","0","0","H87","0"
"100331051","31029217058P001SM","INNER TERMINALS PHB AL XT5","","FLOR","3","0","0","H87","0"
"100331052","31029217059P001SM","XT5 TIER TERMINAL PHASE B","","FLOR","8","0","0","H87","0"
"100331053","31029217060P001SM","XT5 A/C PHASE TIER T15 AL","","FLOR","10","0","0","H87","0"
"100331054","31029217061P001SM","INNER TERMINALS PHB AL XT5","","FLOR","4","0","0","H87","0"
"100331055","31029217062P006SM","XT5 B PHASE T15 AL","","FLOR","12","0","0","H87","0"
"100331056","31029217062P010SM","XT5 B PHASE ZERO T20 AL","","FLOR","1","0","0","H87","0"
"100331057","31029217064P001SM","TIER TERMINAL XT5","","FLOR","11","0","0","H87","0"
"100331058","31029217065P001SM","XT5 A/C PHASE TIER T15 AL","","FLOR","12","0","0","H87","0"
"100331059","31029217066P001SM","XT5 A/C PHASE BTM TIER T15 AL","","FLOR","3","0","0","H87","0"
"100331060","31029217066P003SM","XT5 A/C PHASE BTM TIER T25 AL","","FLOR","1","0","0","H87","0"
"100331061","31029217066P004SM","XT5 A/C PHASE BTM TIER T30 AL","","FLOR","1","0","0","H87","0"
"100331062","31029217067P001SM","XT5 A/C PHASE BTM TIER T15 AL","","FLOR","1","0","0","H87","0"
"100331063","31029217067P003SM","XT5 A/C PHASE BTM TIER T25 AL","","FLOR","1","0","0","H87","0"
"100331064","31029217067P004SM","XT5 A/C PHASE BTM TIER T30 AL","","FLOR","1","0","0","H87","0"
"100331065","31029217068P008SM","XT5 B PHASE BTM T25 AL","","FLOR","1","0","0","H87","0"
"100331066","31029217068P009SM","XT5 B PHASE BTM T30 AL","","FLOR","1","0","0","H87","0"
"100331067","31029221303P003SM","XT7 AL BTM TIERS T25","","FLOR","1","0","0","H87","0"
"100331068","31029221304P003SM","XT7 AL BTM TIERS T25","","FLOR","1","0","0","H87","0"
"100331069","31029221305P003SM","XT7 AL BTM TIERS T25","","FLOR","1","0","0","H87","0"
"100331070","31029221306P003SM","XT7 AL BTM TIERS T25","","FLOR","1","0","0","H87","0"
"100331071","31029221310P003SM","XT7 AL BTM TIERS T25","","FLOR","1","0","0","H87","0"
"100331072","31029315330P001KT","TIER TERMINAL XT5","","FLOR","2","0","0","H87","0"
"100331073","31029512340P003","BRACING CHANNEL 40W","","FLOR","6","0","0","H87","0"
"100331074","3102978627p001","BUS STACK SHIPPING BRACKET","","FLOR","2","0","0","H87","0"
"100331075","31029935321P014","RGXT","","FLOR","15","0","0","H87","0"
"100331076","31029935321P015","RGXT","","FLOR","10","0","0","H87","0"
"100331077","31029935321P016","RGXT","","FLOR","31","0","0","H87","0"
"100331078","31029935321P019","RGXT","","FLOR","16","0","0","H87","0"
"100331079","31029935321P020","RGXT","","FLOR","24","0","0","H87","0"
"100331080","31029935321P021","RGXT","","FLOR","7","0","0","H87","0"
"100331081","31029935321P022","RGXT","","FLOR","3","0","0","H87","0"
"100331082","31029973107P005KT","ReliaGear","","FLOR","1","0","0","H87","0"
"100331083","31029973107P007KT","ReliaGear","","FLOR","16","0","0","H87","0"
"100331084","31029973107P008KT","ReliaGear","","FLOR","15","0","0","H87","0"
"100331085","31029973107P009KT","ReliaGear","","FLOR","13","0","0","H87","0"
"100331086","31029973107P010KT","ReliaGear","","FLOR","17","0","0","H87","0"
"100331087","31029973107P011KT","ReliaGear","","FLOR","12","0","0","H87","0"
"100331088","31029973107P012KT","ReliaGear","","FLOR","12","0","0","H87","0"
"100331089","31029973107P013SM","ReliaGear","","FLOR","3","0","0","H87","0"
"100331090","31029973107P014KT","ReliaGear","","FLOR","1","0","0","H87","0"
"100331091","31029973107P014SM","ReliaGear","","FLOR","3","0","0","H87","0"
"100331092","31029973107P015KT","ReliaGear","","FLOR","1","0","0","H87","0"
"100331093","31029973107P015SM","ReliaGear","","FLOR","3","0","0","H87","0"
"100331094","31029973107P016SM","ReliaGear","","FLOR","3","0","0","H87","0"
"100331095","31029973107P017KT","ReliaGear","","FLOR","2","0","0","H87","0"
"100331096","31029973107P017SM","ReliaGear","","FLOR","3","0","0","H87","0"
"100331097","31029973107P018SM","ReliaGear","","FLOR","3","0","0","H87","0"
"100331098","31029973107P031KT","ReliaGear","","FLOR","1","0","0","H87","0"
"100331099","31029973107P036KT","ReliaGear","","FLOR","2","0","0","H87","0"
"100331100","31029973107P055KT","RELIAGEAR","","FLOR","1","0","0","H87","0"
"100331101","31029973107P055SM","ReliaGear","","FLOR","1","0","0","H87","0"
"100331102","31029973107P059KT","RELIAGEAR","","FLOR","4","0","0","H87","0"
"100331103","31029973107P061KT","ReliaGear","","FLOR","1","0","0","H87","0"
"100331104","31029973107P062KT","ReliaGear","","FLOR","1","0","0","H87","0"
"100331105","31029973107P063KT","ReliaGear","","FLOR","1","0","0","H87","0"
"100331106","31029973107P064KT","ReliaGear","","FLOR","1","0","0","H87","0"
"100331107","31029973107P065KT","ReliaGear","","FLOR","1","0","0","H87","0"
"100331108","31029973107P077KT","ReliaGear","","FLOR","7","0","0","H87","0"
"100331109","31029973107P078KT","ReliaGear","","FLOR","3","0","0","H87","0"
"100331110","31029973107P079KT","ReliaGear","","FLOR","5","0","0","H87","0"
"100331111","31029973107P080KT","ReliaGear","","FLOR","5","0","0","H87","0"
"100331112","31029973107P081KT","ReliaGear","","FLOR","5","0","0","H87","0"
"100331113","31029973107P082KT","ReliaGear","","FLOR","5","0","0","H87","0"
"100331114","31029973107P083KT","ReliaGear","","FLOR","5","0","0","H87","0"
"100331115","31029973107P084KT","ReliaGear","","FLOR","5","0","0","H87","0"
"100331116","31029973107P085KT","ReliaGear","","FLOR","2","0","0","H87","0"
"100331117","31029973107P086KT","ReliaGear","","FLOR","2","0","0","H87","0"
"100331118","31029973107P087KT","ReliaGear","","FLOR","2","0","0","H87","0"
"100331119","31029973107P088KT","ReliaGear","","FLOR","2","0","0","H87","0"
"100331120","31029973107P089KT","ReliaGear","","FLOR","2","0","0","H87","0"
"100331121","31029973107P090KT","ReliaGear","","FLOR","2","0","0","H87","0"
"100331122","31029973107P097KT","ReliaGear","","FLOR","1","0","0","H87","0"
"100331123","31029973107P098KT","ReliaGear","","FLOR","1","0","0","H87","0"
"100331124","31029973107P099KT","ReliaGear","","FLOR","1","0","0","H87","0"
"100331125","31029973107P100KT","ReliaGear","","FLOR","1","0","0","H87","0"
"100331126","31029973107P101KT","ReliaGear","","FLOR","1","0","0","H87","0"
"100331127","31029973107P102KT","ReliaGear","","FLOR","1","0","0","H87","0"
"100331128","31029973107P103KT","RELIAGEAR","","FLOR","6","0","0","H87","0"
"100331129","31029973107P104KT","RELIAGEAR","","FLOR","4","0","0","H87","0"
"100331130","31029973107P105KT","RELIAGEAR","","FLOR","11","0","0","H87","0"
"100331131","31029973107P106KT","RELIAGEAR","","FLOR","4","0","0","H87","0"
"100331132","31029973107P107KT","RELIAGEAR","","FLOR","11","0","0","H87","0"
"100331133","31029973107P108KT","RELIAGEAR","","FLOR","16","0","0","H87","0"
"100331134","31029973107P115KT","RELIAGEAR","","FLOR","2","0","0","H87","0"
"100331135","31029973107P116KT","RELIAGEAR","","FLOR","2","0","0","H87","0"
"100331136","31029973107P117KT","RELIAGEAR","","FLOR","2","0","0","H87","0"
"100331137","31029973107P118KT","RELIAGEAR","","FLOR","2","0","0","H87","0"
"100331138","31029973107P119KT","RELIAGEAR","","FLOR","2","0","0","H87","0"
"100331139","31029973107P120KT","RELIAGEAR","","FLOR","2","0","0","H87","0"
"100331140","31029973107P126SM","ReliaGear","","FLOR","1","0","0","H87","0"
"100331141","31029973107P127KT","ReliaGear","","FLOR","1","0","0","H87","0"
"100331142","31029973107P128KT","ReliaGear","","FLOR","1","0","0","H87","0"
"100331143","31029973107P129KT","ReliaGear","","FLOR","1","0","0","H87","0"
"100331144","31029973107P130KT","ReliaGear","","FLOR","1","0","0","H87","0"
"100331145","31029973107P131KT","ReliaGear","","FLOR","1","0","0","H87","0"
"100331146","31029973107P132KT","ReliaGear","","FLOR","1","0","0","H87","0"
"100331147","31029973107P151KT","ReliaGear","","FLOR","2","0","0","H87","0"
"100331148","31029973107P152KT","ReliaGear","","FLOR","2","0","0","H87","0"
"100331149","31029973107P153KT","ReliaGear","","FLOR","2","0","0","H87","0"
"100331150","31029973107P154KT","ReliaGear","","FLOR","2","0","0","H87","0"
"100331151","31029973107P155KT","ReliaGear","","FLOR","2","0","0","H87","0"
"100331152","31029973107P156KT","ReliaGear","","FLOR","2","0","0","H87","0"
"100331153","31029973107P169SM","ReliaGear","","FLOR","1","0","0","H87","0"
"100331154","31029973107P170SM","ReliaGear","","FLOR","1","0","0","H87","0"
"100331155","31029973107P171SM","ReliaGear","","FLOR","1","0","0","H87","0"
"100331156","31029973107P172SM","ReliaGear","","FLOR","1","0","0","H87","0"
"100331157","31029973107P173SM","ReliaGear","","FLOR","1","0","0","H87","0"
"100331158","31029973107P174SM","ReliaGear","","FLOR","1","0","0","H87","0"
"100331159","31029973107P175KT","ReliaGear","","FLOR","1","0","0","H87","0"
"100331160","31029973107P176KT","ReliaGear","","FLOR","1","0","0","H87","0"
"100331161","31029973107P177KT","ReliaGear","","FLOR","1","0","0","H87","0"
"100331162","31029973107P178KT","ReliaGear","","FLOR","1","0","0","H87","0"
"100331163","31029973107P179KT","ReliaGear","","FLOR","1","0","0","H87","0"
"100331164","31029973107P180KT","ReliaGear","","FLOR","1","0","0","H87","0"
"100331165","31029980742P066","35W 1S 16X","","FLOR","2","0","0","H87","0"
"100331166","31029980742P067","35W 1S 24X","","FLOR","6","0","0","H87","0"
"100331167","31029980742P068","35W 1S 24X","","FLOR","3","0","0","H87","0"
"100331168","31029980742P072","40W 1S 24X","","FLOR","4","0","0","H87","0"
"100331169","31029980742P073","40W 1S 24X","","FLOR","1","0","0","H87","0"
"100331170","31029980742P074","40W 1S 40X T/B","","FLOR","2","0","0","H87","0"
"100331171","31030032942P005","MIDBUS CU","","FLOR","242","0","0","H87","0"
"100331172","31030032942P006","MIDBUS CU","","FLOR","181","0","0","H87","0"
"100331173","31030032942P007","MIDBUS CU","","FLOR","122","0","0","H87","0"
"100331174","31030032942P008","MIDBUS CU","","FLOR","67","0","0","H87","0"
"100331175","31030032942P009","MIDBUS CU","","FLOR","31","0","0","H87","0"
"100331176","31030032942P011","MIDBUS CU","","FLOR","224","0","0","H87","0"
"100331177","31030032942P012","MIDBUS CU","","FLOR","266","0","0","H87","0"
"100331178","31030032942P013","MIDBUS CU","","FLOR","45","0","0","H87","0"
"100331179","31030032942P014","MIDBUS CU","","FLOR","112","0","0","H87","0"
"100331180","31030032942P015","MIDBUS CU","","FLOR","126","0","0","H87","0"
"100331181","31030032942P016","MIDBUS CU","","FLOR","33","0","0","H87","0"
"100331182","31030032942P017","MIDBUS CU","","FLOR","60","0","0","H87","0"
"100331183","31030032942P020","MIDBUS CU","","FLOR","156","0","0","H87","0"
"100331184","31030040995P002","WING BARR BRKT 6.8","","FLOR","2","0","0","H87","0"
"100331185","31030080741P002","STRAP WING BARRIER 40X 10W","","FLOR","1","0","0","H87","0"
"100331186","31030080741P004","STRAP WING BARRIER 40X 15W","","FLOR","25","0","0","H87","0"
"100331187","31030080741P005","STRAP WING BARRIER 40X 20W","","FLOR","26","0","0","H87","0"
"100331188","31030080741P006","STRAP WING BARRIER 32/48X 5W","","FLOR","1","0","0","H87","0"
"100331189","31030080741P007","STRAP WING BARRIER 32/48X 10W","","FLOR","1","0","0","H87","0"
"100331190","31030080741P009","STRAP WING BARRIER 32/48X 15W","","FLOR","2","0","0","H87","0"
"100331191","31030080741P010","STRAP WING BARRIER 32/48X 20W","","FLOR","1","0","0","H87","0"
"100331192","31030080741P017","STRAP WING BARRIER 40/56X 10W","","FLOR","1","0","0","H87","0"
"100331193","31030080741P020","STRAP WING BARRIER 40/56X 20W","","FLOR","1","0","0","H87","0"
"100331194","31030080741P021","STRAP WING BARRIER 32/40/48/56X 5W","","FLOR","1","0","0","H87","0"
"100331195","31030080741P022","STRAP WING BARRIER 32/40/48/56X 10W","","FLOR","3","0","0","H87","0"
"100331196","31030080741P024","STRAP WING BARRIER 32/40/48/56X 15W","","FLOR","2","0","0","H87","0"
"100331197","31030080741P025","STRAP WING BARRIER 32/40/48/56X 20W","","FLOR","13","0","0","H87","0"
"100331198","31030080741P042","STRAP WING BARRIER 40/48/56X 10W","","FLOR","1","0","0","H87","0"
"100331199","31030080741P044","STRAP WING BARRIER 40/48/56X 15W","","FLOR","2","0","0","H87","0"
"100331200","31030080741P045","STRAP WING BARRIER 40/48/56X 20W","","FLOR","10","0","0","H87","0"
"100331201","31030080741P054","STRAP WING BARRIER 40X 15W","","FLOR","10","0","0","H87","0"
"100331202","31030918538P013","RGXT","","FLOR","2","0","0","H87","0"
"100331203","31030918538P014","RGXT","","FLOR","2","0","0","H87","0"
"100331204","31030918538P016","RGXT","","FLOR","7","0","0","H87","0"
"100331205","31030918538P017","RGXT","","FLOR","7","0","0","H87","0"
"100331206","31030918538P018","RGXT","","FLOR","7","0","0","H87","0"
"100331207","31030918539P016","RGXT JMP 08-12A PHA 40/48X UP","","FLOR","2","0","0","H87","0"
"100331208","31031000075P001KT","ReliaGear","","FLOR","11","0","0","H87","0"
"100331209","31031000075P002KT","ReliaGear","","FLOR","11","0","0","H87","0"
"100331210","31031000075P003KT","ReliaGear","","FLOR","11","0","0","H87","0"
"100331211","31031000075P004KT","ReliaGear","","FLOR","9","0","0","H87","0"
"100331212","31031000075P005KT","ReliaGear","","FLOR","8","0","0","H87","0"
"100331213","31031000075P006KT","ReliaGear","","FLOR","11","0","0","H87","0"
"100331214","31031000075P007KT","RELIAGEAR","","FLOR","8","0","0","H87","0"
"100331215","31031000075P008KT","RELIAGEAR","","FLOR","8","0","0","H87","0"
"100331216","31031000075P009KT","RELIAGEAR","","FLOR","5","0","0","H87","0"
"100331217","31031000075P010KT","RELIAGEAR","","FLOR","7","0","0","H87","0"
"100331218","31031000075P011KT","RELIAGEAR","","FLOR","5","0","0","H87","0"
"100331219","31031000075P012KT","RELIAGEAR","","FLOR","10","0","0","H87","0"
"100331220","31031000075P019KT","ReliaGear","","FLOR","1","0","0","H87","0"
"100331221","31031000075P023KT","ReliaGear","","FLOR","1","0","0","H87","0"
"100331222","31031000075P024KT","ReliaGear","","FLOR","1","0","0","H87","0"
"100331223","31031000075P025KT","ReliaGear","","FLOR","2","0","0","H87","0"
"100331224","31031000075P026KT","ReliaGear","","FLOR","2","0","0","H87","0"
"100331225","31031000075P027KT","ReliaGear","","FLOR","2","0","0","H87","0"
"100331226","31031000075P028KT","ReliaGear","","FLOR","2","0","0","H87","0"
"100331227","31031000075P029KT","ReliaGear","","FLOR","2","0","0","H87","0"
"100331228","31031000075P030KT","ReliaGear","","FLOR","2","0","0","H87","0"
"100331229","31031000075P049KT","ReliaGear","","FLOR","3","0","0","H87","0"
"100331230","31031000075P050KT","ReliaGear","","FLOR","1","0","0","H87","0"
"100331231","31031000075P051KT","ReliaGear","","FLOR","2","0","0","H87","0"
"100331232","31031000075P052KT","ReliaGear","","FLOR","1","0","0","H87","0"
"100331233","31031000075P053KT","ReliaGear","","FLOR","1","0","0","H87","0"
"100331234","31031000075P054KT","ReliaGear","","FLOR","1","0","0","H87","0"
"100331235","31031000075P055KT","RELIAGEAR, FNT STRAP 20A 30D T15 PHA","","FLOR","5","0","0","H87","0"
"100331236","31031000075P056KT","RELIAGEAR, BK STRAP 20A 30D T15 PHA","","FLOR","10","0","0","H87","0"
"100331237","31031000075P057KT","RELIAGEAR, FNT STRAP, 20A 30D T15 PHB","","FLOR","1","0","0","H87","0"
"100331238","31031000075P058KT","RELIAGEAR, BK STRAP, 20A 30D T15 PHB","","FLOR","11","0","0","H87","0"
"100331239","31031000075P059KT","RELIAGEAR, FNT STRAP, 20A 30D T15 PHC","","FLOR","10","0","0","H87","0"
"100331240","31031000075P060KT","RELIAGEAR, BK STRAP, 20A 30D T15 PHC","","FLOR","16","0","0","H87","0"
"100331241","31031000075P067KT","RELIAGEAR","","FLOR","5","0","0","H87","0"
"100331242","31031000075P069KT","RELIAGEAR","","FLOR","2","0","0","H87","0"
"100331243","31031000075P070KT","RELIAGEAR","","FLOR","1","0","0","H87","0"
"100331244","31031000075P073KT","ReliaGear","","FLOR","1","0","0","H87","0"
"100331245","31031000075P074KT","ReliaGear","","FLOR","1","0","0","H87","0"
"100331246","31031000075P075KT","ReliaGear","","FLOR","1","0","0","H87","0"
"100331247","31031000075P076KT","ReliaGear","","FLOR","1","0","0","H87","0"
"100331248","31031000075P077KT","ReliaGear","","FLOR","1","0","0","H87","0"
"100331249","31031000075P078KT","ReliaGear","","FLOR","1","0","0","H87","0"
"100331250","31031000075P121KT","ReliaGear","","FLOR","1","0","0","H87","0"
"100331251","31031000075P122KT","ReliaGear","","FLOR","1","0","0","H87","0"
"100331252","31031000075P123KT","ReliaGear","","FLOR","1","0","0","H87","0"
"100331253","31031000075P124KT","ReliaGear","","FLOR","1","0","0","H87","0"
"100331254","31031000075P125KT","ReliaGear","","FLOR","1","0","0","H87","0"
"100331255","31031000075P126KT","ReliaGear","","FLOR","1","0","0","H87","0"
"100331256","31031049652P004","MIDBUS CU","","FLOR","7","0","0","H87","0"
"100331258","31031049652P006","MIDBUS CU","","FLOR","7","0","0","H87","0"
"100331259","31031049652P012","MIDBUS CU, SWBD EPP XT 48X","","FLOR","3","0","0","H87","0"
"100331260","31031049652P014","MIDBUS CU","","FLOR","3","0","0","H87","0"
"100331261","31031049652P015","MIDBUS CU","","FLOR","34","0","0","H87","0"
"100331262","31031049652P016","MIDBUS CU","","FLOR","19","0","0","H87","0"
"100331263","31031049652P017","MIDBUS CU","","FLOR","19","0","0","H87","0"
"100331264","31031049652P018","MIDBUS CU","","FLOR","4","0","0","H87","0"
"100331265","31031049652P020","MIDBUS CU, SWBD EPP XT 32/40X, TIN","","FLOR","8","0","0","H87","0"
"100331266","31031049652P021","MIDBUS CU","","FLOR","6","0","0","H87","0"
"100331267","31031049652P022","MIDBUS CU","","FLOR","10","0","0","H87","0"
"100331268","31031049652P026","MIDBUS CU","","FLOR","1","0","0","H87","0"
"100331269","31031049652P027","MIDBUS CU","","FLOR","10","0","0","H87","0"
"100331270","31031049652P029","MIDBUS CU","","FLOR","1","0","0","H87","0"
"100331271","31031049652P030","MIDBUS CU","","FLOR","9","0","0","H87","0"
"100331272","31031049652P031","MIDBUS CU","","FLOR","8","0","0","H87","0"
"100331273","31031049652P032","MIDBUS CU","","FLOR","2","0","0","H87","0"
"100331274","31031049652P033","MIDBUS CU, SWBD EPP XT 48X, TIN","","FLOR","8","0","0","H87","0"
"100331275","31031049652P034","MIDBUS CU, SWBD EPP XT 48X, TIN","","FLOR","16","0","0","H87","0"
"100331276","31031049652P035","MIDBUS CU, SWBD EPP XT 48X, TIN","","FLOR","16","0","0","H87","0"
"100331277","31031049652P036","MIDBUS CU","","FLOR","16","0","0","H87","0"
"100331278","31031049652P037","MIDBUS CU","","FLOR","8","0","0","H87","0"
"100331279","31031049652P038","MIDBUS CU","","FLOR","8","0","0","H87","0"
"100331280","31031113861P001SM","STRAP RISER CONN","","FLOR","5","0","0","H87","0"
"100331281","31031225478P001","STRINGER SPRT XT5 BRKT","","FLOR","1","0","0","H87","0"
"100331282","31031335783P001SM","RELIAGEAR","","FLOR","1","0","0","H87","0"
"100331283","31031335783P002SM","RELIAGEAR","","FLOR","2","0","0","H87","0"
"100331284","31031335783P003SM","RELIAGEAR","","FLOR","2","0","0","H87","0"
"100331285","31031335783P004SM","RELIAGEAR","","FLOR","2","0","0","H87","0"
"100331286","31031335783P005SM","RELIAGEAR","","FLOR","2","0","0","H87","0"
"100331287","31031335783P006SM","RELIAGEAR","","FLOR","2","0","0","H87","0"
"100331288","31031335783P007SM","RELIAGEAR","","FLOR","2","0","0","H87","0"
"100331289","31031335783P009SM","RELIAGEAR","","FLOR","1","0","0","H87","0"
"100331290","31031335783P010SM","RELIAGEAR","","FLOR","1","0","0","H87","0"
"100331291","31031335783P011SM","RELIAGEAR","","FLOR","4","0","0","H87","0"
"100331292","31031335783P012SM","RELIAGEAR","","FLOR","7","0","0","H87","0"
"100331293","31031335783P013SM","RELIAGEAR","","FLOR","1","0","0","H87","0"
"100331294","31031335783P014SM","RELIAGEAR","","FLOR","1","0","0","H87","0"
"100331295","31031335783P015SM","RELIAGEAR","","FLOR","1","0","0","H87","0"
"100331296","31031335783P016SM","RELIAGEAR","","FLOR","1","0","0","H87","0"
"100331297","31031335783P017SM","RELIAGEAR","","FLOR","1","0","0","H87","0"
"100331298","31031335783P018SM","RELIAGEAR","","FLOR","1","0","0","H87","0"
"100331299","31031335783P055SM","RELIAGEAR","","FLOR","1","0","0","H87","0"
"100331300","31031335783P056SM","RELIAGEAR","","FLOR","1","0","0","H87","0"
"100331301","31031335783P057SM","RELIAGEAR","","FLOR","1","0","0","H87","0"
"100331302","31031335783P058SM","RELIAGEAR","","FLOR","1","0","0","H87","0"
"100331303","31031335783P059SM","RELIAGEAR","","FLOR","1","0","0","H87","0"
"100331304","31031335783P060SM","RELIAGEAR","","FLOR","1","0","0","H87","0"
"100331305","31031335783P069SM","RELIAGEAR","","FLOR","1","0","0","H87","0"
"100331306","31031335783P070SM","RELIAGEAR","","FLOR","1","0","0","H87","0"
"100331307","31031335783P071SM","RELIAGEAR","","FLOR","1","0","0","H87","0"
"100331308","31031335783P072SM","RELIAGEAR","","FLOR","1","0","0","H87","0"
"100331309","31031335783P097SM","RELIAGEAR","","FLOR","1","0","0","H87","0"
"100331310","31031335783P098SM","RELIAGEAR","","FLOR","1","0","0","H87","0"
"100331311","31031335783P099SM","RELIAGEAR","","FLOR","1","0","0","H87","0"
"100331312","31031335783P100SM","RELIAGEAR","","FLOR","1","0","0","H87","0"
"100331313","31031335783P101SM","RELIAGEAR","","FLOR","1","0","0","H87","0"
"100331314","31031335783P102SM","RELIAGEAR","","FLOR","1","0","0","H87","0"
"100331315","31031335783P103SM","RELIAGEAR","","FLOR","7","0","0","H87","0"
"100331316","31031335783P104SM","RELIAGEAR","","FLOR","50","0","0","H87","0"
"100331317","31031335783P108SM","RELIAGEAR","","FLOR","5","0","0","H87","0"
"100331318","31031335783P110SM","RELIAGEAR","","FLOR","1","0","0","H87","0"
"100331319","31031335783P111SM","RELIAGEAR","","FLOR","1","0","0","H87","0"
"100331320","31031335783P112SM","RELIAGEAR","","FLOR","1","0","0","H87","0"
"100331321","31031335783P113SM","RELIAGEAR","","FLOR","1","0","0","H87","0"
"100331322","31031335783P114SM","RELIAGEAR","","FLOR","1","0","0","H87","0"
"100331323","31031335783P121SM","RELIAGEAR","","FLOR","9","0","0","H87","0"
"100331324","31031335783P122SM","RELIAGEAR","","FLOR","9","0","0","H87","0"
"100331325","31031335783P123SM","RELIAGEAR","","FLOR","9","0","0","H87","0"
"100331326","31031335783P124SM","RELIAGEAR","","FLOR","8","0","0","H87","0"
"100331327","31031335783P125SM","RELIAGEAR","","FLOR","9","0","0","H87","0"
"100331328","31031335783P126SM","RELIAGEAR","","FLOR","9","0","0","H87","0"
"100331329","31031846557P001","RSB XT5 BRACING 35W","","FLOR","4","0","0","H87","0"
"100331330","31031846557P002","RSB XT5 BRACING 40W","","FLOR","1","0","0","H87","0"
"100331331","31031846557P003","RSB XT5 BRACING 45W","","FLOR","6","0","0","H87","0"
"100331332","31031846557P004","RSB XT5 BRACING 50W","","FLOR","2","0","0","H87","0"
"100331333","31031848964P001","RSB XT5 TOP BRACING BRACKET","","FLOR","15","0","0","H87","0"
"100331334","31031850117P001","RSB XT5 BOTTOM BRACING BRACKET","","FLOR","19","0","0","H87","0"
"100331335","3103198975P001SM","RSB E4.2 3KA AL LUGSTRAP","","FLOR","30","0","0","H87","0"
"100331336","31031989764P013SM","RSB","","FLOR","2","0","0","H87","0"
"100331337","31031989764P014SM","RSB","","FLOR","2","0","0","H87","0"
"100331338","31031989764P015SM","RSB","","FLOR","2","0","0","H87","0"
"100331339","31031989764P016SM","RSB","","FLOR","2","0","0","H87","0"
"100331340","31031989764P017SM","RSB","","FLOR","1","0","0","H87","0"
"100331341","31031989764P018SM","RSB","","FLOR","3","0","0","H87","0"
"100331342","31031989764P019SM","RSB","","FLOR","2","0","0","H87","0"
"100331343","31031989764P020SM","RSB","","FLOR","3","0","0","H87","0"
"100331344","31031989764P021SM","RSB","","FLOR","2","0","0","H87","0"
"100331345","31031989764P022SM","RSB","","FLOR","1","0","0","H87","0"
"100331346","31031989764P023SM","RSB","","FLOR","2","0","0","H87","0"
"100331347","31031989764P024SM","RSB","","FLOR","3","0","0","H87","0"
"100331348","31031989764P026SM","RSB","","FLOR","2","0","0","H87","0"
"100331349","31031989764P027SM","RSB","","FLOR","1","0","0","H87","0"
"100331350","31031989764P028SM","RSB","","FLOR","2","0","0","H87","0"
"100331351","31031989764P029SM","RSB","","FLOR","2","0","0","H87","0"
"100331352","31031989764P030SM","RSB","","FLOR","2","0","0","H87","0"
"100331353","31031989764P031SM","RSB","","FLOR","2","0","0","H87","0"
"100331354","31031989764P032SM","RSB","","FLOR","2","0","0","H87","0"
"100331355","31031989764P033SM","RSB","","FLOR","2","0","0","H87","0"
"100331356","31031989764P034SM","RSB","","FLOR","2","0","0","H87","0"
"100331357","31031989764P035SM","RSB","","FLOR","2","0","0","H87","0"
"100331358","31031989764P036SM","RSB","","FLOR","2","0","0","H87","0"
"100331359","31031989764P073SM","RSB","","FLOR","11","0","0","H87","0"
"100331360","31031989764P074SM","RSB","","FLOR","10","0","0","H87","0"
"100331361","31031989764P075SM","RSB","","FLOR","9","0","0","H87","0"
"100331362","31031989764P076SM","RSB","","FLOR","10","0","0","H87","0"
"100331363","31031989764P077SM","RSB","","FLOR","7","0","0","H87","0"
"100331364","31031989764P079SM","RSB","","FLOR","1","0","0","H87","0"
"100331365","31031989764P080SM","RSB","","FLOR","8","0","0","H87","0"
"100331366","31031989764P081SM","RSB","","FLOR","9","0","0","H87","0"
"100331367","31031989764P082SM","RSB","","FLOR","9","0","0","H87","0"
"100331368","31031989764P083SM","RSB","","FLOR","9","0","0","H87","0"
"100331369","31031989764P084SM","RSB","","FLOR","8","0","0","H87","0"
"100331370","31031989764P085SM","RSB","","FLOR","8","0","0","H87","0"
"100331371","31031989764P086SM","RSB","","FLOR","16","0","0","H87","0"
"100331372","31031989764P087SM","RSB","","FLOR","22","0","0","H87","0"
"100331373","31031989764P088SM","RSB","","FLOR","14","0","0","H87","0"
"100331374","31031989764P089SM","RSB","","FLOR","15","0","0","H87","0"
"100331375","31031989764P090SM","RSB","","FLOR","9","0","0","H87","0"
"100331376","31031989764P091SM","RSB, EMAX 4.2 F 40D AL TIERS 3K MB B-L O","","FLOR","6","0","0","H87","0"
"100331377","31031989764P093SM","RSB","","FLOR","13","0","0","H87","0"
"100331378","31031989764P094SM","RSB","","FLOR","12","0","0","H87","0"
"100331379","31031989764P095SM","RSB","","FLOR","13","0","0","H87","0"
"100331380","31031989764P097SM","RSB, EMAX 4.2 F 45D AL TIERS 3K MB A","","FLOR","1","0","0","H87","0"
"100331381","31031989764P103SM","RSB","","FLOR","1","0","0","H87","0"
"100331382","31031989764P169SM","RSB","","FLOR","3","0","0","H87","0"
"100331383","31031989764P170SM","RSB","","FLOR","1","0","0","H87","0"
"100331384","31031989764P171SM","RSB","","FLOR","3","0","0","H87","0"
"100331385","31031989764P172SM","RSB","","FLOR","3","0","0","H87","0"
"100331386","31031989764P173SM","RSB","","FLOR","3","0","0","H87","0"
"100331387","31031989764P174SM","RSB","","FLOR","3","0","0","H87","0"
"100331388","31031989764P175SM","RSB","","FLOR","3","0","0","H87","0"
"100331389","31031989764P176SM","RSB","","FLOR","3","0","0","H87","0"
"100331390","31031989764P177SM","RSB","","FLOR","3","0","0","H87","0"
"100331391","31031989764P178SM","RSB","","FLOR","3","0","0","H87","0"
"100331392","31031989764P179SM","RSB","","FLOR","3","0","0","H87","0"
"100331393","31031989764P180SM","RSB","","FLOR","3","0","0","H87","0"
"100331394","3103202640P001","EMAX 2.2 BASEPLATE 30W","","FLOR","12","0","0","H87","0"
"100331395","3103202640P002","Emax 2.2 Baseplate 40W","","FLOR","10","0","0","H87","0"
"100331396","3103231564P001SM","RSB E4","","FLOR","9","0","0","H87","0"
"100331397","3103231564P002SM","RSB E4","","FLOR","19","0","0","H87","0"
"100331398","3103231564P003SM","RSB E4","","FLOR","10","0","0","H87","0"
"100331399","3103231564P004SM","RSB E4","","FLOR","24","0","0","H87","0"
"100331400","3103231564P005SM","RSB E4","","FLOR","20","0","0","H87","0"
"100331401","3103231564P006SM","RSB E4","","FLOR","16","0","0","H87","0"
"100331402","3103231564P007SM","RSB E4","","FLOR","28","0","0","H87","0"
"100331403","3103231564P008SM","RSB E4","","FLOR","25","0","0","H87","0"
"100331404","3103231564P009SM","RSB E4","","FLOR","13","0","0","H87","0"
"100331405","3103231564P010SM","RSB E4","","FLOR","6","0","0","H87","0"
"100331406","3103231564P011SM","RSB E4","","FLOR","15","0","0","H87","0"
"100331407","3103231564P012SM","RSB E4","","FLOR","18","0","0","H87","0"
"100331408","3103231565P001KT","RSB E4","","FLOR","8","0","0","H87","0"
"100331409","3103231565P002KT","RSB E4","","FLOR","5","0","0","H87","0"
"100331410","3103231565P003KT","RSB E4","","FLOR","4","0","0","H87","0"
"100331411","3103231565P004KT","RSB E4","","FLOR","17","0","0","H87","0"
"100331412","3103231565P005KT","RSB E4,2 LUGSTRAP CU, PHB 2","","FLOR","12","0","0","H87","0"
"100331413","3103231565P006KT","RSB E4","","FLOR","16","0","0","H87","0"
"100331414","3103231565P007KT","RSB E4","","FLOR","2","0","0","H87","0"
"100331415","3103231565P008KT","RSB E4","","FLOR","9","0","0","H87","0"
"100331416","3103231565P009KT","RSB E4","","FLOR","14","0","0","H87","0"
"100331417","3103241054P003","E42 30A 40W LUGSTRAPS BRACING","","FLOR","2","0","0","H87","0"
"100331418","3103241054P004","E42 30A 45W LUGSTRAPS BRACING","","FLOR","1","0","0","H87","0"
"100331419","3103315250P001SM","AUXILIARY NEUT BUS AL 20A TR/BL","","FLOR","29","0","0","H87","0"
"100331420","3103315250P002SM","AUXILIARY NEUT BUS AL 20A TR/BL","","FLOR","34","0","0","H87","0"
"100331421","3103315250P006SM","AUXILIARY NEUT BUS AL 16A TR/BL","","FLOR","1","0","0","H87","0"
"100331422","3103315250P009SM","AUXILIARY NEUT BUS AL 12A TL/BR","","FLOR","1","0","0","H87","0"
"100331423","3103315250P013SM","AUXILIARY NEUT BUS AL 10A TR/BL","","FLOR","1","0","0","H87","0"
"100331424","31033195826P001","RSB 1S STRAP 2.5-4KA CU","","FLOR","1","0","0","H87","0"
"100331425","31033195826P002","RSB 1S STRAP 0.8-2KA","","FLOR","1","0","0","H87","0"
"100331426","31033195827P001","RSB BRACING 1S STRAP 2.5-4KA","","FLOR","10","0","0","H87","0"
"100331427","31033195827P002","RSB BRACING 1S STRAP 0.8-2KA","","FLOR","6","0","0","H87","0"
"100331428","31033854499P004SM","RSB","","FLOR","6","0","0","H87","0"
"100331429","31033854499P005SM","RSB","","FLOR","22","0","0","H87","0"
"100331430","31033854499P006SM","RSB","","FLOR","1","0","0","H87","0"
"100331431","31033854499P007SM","RSB","","FLOR","10","0","0","H87","0"
"100331432","31033854499P010SM","RSB","","FLOR","3","0","0","H87","0"
"100331433","31033854499P011SM","RSB","","FLOR","6","0","0","H87","0"
"100331434","3103436580P001SM","E12 30W 12A AL SPLIT REAR NEUTRAL BEND","","FLOR","1","0","0","H87","0"
"100331435","3103447829P001SM","E12 25/30W 12A AL SPLIT REAR NEUTRAL","","FLOR","4","0","0","H87","0"
"100331436","31034703002P035","HORIZONTAL RAIL","","FLOR","4","0","0","EA","0"
"100331437","31034703002P045","HORIZONTAL RAIL","","FLOR","3","0","0","EA","0"
"100331438","31034703002P050","RSB","","FLOR","1","0","0","H87","0"
"100331439","31034703002P145","HORIZONTAL RAIL","","FLOR","2","0","0","EA","0"
"100331440","31034703002P150","RSB","","FLOR","123","0","0","H87","0"
"100331441","31034703002P160","HORIZONTAL RAIL","","FLOR","5","0","0","EA","0"
"100331442","3103573318P001SM","E12 25/30W 12A CU SPLIT REAR NEUTRAL","","FLOR","1","0","0","H87","0"
"100331443","3103575763P001KT","E12 12A 30W CU SPLIT REAR NEUTRAL BEND B","","FLOR","1","0","0","H87","0"
"100331444","31036783368P001KT","RELIAGEAR","","FLOR","4","0","0","H87","0"
"100331445","31036783368P002KT","RELIAGEAR","","FLOR","6","0","0","H87","0"
"100331446","31036783368P003KT","RELIAGEAR","","FLOR","4","0","0","H87","0"
"100331447","31036783368P004KT","RELIAGEAR","","FLOR","2","0","0","H87","0"
"100331448","31036783368P004SM","ReliaGear","","FLOR","3","0","0","H87","0"
"100331449","31036783368P005KT","RELIAGEAR","","FLOR","2","0","0","H87","0"
"100331450","31036783368P005SM","ReliaGear","","FLOR","2","0","0","H87","0"
"100331451","31036783368P006KT","RELIAGEAR","","FLOR","2","0","0","H87","0"
"100331452","31036783368P006SM","ReliaGear","","FLOR","2","0","0","H87","0"
"100331453","31036783368P010KT","RELIAGEAR","","FLOR","2","0","0","H87","0"
"100331454","31036783368P011KT","RELIAGEAR","","FLOR","2","0","0","H87","0"
"100331455","31036783368P012KT","RELIAGEAR","","FLOR","2","0","0","H87","0"
"100331456","31036783368P016KT","RELIAGEAR","","FLOR","4","0","0","H87","0"
"100331457","31036783368P017KT","RELIAGEAR","","FLOR","4","0","0","H87","0"
"100331458","31036783368P018KT","RELIAGEAR","","FLOR","4","0","0","H87","0"
"100331459","31036783368P025KT","RELIAGEAR","","FLOR","4","0","0","H87","0"
"100331460","31036783368P026KT","RELIAGEAR","","FLOR","1","0","0","H87","0"
"100331461","31036783368P027KT","RELIAGEAR","","FLOR","4","0","0","H87","0"
"100331462","31036783368P028KT","RELIAGEAR","","FLOR","3","0","0","H87","0"
"100331463","31036783368P029KT","RELIAGEAR","","FLOR","4","0","0","H87","0"
"100331464","31036783368P030KT","RELIAGEAR","","FLOR","4","0","0","H87","0"
"100331465","31036783368P034KT","RELIAGEAR","","FLOR","3","0","0","H87","0"
"100331466","31036783368P035KT","RELIAGEAR","","FLOR","4","0","0","H87","0"
"100331467","31036783368P036KT","RELIAGEAR","","FLOR","4","0","0","H87","0"
"100331468","31037015626P001SM","ReliaGear","","FLOR","4","0","0","H87","0"
"100331469","31037015626P002SM","ReliaGear","","FLOR","4","0","0","H87","0"
"100331470","31037015626P003SM","ReliaGear","","FLOR","3","0","0","H87","0"
"100331471","31037015626P007SM","ReliaGear","","FLOR","1","0","0","H87","0"
"100331472","31037015626P008SM","ReliaGear","","FLOR","1","0","0","H87","0"
"100331473","31037015626P009SM","ReliaGear","","FLOR","1","0","0","H87","0"
"100331474","31037015626P031SM","ReliaGear","","FLOR","1","0","0","H87","0"
"100331475","31037015626P032SM","ReliaGear","","FLOR","5","0","0","H87","0"
"100331476","31037015626P033SM","ReliaGear","","FLOR","5","0","0","H87","0"
"100331477","31037015626P034SM","ReliaGear, BK Strap 10A 30D T20 PHB","","FLOR","3","0","0","H87","0"
"100331478","31037015626P035SM","ReliaGear","","FLOR","2","0","0","H87","0"
"100331479","31037015626P036SM","ReliaGear","","FLOR","2","0","0","H87","0"
"100331480","31037015626P037SM","ReliaGear","","FLOR","1","0","0","H87","0"
"100331481","31037049232P007SM","ReliaGear","","FLOR","7","0","0","H87","0"
"100331482","31037049232P008SM","ReliaGear","","FLOR","19","0","0","H87","0"
"100331483","31037049232P009SM","ReliaGear","","FLOR","16","0","0","H87","0"
"100331484","31037049232P010SM","ReliaGear","","FLOR","22","0","0","H87","0"
"100331485","31037049232P011SM","ReliaGear","","FLOR","23","0","0","H87","0"
"100331486","31037049232P012SM","ReliaGear","","FLOR","9","0","0","H87","0"
"100331487","31037049232P013SM","ReliaGear","","FLOR","4","0","0","H87","0"
"100331488","31037049232P014SM","ReliaGear","","FLOR","4","0","0","H87","0"
"100331489","31037049232P015SM","ReliaGear","","FLOR","6","0","0","H87","0"
"100331490","31037049232P016SM","ReliaGear","","FLOR","2","0","0","H87","0"
"100331491","31037049232P017SM","ReliaGear","","FLOR","5","0","0","H87","0"
"100331492","31037049232P018SM","ReliaGear","","FLOR","5","0","0","H87","0"
"100331493","31037049232P025SM","ReliaGear","","FLOR","1","0","0","H87","0"
"100331494","31037049232P026SM","ReliaGear","","FLOR","1","0","0","H87","0"
"100331495","31037049232P027SM","ReliaGear","","FLOR","1","0","0","H87","0"
"100331496","31037049232P028SM","ReliaGear","","FLOR","1","0","0","H87","0"
"100331497","31037049232P029SM","ReliaGear","","FLOR","1","0","0","H87","0"
"100331498","31037049232P030SM","ReliaGear","","FLOR","2","0","0","H87","0"
"100331499","31037049232P031SM","ReliaGear","","FLOR","4","0","0","H87","0"
"100331500","31037049232P032SM","ReliaGear","","FLOR","4","0","0","H87","0"
"100331501","31037049232P033SM","ReliaGear","","FLOR","3","0","0","H87","0"
"100331502","31037049232P034SM","ReliaGear","","FLOR","2","0","0","H87","0"
"100331503","31037049232P035SM","ReliaGear","","FLOR","3","0","0","H87","0"
"100331504","31037049232P036SM","ReliaGear","","FLOR","4","0","0","H87","0"
"100331505","31037049232P049SM","ReliaGear","","FLOR","1","0","0","H87","0"
"100331506","31037049232P050SM","ReliaGear","","FLOR","1","0","0","H87","0"
"100331507","31037049232P051SM","ReliaGear","","FLOR","1","0","0","H87","0"
"100331508","31037049232P052SM","ReliaGear","","FLOR","2","0","0","H87","0"
"100331509","31037049232P053SM","ReliaGear","","FLOR","2","0","0","H87","0"
"100331510","31037049232P054SM","ReliaGear","","FLOR","2","0","0","H87","0"
"100331511","31037049232P055SM","RELIAGEAR","","FLOR","33","0","0","H87","0"
"100331512","31037049232P056SM","RELIAGEAR","","FLOR","31","0","0","H87","0"
"100331513","31037049232P057SM","RELIAGEAR","","FLOR","27","0","0","H87","0"
"100331514","31037049232P058SM","RELIAGEAR","","FLOR","27","0","0","H87","0"
"100331515","31037049232P059SM","RELIAGEAR","","FLOR","23","0","0","H87","0"
"100331516","31037049232P060SM","RELIAGEAR","","FLOR","33","0","0","H87","0"
"100331517","31037049232P067SM","ReliaGear","","FLOR","2","0","0","H87","0"
"100331518","31037049232P068SM","ReliaGear","","FLOR","4","0","0","H87","0"
"100331519","31037049232P069SM","ReliaGear","","FLOR","3","0","0","H87","0"
"100331520","31037049232P070SM","ReliaGear","","FLOR","3","0","0","H87","0"
"100331521","31037049232P071SM","ReliaGear","","FLOR","7","0","0","H87","0"
"100331522","31037049232P072SM","ReliaGear","","FLOR","3","0","0","H87","0"
"100331523","31037049232P074SM","ReliaGear","","FLOR","3","0","0","H87","0"
"100331524","31037049232P075SM","ReliaGear","","FLOR","9","0","0","H87","0"
"100331525","31037049232P077SM","ReliaGear","","FLOR","11","0","0","H87","0"
"100331526","31037049232P078SM","ReliaGear","","FLOR","2","0","0","H87","0"
"100331527","31037049232P081SM","ReliaGear","","FLOR","2","0","0","H87","0"
"100331528","31037049232P083SM","ReliaGear","","FLOR","2","0","0","H87","0"
"100331529","31037049232P097SM","ReliaGear","","FLOR","1","0","0","H87","0"
"100331530","31037049232P099SM","ReliaGear","","FLOR","1","0","0","H87","0"
"100331531","31037049232P101SM","ReliaGear","","FLOR","1","0","0","H87","0"
"100331532","31037049232P103SM","RELIAGEAR","","FLOR","12","0","0","H87","0"
"100331533","31037049232P105SM","RELIAGEAR","","FLOR","5","0","0","H87","0"
"100331534","31037049232P106SM","RELIAGEAR","","FLOR","31","0","0","H87","0"
"100331535","31037049232P107SM","RELIAGEAR","","FLOR","4","0","0","H87","0"
"100331536","31037049232P108SM","RELIAGEAR","","FLOR","1","0","0","H87","0"
"100331537","31037049232P109SM","ReliaGear","","FLOR","2","0","0","H87","0"
"100331538","31037049232P110SM","ReliaGear","","FLOR","6","0","0","H87","0"
"100331539","31037049232P111SM","ReliaGear","","FLOR","3","0","0","H87","0"
"100331540","31037049232P112SM","ReliaGear","","FLOR","10","0","0","H87","0"
"100331541","31037049232P113SM","ReliaGear","","FLOR","3","0","0","H87","0"
"100331542","31037049232P114SM","ReliaGear","","FLOR","4","0","0","H87","0"
"100331543","31037049232P115SM","ReliaGear","","FLOR","5","0","0","H87","0"
"100331544","31037049232P116SM","ReliaGear","","FLOR","8","0","0","H87","0"
"100331545","31037049232P117SM","ReliaGear","","FLOR","5","0","0","H87","0"
"100331546","31037049232P118SM","ReliaGear","","FLOR","7","0","0","H87","0"
"100331547","31037049232P119SM","ReliaGear","","FLOR","5","0","0","H87","0"
"100331548","31037049232P120SM","ReliaGear","","FLOR","8","0","0","H87","0"
"100331549","31037049232P122SM","ReliaGear","","FLOR","1","0","0","H87","0"
"100331550","31037049232P125SM","ReliaGear","","FLOR","1","0","0","H87","0"
"100331551","31037049232P145SM","ReliaGear","","FLOR","1","0","0","H87","0"
"100331552","31037049232P146SM","ReliaGear","","FLOR","1","0","0","H87","0"
"100331553","31037049232P147SM","ReliaGear","","FLOR","1","0","0","H87","0"
"100331554","31037049232P148SM","RELIAGEAR","","FLOR","9","0","0","H87","0"
"100331555","31037049232P150SM","RELIAGEAR","","FLOR","6","0","0","H87","0"
"100331556","31037049232P151SM","ReliaGear","","FLOR","3","0","0","H87","0"
"100331557","31037049232P152SM","ReliaGear","","FLOR","3","0","0","H87","0"
"100331558","31037049232P153SM","ReliaGear","","FLOR","4","0","0","H87","0"
"100331559","31037049232P154SM","ReliaGear","","FLOR","6","0","0","H87","0"
"100331560","31037049232P155SM","ReliaGear","","FLOR","4","0","0","H87","0"
"100331561","31037049232P156SM","ReliaGear","","FLOR","6","0","0","H87","0"
"100331562","31037049232P158SM","ReliaGear","","FLOR","3","0","0","H87","0"
"100331563","31037323698P007SM","RSB","","FLOR","1","0","0","H87","0"
"100331564","31037323698P008SM","RSB","","FLOR","2","0","0","H87","0"
"100331565","31037323698P010SM","RSB","","FLOR","1","0","0","H87","0"
"100331566","31037323698P014SM","RSB","","FLOR","2","0","0","H87","0"
"100331567","31037323698P019SM","RSB","","FLOR","2","0","0","H87","0"
"100331568","31037323699P004SM","RSB","","FLOR","2","0","0","H87","0"
"100331569","31037323704P001SM","RSB","","FLOR","1","0","0","H87","0"
"100331570","31037323704P004SM","RSB","","FLOR","1","0","0","H87","0"
"100331571","31037323704P008SM","RSB","","FLOR","2","0","0","H87","0"
"100331572","31037323704P013SM","RSB","","FLOR","2","0","0","H87","0"
"100331573","31037323705P002SM","RSB","","FLOR","2","0","0","H87","0"
"100331574","31037339191P001SM","RSB","","FLOR","1","0","0","H87","0"
"100331575","3103777761P001SM","E42 AL 30A SPLIT NEUTRAL BAR","","FLOR","2","0","0","H87","0"
"100331576","3103777761P002SM","E42 AL 25A SPLIT NEUTRAL BAR","","FLOR","2","0","0","H87","0"
"100331577","3103778264P005SM","E42 AL 30A 35W SPLIT NEUTRAL MID BAR","","FLOR","2","0","0","H87","0"
"100331578","3103778264P006SM","E42 AL 30A 35W SPLIT NEUTRAL OUT BAR","","FLOR","6","0","0","H87","0"
"100331579","3103959030P001KT","E42 CU 30A SPLIT NEUTRAL BAR","","FLOR","4","0","0","H87","0"
"100331580","3103959030P002KT","E42 CU 25A SPLIT NEUTRAL BAR","","FLOR","3","0","0","H87","0"
"100331581","3103960435P004KT","E42 CU 30A 35W SPLIT NEUTRAL INS BAR","","FLOR","3","0","0","H87","0"
"100331582","3103960435P005KT","E42 CU 30A 35W SPLIT NEUTRAL MID BAR","","FLOR","3","0","0","H87","0"
"100331583","3103960435P006KT","E42 CU 30A 35W SPLIT NEUTRAL OUT BAR","","FLOR","3","0","0","H87","0"
"100331584","3103960640P001KT","Neutral30ACuNoFaultR 001","","FLOR","1","0","0","H87","0"
"100331585","3103960640P002KT","Neutral30ACuNoFaultR 002","","FLOR","1","0","0","H87","0"
"100331586","3103960640P003KT","Neutral30ACuNoFaultR 003","","FLOR","2","0","0","H87","0"
"100331587","3103960640P009KT","Neutral 20A Cu No Fault R 001","","FLOR","1","0","0","H87","0"
"100331588","3103960640P012KT","Neutral 16A Cu No Fault R 002","","FLOR","4","0","0","H87","0"
"100331589","3103960640P013KT","Neutral 12A Cu No Fault R 001","","FLOR","3","0","0","H87","0"
"100331590","3103960640P014KT","NEUTRAL 40A CU NO FAULT R 001","","FLOR","1","0","0","H87","0"
"100331591","3103960640P015KT","NEUTRAL 40A CU NO FAULT R 002","","FLOR","1","0","0","H87","0"
"100331592","3103960640P024KT","Neutral 20A Cu No Fault R 001","","FLOR","1","0","0","H87","0"
"100331593","3103960640P025KT","NEUTRAL 20A CU NO FAULT R 002","","FLOR","1","0","0","H87","0"
"100331594","3103960645P002SM","Neutral 30A Al No Fault R 002","","FLOR","2","0","0","H87","0"
"100331595","3103960645P007SM","Neutral 25A No Fault R R001","","FLOR","5","0","0","H87","0"
"100331596","3103960645P008SM","Neutral 25A No Fault R R002","","FLOR","2","0","0","H87","0"
"100331597","3103960645P009SM","NEUTRAL 20A NO FAULT R R001","","FLOR","9","0","0","H87","0"
"100331598","3103960645P010SM","NEUTRAL 20A NO FAULT R R002","","FLOR","6","0","0","H87","0"
"100331599","3103960645P011SM","Neutral 16A No Fault R R001","","FLOR","4","0","0","H87","0"
"100331600","3103960645P012SM","Neutral 16A No Fault R R002","","FLOR","8","0","0","H87","0"
"100331601","3103960645P013SM","Neutral 12A No Fault R R001","","FLOR","1","0","0","H87","0"
"100331604","3103960645P016SM","NEUTRAL 30A AL NO FAULT R 001","","FLOR","2","0","0","H87","0"
"100331605","3103960645P017SM","NEUTRAL 30A AL NO FAULT R 002","","FLOR","2","0","0","H87","0"
"100331606","3103960645P018SM","NEUTRAL 30A AL NO FAULT R 003","","FLOR","2","0","0","H87","0"
"100331607","3103960645P026SM","Neutral 16A No Fault R R001","","FLOR","2","0","0","H87","0"
"100331608","3103960645P028SM","NEUTRAL 12A NO FAULT R R001","","FLOR","2","0","0","H87","0"
"100331609","3104013492P001SM","Bus Bar Connector 30W","","FLOR","5","0","0","H87","0"
"100331610","3104014732P001KT","Cable in Cable out Connector 40 Amp","","FLOR","1","0","0","H87","0"
"100331611","3104014732P001SM","Cable in Cable out Connector 40 Amp","","FLOR","3","0","0","H87","0"
"100331612","3104014732P002SM","Cable in Cable out Connector 12-30 Amp","","FLOR","4","0","0","H87","0"
"100331613","3104014732P003KT","Cable in Cable out Connector_INST2","","FLOR","1","0","0","H87","0"
"100331614","3104014732P003SM","Cable in Cable out Connector_INST2","","FLOR","2","0","0","H87","0"
"100331615","3104025477P001","Ground Aux BKT","","FLOR","3","0","0","H87","0"
"100331616","3104025477P002","Ground Aux BKT 40A","","FLOR","5","0","0","H87","0"
"100331617","3104070383P001KT","ESB RISER GND 2.5-3KA 12.5% & 1.2-1","","FLOR","2","0","0","H87","0"
"100331618","3104070383P001SM","ESB RISER GND 2.5-3KA 12.5% & 1.2-1","","FLOR","9","0","0","H87","0"
"100331619","3104070383P002KT","ESB RISER GND 2.5-3KA 12.5% & 1.2-1","","FLOR","3","0","0","H87","0"
"100331620","3104070383P002SM","ESB RISER GND 2.5-3KA 12.5% & 1.2-1","","FLOR","9","0","0","H87","0"
"100331621","3104077307P001KT","AUXILIARY NEUT BUS CU 12A GMM","","FLOR","2","0","0","H87","0"
"100331622","3104125768P001SM","E12-E22 08A-20A BONDING JUMPER BAR","","FLOR","1","0","0","H87","0"
"100331623","3104125768P003SM","E42 25A-30A BONDING JUMPER BAR","","FLOR","1","0","0","H87","0"
"100331624","3104125768P004SM","E42 25A-30A BONDING JUMPER BAR","","FLOR","1","0","0","H87","0"
"100331625","3104136797P001SM","AUXILILARY NEUT BUS AL 12A GMM","","FLOR","2","0","0","H87","0"
"100331626","3104154845P001","SIDE BARRIER CTO BTM & TOP","","FLOR","24","0","0","H87","0"
"100331627","3104236338P006KT","NEUTRAL SPLICE 20A CU 1","","FLOR","3","0","0","H87","0"
"100331628","3104236338P007KT","NEUTRAL SPLICE 20A CU 2","","FLOR","3","0","0","H87","0"
"100331629","3104236338P008KT","Neutral Splice 16A CU 1","","FLOR","3","0","0","H87","0"
"100331630","3104236338P009KT","Neutral Splice 16A CU 2","","FLOR","1","0","0","H87","0"
"100331631","3104236338P010KT","NEUTRAL SPLICE 12A CU 1","","FLOR","2","0","0","H87","0"
"100331632","3104236338P011KT","NEUTRAL SPLICE 40A CU 1","","FLOR","1","0","0","H87","0"
"100331633","3104236338P012KT","NEUTRAL SPLICE 40A CU 2","","FLOR","1","0","0","H87","0"
"100331634","3104236339P001SM","Neutral Splice 30A AL 1","","FLOR","5","0","0","H87","0"
"100331635","3104236339P002SM","Neutral Splice 30A AL 2","","FLOR","5","0","0","H87","0"
"100331636","3104236339P003SM","Neutral Splice 30A AL 3","","FLOR","6","0","0","H87","0"
"100331637","3104236339P004SM","Neutral Splice 25A AL 1","","FLOR","1","0","0","H87","0"
"100331638","3104236339P006SM","NEUTRAL SPLICE 20A AL 1","","FLOR","4","0","0","H87","0"
"100331639","3104236339P007SM","NEUTRAL SPLICE 20A AL 2","","FLOR","23","0","0","H87","0"
"100331640","3104236339P008SM","Neutral Splice 16A AL 1","","FLOR","3","0","0","H87","0"
"100331641","3104236339P010SM","Neutral Splice 12A AL 1","","FLOR","1","0","0","H87","0"
"100331644","3104293990P001SM","Neutral Riser Aux 30A AL 001","","FLOR","8","0","0","H87","0"
"100331645","3104293990P002SM","Neutral Riser Aux 30A AL 002","","FLOR","6","0","0","H87","0"
"100331646","3104293990P003SM","Neutral Riser Aux 30A AL 003","","FLOR","14","0","0","H87","0"
"100331647","3104294073P001SM","Neutral Riser 30A AL","","FLOR","23","0","0","H87","0"
"100331648","3104294077P001KT","Neutral Riser 30A CU","","FLOR","6","0","0","H87","0"
"100331649","3104299203P001","Cable in Cable out Ground Support","","FLOR","8","0","0","H87","0"
"100331650","3104309894P002","LEXAN COVER RELT ASSY SH","","FLOR","2","0","0","H87","0"
"100331651","3104324186P004","NEUTRAL DISCONNECT BRACKET CU 30A/20A/16","","FLOR","1","0","0","H87","0"
"100331652","3104465661P001KT","Neutral Riser Aux 30A Cu 001","","FLOR","1","0","0","H87","0"
"100331653","3104465661P003KT","Neutral Riser Aux 30A Cu 003","","FLOR","2","0","0","H87","0"
"100331654","3104499967P002","50W FRT HOR BARR","","FLOR","10","0","0","H87","0"
"100331655","3104502236P002","LINK FOR BARRIERS EU 25/40 40W","","FLOR","10","0","0","H87","0"
"100331656","3104510639P001","FIBER ANGLE SUPPORT 40W","","FLOR","8","0","0","H87","0"
"100331657","3104510639P002","FIBER ANGLE SUPPORT 50W","","FLOR","3","0","0","H87","0"
"100331658","3104585348P","SIDE PAN LF 40A FOR STRINGER","","FLOR","4","0","0","H87","0"
"100331659","3104585349P","SIDE PAN LF 40A FOR STRINGER","","FLOR","5","0","0","H87","0"
"100331660","3104606442P003","VERTICAL BARRIER 2 EU 40W","","FLOR","10","0","0","H87","0"
"100331661","3104606442P004","VERTICAL BARRIER 1 EU 50W","","FLOR","10","0","0","H87","0"
"100331662","3104651393P001","Blank cover for XT4 MOE","","FLOR","13","0","0","H87","0"
"100331663","3104699675P001KT","VEUSERC NEUT BONDING JUMPER 10/20A","","FLOR","1","0","0","H87","0"
"100331664","3104699675P001SM","VEUSERC NEUT BONDING JUMPER 10/20A","","FLOR","4","0","0","H87","0"
"100331665","3104699675P002SM","VEUSERC NEUT BONDING JUMPER 08/16A","","FLOR","2","0","0","H87","0"
"100331666","3104699676P001KT","VEUSERC NEUT BONDING JUMPER","","FLOR","1","0","0","H87","0"
"100331667","3104699676P001SM","VEUSERC NEUT BONDING JUMPER","","FLOR","4","0","0","H87","0"
"100331668","3104714702P001SM","VERTICAL NEUTRAL 08A AL 40H 6W","","FLOR","4","0","0","H87","0"
"100331669","3104714702P002SM","VERTICAL NEUTRAL 10A AL 40H 6W","","FLOR","1","0","0","H87","0"
"100331670","3104714702P003SM","VERTICAL NEUTRAL 12A AL 40H 6W","","FLOR","5","0","0","H87","0"
"100331671","3104714702P004SM","VERTICAL NEUTRAL 16A AL 40H 6W","","FLOR","6","0","0","H87","0"
"100331672","3104714702P005SM","VERTICAL NEUTRAL 20A AL 40H 6W","","FLOR","7","0","0","H87","0"
"100331673","3104714711P002KT","VERTICAL NEUTRAL LINK 10A CU","","FLOR","1","0","0","H87","0"
"100331674","3104714712P002SM","VERTICAL NEUTRAL LINK 10A AL CONN 1","","FLOR","1","0","0","H87","0"
"100331675","3104714712P004SM","VERTICAL NEUTRAL LINK 16A AL CONN 1","","FLOR","4","0","0","H87","0"
"100331676","3104714712P005SM","VERTICAL NEUTRAL LINK 16A AL CONN 2","","FLOR","4","0","0","H87","0"
"100331677","3104714712P007SM","VERTICAL NEUTRAL LINK 20A AL CONN 2","","FLOR","1","0","0","H87","0"
"100331678","3104714714P001SM","VERTICAL NEUTRAL LINK 08A AL","","FLOR","5","0","0","H87","0"
"100331679","3104714714P002SM","VERTICAL NEUTRAL LINK 10A AL","","FLOR","1","0","0","H87","0"
"100331680","3104714714P003SM","VERTICAL NEUTRAL LINK 12A AL","","FLOR","4","0","0","H87","0"
"100331681","3104714714P004SM","VERTICAL NEUTRAL LINK 16A AL CONN 1","","FLOR","2","0","0","H87","0"
"100331682","3104714714P005SM","VERTICAL NEUTRAL LINK 20A AL CONN 1","","FLOR","4","0","0","H87","0"
"100331683","3104771212P002","Bracing bars bracket UT 20A 0","","FLOR","12","0","0","H87","0"
"100331684","3104771212P004","Bracing bars bracket UT 12A Al","","FLOR","24","0","0","H87","0"
"100331685","3104773638P001SM","AL 40A EU CB RISERS PH A&C","","FLOR","31","0","0","H87","0"
"100331686","3104773638P002SM","AL 40A EU CB RISERS PH A&C","","FLOR","31","0","0","H87","0"
"100331687","3104773638P003SM","AL 40A EU CB RISERS PH A&C","","FLOR","29","0","0","H87","0"
"100331688","3104775927P001SM","AL 40A EU CB RISERS PH A&C","","FLOR","1","0","0","H87","0"
"100331689","3104775927P002SM","AL 40A EU CB RISERS PH A&C","","FLOR","1","0","0","H87","0"
"100331690","3104848347P001","VEUSERC NEUT SUP BRKT","","FLOR","2","0","0","H87","0"
"100331691","3104897888P001","Ho barriers bracket 20A UT","","FLOR","6","0","0","H87","0"
"100331692","3104897888P002","Ho barriers bracket 40A UT","","FLOR","202","0","0","H87","0"
"100331693","3104923819P001","LUG PAD BRACKET","","FLOR","41","0","0","H87","0"
"100331694","3104957976P001SM","NEUT BUS EU AL 20A 40W","","FLOR","4","0","0","H87","0"
"100331695","3104957978P001SM","NEUT BUS EU AL 16A 40W","","FLOR","6","0","0","H87","0"
"100331696","3104957979P001KT","NEUT BUS EU CU 12A 40W","","FLOR","2","0","0","H87","0"
"100331697","3104957980P001SM","NEUT BUS EU AL 12A 40W","","FLOR","4","0","0","H87","0"
"100331698","3104974506P001","Intermix Relt Plate","","FLOR","2","0","0","H87","0"
"100331699","3104990874P002","EUSERC EMAX BREAKER DOOR 45W","","FLOR","2","0","0","H87","0"
"100331700","3105015643P001SM","Neutral tap 12-16-20A Cu/Al","","FLOR","2","0","0","H87","0"
"100331701","3105036190P001","Lug Bars Bracket Bracing EU","","FLOR","4","0","0","H87","0"
"100331702","3105036191P001","MOUNTING BRACE EU 40W","","FLOR","3","0","0","H87","0"
"100331703","3105036192P001KT","LUG LANDNG CU 16-20A A-B-C PH","","FLOR","6","0","0","H87","0"
"100331704","3105036199P001SM","LUG LANDNG AL 16-20A A-B-C PH","","FLOR","9","0","0","H87","0"
"100331705","3105036202P001SM","LUG LANDING AL 12A A-B-C PH","","FLOR","11","0","0","H87","0"
"100331706","3105036203P001SM","12A CO ADPTR BUS AL","","FLOR","4","0","0","H87","0"
"100331707","3105036204P001SM","SPACER AL 12A EU C PH C/T BUS","","FLOR","1","0","0","H87","0"
"100331708","3105036206P001SM","NEUT BUS EU AL 25A 40W","","FLOR","14","0","0","H87","0"
"100331709","3105036206P002SM","NEUT BUS EU AL 25A 50W","","FLOR","12","0","0","H87","0"
"100331710","3105036207P001KT","NEUT BUS EU CU 30A 40W","","FLOR","6","0","0","H87","0"
"100331711","3105036207P002KT","NEUT BUS EU CU 30A 50W","","FLOR","6","0","0","H87","0"
"100331712","3105036208P001SM","NEUT BUS EU AL 30A 40W","","FLOR","3","0","0","H87","0"
"100331713","3105036209P001KT","NEUT BUS EU CU 40A 50W","","FLOR","2","0","0","H87","0"
"100331714","3105036214P001KT","ADAPTER_TIE_RIS_EU_40A_1","","FLOR","1","0","0","H87","0"
"100331715","3105036214P002KT","ADAPTER_TIE_RIS_EU_40A_2","","FLOR","1","0","0","H87","0"
"100331716","3105036220P001","BKT STRINGER B","","FLOR","2","0","0","H87","0"
"100331717","3105036221P001KT","CT_LINK_20A_P001","","FLOR","2","0","0","H87","0"
"100331718","3105036221P009KT","CT_LINK_20A_P009","","FLOR","1","0","0","H87","0"
"100331719","3105036221P009SM","CT_LINK_20A_P009","","FLOR","1","0","0","H87","0"
"100331720","3105036221P010KT","CT_LINK_20A_P010","","FLOR","1","0","0","H87","0"
"100331721","3105036221P010SM","CT_LINK_20A_P010","","FLOR","1","0","0","H87","0"
"100331722","3105036221P011KT","CT_LINK_20A_P011","","FLOR","1","0","0","H87","0"
"100331723","3105036221P011SM","CT_LINK_20A_P011","","FLOR","1","0","0","H87","0"
"100331724","3105036221P012KT","CT_LINK_20A_P012","","FLOR","1","0","0","H87","0"
"100331725","3105036221P012SM","CT_LINK_20A_P012","","FLOR","1","0","0","H87","0"
"100331726","3105036221P013KT","CT_LINK_20A_P013","","FLOR","1","0","0","H87","0"
"100331727","3105036221P014KT","CT_LINK_20A_P014","","FLOR","1","0","0","H87","0"
"100331728","3105036221P015KT","CT_LINK_20A_P015","","FLOR","1","0","0","H87","0"
"100331729","3105036221P016KT","CT_LINK_20A_P016","","FLOR","1","0","0","H87","0"
"100331730","3105036222P005KT","CT_LINK_20A_P005","","FLOR","1","0","0","H87","0"
"100331731","3105036222P006KT","CT_LINK_20A_P006","","FLOR","1","0","0","H87","0"
"100331732","3105036222P007KT","CT_LINK_20A_P007","","FLOR","1","0","0","H87","0"
"100331733","3105036222P008KT","CT_LINK_20A_P008","","FLOR","1","0","0","H87","0"
"100331734","3105036225P002KT","TIER E42 25A CU P002","","FLOR","9","0","0","H87","0"
"100331735","3105036225P003SM","TIER E42 25A CU P003","","FLOR","3","0","0","H87","0"
"100331736","3105036225P004KT","TIER E42 25A CU P004","","FLOR","2","0","0","H87","0"
"100331737","3105036225P004SM","TIER E42 25A CU P004","","FLOR","3","0","0","H87","0"
"100331738","3105036225P007KT","TIER E42 25A CU P007","","FLOR","3","0","0","H87","0"
"100331739","3105036225P008KT","TIER E42 25A CU P008","","FLOR","3","0","0","H87","0"
"100331740","3105036227P001SM","TIER E42 25A AL P001","","FLOR","91","0","0","H87","0"
"100331741","3105036227P005SM","TIER E42 25A AL P005","","FLOR","3","0","0","H87","0"
"100331742","3105036227P007SM","TIER E42 25A AL P007","","FLOR","3","0","0","H87","0"
"100331743","3105036227P008SM","TIER E42 25A AL P008","","FLOR","2","0","0","H87","0"
"100331744","3105036227P009SM","TIER E42 25A AL P009","","FLOR","2","0","0","H87","0"
"100331745","3105036228P001KT","RISER E42 CU 25A P001","","FLOR","21","0","0","H87","0"
"100331746","3105036228P001SM","Riser E42 CU 25A P001","","FLOR","3","0","0","H87","0"
"100331747","3105036228P002KT","RISER E42 CU 25A P002","","FLOR","9","0","0","H87","0"
"100331748","3105036228P002SM","Riser E42 CU 25A P002","","FLOR","3","0","0","H87","0"
"100331749","3105036229P001SM","Riser E42 AL 25A P001","","FLOR","7","0","0","H87","0"
"100331750","3105036229P002SM","Riser E42 AL 25A P002","","FLOR","1","0","0","H87","0"
"100331751","3105036230P001KT","LUG STRAP E42 25A CU P001","","FLOR","1","0","0","H87","0"
"100331752","3105036230P001SM","Lug Strap E42 25A CU P001","","FLOR","1","0","0","H87","0"
"100331753","3105036230P002KT","LUG STRAP E42 25A CU P002","","FLOR","1","0","0","H87","0"
"100331754","3105036230P002SM","Lug Strap E42 25A CU P002","","FLOR","1","0","0","H87","0"
"100331755","3105036230P003KT","LUG STRAP E42 25A CU P003","","FLOR","1","0","0","H87","0"
"100331756","3105036230P003SM","Lug Strap E42 25A CU P003","","FLOR","1","0","0","H87","0"
"100331757","3105036230P004KT","LUG STRAP E42 25A CU P004","","FLOR","1","0","0","H87","0"
"100331758","3105036230P004SM","Lug Strap E42 25A CU P004","","FLOR","1","0","0","H87","0"
"100331759","3105036230P005KT","LUG STRAP E42 25A CU P005","","FLOR","1","0","0","H87","0"
"100331760","3105036230P005SM","Lug Strap E42 25A CU P005","","FLOR","1","0","0","H87","0"
"100331761","3105036230P006KT","LUG STRAP E42 25A CU P006","","FLOR","1","0","0","H87","0"
"100331762","3105036230P006SM","Lug Strap E42 25A CU P006","","FLOR","1","0","0","H87","0"
"100331763","3105036230P007KT","LUG STRAP E42 25A CU P007","","FLOR","1","0","0","H87","0"
"100331764","3105036230P007SM","Lug Strap E42 25A CU P007","","FLOR","1","0","0","H87","0"
"100331765","3105036230P008KT","LUG STRAP E42 25A CU P008","","FLOR","1","0","0","H87","0"
"100331766","3105036230P008SM","Lug Strap E42 25A CU P008","","FLOR","1","0","0","H87","0"
"100331767","3105036230P009KT","LUG STRAP E42 25A CU P009","","FLOR","1","0","0","H87","0"
"100331768","3105036230P009SM","Lug Strap E42 25A CU P009","","FLOR","1","0","0","H87","0"
"100331769","3105036231P001SM","LUG STRAP E42 25A AL P001","","FLOR","1","0","0","H87","0"
"100331770","3105036231P004SM","LUG STRAP E42 25A AL P004","","FLOR","1","0","0","H87","0"
"100331771","3105036231P005SM","LUG STRAP E42 25A AL P005","","FLOR","1","0","0","H87","0"
"100331772","3105036231P006SM","LUG STRAP E42 25A AL P006","","FLOR","1","0","0","H87","0"
"100331773","3105036231P007SM","LUG STRAP E42 25A AL P007","","FLOR","1","0","0","H87","0"
"100331774","3105036231P009SM","LUG STRAP E42 25A AL P009","","FLOR","1","0","0","H87","0"
"100331775","3105036233P002","E42 25A Lug Bracket String T25","","FLOR","7","0","0","H87","0"
"100331776","3105036235P001","E42 25A LUGS CHANEL 30W","","FLOR","2","0","0","H87","0"
"100331777","3105036235P002","E42 25A Lugs Chanel 35W","","FLOR","3","0","0","H87","0"
"100331778","3105042447P001SM","25A AL NEUTRAL SPLICE BUSBAR","","FLOR","16","0","0","H87","0"
"100331779","3105042447P002SM","30A AL NEUTRAL SPLICE BUSBAR","","FLOR","8","0","0","H87","0"
"100331780","3105049601P001","EUSERC DOOR HINGED 50W","","FLOR","3","0","0","H87","0"
"100331781","3105049601P005","EUSERC AUX BLANK 50W","","FLOR","2","0","0","H87","0"
"100331782","3105049601P006","EUSERC AUX BLANK 40W","","FLOR","1","0","0","H87","0"
"100331783","3105079665P","3105079665P","","FLOR","6","0","0","H87","0"
"100331784","3105079665P002","E4.2 BREAKER DOOR PIANO HINGE","","FLOR","8","0","0","H87","0"
"100331785","3105080142P001SM","EU ADAPTER 30A AL PH B&C","","FLOR","3","0","0","H87","0"
"100331786","3105080142P002SM","EU ADAPTER 30A AL PH A","","FLOR","1","0","0","H87","0"
"100331787","3105081060P001SM","EU RISER 30A AL PH B","","FLOR","1","0","0","H87","0"
"100331788","3105081060P002SM","EU RISER 30A AL PH C","","FLOR","3","0","0","H87","0"
"100331789","3105088617P001","RSBC EUSERC SH BACKPLATE","","FLOR","3","0","0","H87","0"
"100331790","3105091742P001","RSBC EUSERC SH WALL MOUNT","","FLOR","5","0","0","H87","0"
"100331791","3105133314P001SM","30A AL CB LD TIERS PH B","","FLOR","3","0","0","H87","0"
"100331792","3105133314P002SM","30A AL CB LD TIERS PH B","","FLOR","4","0","0","H87","0"
"100331793","3105133314P003SM","30A AL CB LD TIERS PH A&C","","FLOR","4","0","0","H87","0"
"100331794","3105133314P004SM","30A AL CB LD TIERS PH A&C","","FLOR","4","0","0","H87","0"
"100331795","3105133314P005SM","30A AL CB LD TIERS PH A&C","","FLOR","4","0","0","H87","0"
"100331796","3105133314P006SM","30A AL CB LD TIERS PH A&C","","FLOR","4","0","0","H87","0"
"100331797","3105150394P003SM","EU TIER STRAP 20A AL PH A&C","","FLOR","12","0","0","H87","0"
"100331798","3105150394P004SM","EU TIER STRAP 20A AL PH A&C","","FLOR","1","0","0","H87","0"
"100331799","3105151759P002SM","AL 30A EU CB RISERS PH ABC","","FLOR","2","0","0","H87","0"
"100331800","3105194293P001","GMM SUPPORT EXTENSION","","FLOR","12","0","0","H87","0"
"100331801","3105196957P001SM","EU CB TIER STRAP 40A AL PH A&C","","FLOR","2","0","0","H87","0"
"100331802","3105196957P002SM","EU CB TIER STRAP 40A AL PH A&C","","FLOR","2","0","0","H87","0"
"100331803","3105196957P003SM","EU CB TIER STRAP 40A AL PH A&C","","FLOR","2","0","0","H87","0"
"100331804","3105196957P004SM","EU CB TIER STRAP 40A AL PH A&C","","FLOR","2","0","0","H87","0"
"100331805","3105198679P001SM","EU CB TIER STRAP 40A AL PH B","","FLOR","8","0","0","H87","0"
"100331806","3105199460P001KT","VEUSERC NEUT BONDING JUMPER 25A","","FLOR","1","0","0","H87","0"
"100331807","3105199460P002KT","VEUSERC NEUT BONDING JUMPER 30A","","FLOR","1","0","0","H87","0"
"100331808","3105199460P002SM","VEUSERC NEUT BONDING JUMPER 30A","","FLOR","1","0","0","H87","0"
"100331809","3105199460P004SM","VEUSERC VERT NEUT BONDING JUMPER 25-40A","","FLOR","1","0","0","H87","0"
"100331810","3105199469P002KT","VEUSERC NEUT BONDING JUMPER 30A","","FLOR","1","0","0","H87","0"
"100331811","3105223352P002","HOR BARRIER EU 25/40 50W","","FLOR","101","0","0","H87","0"
"100331812","3105227185P001KT","EU ADAPTER 30A CU PH A","","FLOR","4","0","0","H87","0"
"100331813","3105227185P002KT","EU ADAPTER 30A CU PH B&C","","FLOR","1","0","0","H87","0"
"100331814","3105227185P003KT","EU ADAPTER 30A CU PH A","","FLOR","1","0","0","H87","0"
"100331815","3105227210P002KT","EU RISER 30A CU PH C","","FLOR","2","0","0","H87","0"
"100331816","3105231297P001KT","30A CU CB LD RISERS PH A","","FLOR","12","0","0","H87","0"
"100331817","3105231297P002KT","30A CU CB LD RISERS PH B","","FLOR","12","0","0","H87","0"
"100331818","3105231297P003KT","30A CU CB LD RISERS PH C","","FLOR","15","0","0","H87","0"
"100331819","3105231327P001KT","30A CU CB LD TIERS PH B","","FLOR","12","0","0","H87","0"
"100331820","3105231327P002KT","30A CU CB LD TIERS PH B","","FLOR","15","0","0","H87","0"
"100331821","3105231327P003KT","30A CU CB LD TIERS PH A&C","","FLOR","10","0","0","H87","0"
"100331822","3105231327P004KT","30A CU CB LD TIERS PH A&C","","FLOR","10","0","0","H87","0"
"100331823","3105243643P001SM","NEUT LUGSTRAP EU AL 20A 40W","","FLOR","2","0","0","H87","0"
"100331824","3105244400P001KT","NEUT LUGSTRAP EU CU 20A 40W","","FLOR","2","0","0","H87","0"
"100331825","3105248373P001SM","NEUT LDG ADPTR FRONT EU AL 12A 35D","","FLOR","5","0","0","H87","0"
"100331826","3105248373P002SM","NEUT LDG ADPTR REAR EU AL 12A 35D","","FLOR","5","0","0","H87","0"
"100331827","3105248383P001SM","NEUT LUGSTRAP EU AL 12A 40W","","FLOR","1","0","0","H87","0"
"100331828","3105258659P001SM","EU ADAPTER 12A AL","","FLOR","12","0","0","H87","0"
"100331829","3105258775P001SM","EU TIER STRAP 12A AL PH A","","FLOR","8","0","0","H87","0"
"100331830","3105258775P002SM","EU TIER STRAP 12A AL PH B","","FLOR","4","0","0","H87","0"
"100331831","3105258959P001SM","EU RISER 20A AL PH B","","FLOR","4","0","0","H87","0"
"100331832","3105258959P002SM","EU RISER 20A AL PH C","","FLOR","4","0","0","H87","0"
"100331833","3105403688P002","CHANNEL BRACE 50W 25/30A","","FLOR","1","0","0","H87","0"
"100331834","3105450815P001KT","CICO BLANK GROUND TO GROUND S SHAPED BAR","","FLOR","3","0","0","H87","0"
"100331835","3105450815P002KT","CICO BLANK GROUND TO GROUND L SHAPED BAR","","FLOR","3","0","0","H87","0"
"100331836","3105450815P002SM","CiCo Blank Ground to Ground L Shaped Bar","","FLOR","1","0","0","H87","0"
"100331837","3105456535P001KT","CICO BLANK GROUND TO GROUND PLATE","","FLOR","3","0","0","H87","0"
"100331838","3105456535P001SM","CiCo Blank Ground to Ground Plate","","FLOR","3","0","0","H87","0"
"100331839","3105460490P01","EU Bracing Bracket A","","FLOR","200","0","0","H87","0"
"100331840","3105460490P03","EU Bracing Bracket C","","FLOR","4","0","0","H87","0"
"100331841","3105460490P04","EU Bracing Bracket D","","FLOR","24","0","0","H87","0"
"100331842","3105475849P001KT","40A CU LUG STRAP LF I","","FLOR","3","0","0","H87","0"
"100331843","3105475849P002KT","40A CU LUG STRAP LF II","","FLOR","1","0","0","H87","0"
"100331844","3105481435P002SM","40A AL LUG STRAP LF II","","FLOR","1","0","0","H87","0"
"100331845","3105484584P01KT","SC C/T STRAP UPPER 12-40A","","FLOR","3","0","0","H87","0"
"100331846","3105484596P01KT","C/T STRAP UPPER 12-40 A","","FLOR","9","0","0","H87","0"
"100331847","3105485533P001KT","40A CU LUG STRAP RH I","","FLOR","3","0","0","H87","0"
"100331848","3105485533P002KT","40A CU LUG STRAP RH II","","FLOR","1","0","0","H87","0"
"100331849","3105488144P001KT","40A CU MB ADAPTER PHASE A/C IN","","FLOR","2","0","0","H87","0"
"100331850","3105488144P002KT","40A CU MB ADAPTER PHASE A/C OUT","","FLOR","2","0","0","H87","0"
"100331851","3105488282P001KT","40A CU MB NEUTRAL ADAPTER IN","","FLOR","1","0","0","H87","0"
"100331852","3105488282P002KT","40A CU MB NEUTRAL ADAPTER OUT","","FLOR","1","0","0","H87","0"
"100331853","3105496200P101KT","SC C/T STRAP LOWER 12-40A","","FLOR","11","0","0","H87","0"
"100331854","3105496200P102KT","SC C/T STRAP LOWER 40A","","FLOR","18","0","0","H87","0"
"100331855","3105496214P01SM","C/T STRAP LINK 12-40A","","FLOR","15","0","0","H87","0"
"100331856","3105496218P01SM","SA C/T STRAP LOWER 12-40A","","FLOR","116","0","0","H87","0"
"100331857","3105507574P001SM","30A AL LUG STRAL RH","","FLOR","3","0","0","H87","0"
"100331858","3105507575P001SM","30A AL LUG STRAP LS","","FLOR","8","0","0","H87","0"
"100331859","3105507905P001SM","30A AL MB ADAPTER PHASE A I","","FLOR","2","0","0","H87","0"
"100331860","3105507905P002SM","30A AL MB ADAPTER PHASE A II","","FLOR","2","0","0","H87","0"
"100331861","3105507905P003SM","30A AL MB ADAPTER PHASE A III","","FLOR","2","0","0","H87","0"
"100331862","3105507905P004SM","30A AL MB ADAPTER PHASE B I","","FLOR","2","0","0","H87","0"
"100331863","3105507905P005SM","30A AL MB ADAPTER PHASE B II","","FLOR","2","0","0","H87","0"
"100331864","3105507905P006SM","30A AL MB ADAPTER PHASE B III","","FLOR","2","0","0","H87","0"
"100331865","3105507905P007SM","30A AL MB ADAPTER PHASE C I","","FLOR","2","0","0","H87","0"
"100331866","3105507905P008SM","30A AL MB ADAPTER PHASE C II","","FLOR","2","0","0","H87","0"
"100331867","3105507905P009SM","30A AL MB ADAPTER PHASE C III","","FLOR","2","0","0","H87","0"
"100331868","3105507907P002SM","25A AL MB ADAPTER PHASE A I","","FLOR","1","0","0","H87","0"
"100331869","3105507917P002","50W EP LUG LANDING BARRIER 11/6CL","","FLOR","1","0","0","H87","0"
"100331870","3105525910P001KT","30A CU LUG STRAP RH","","FLOR","1","0","0","H87","0"
"100331871","3105525919P001KT","30A CU LUG STRAP LS","","FLOR","9","0","0","H87","0"
"100331872","3105526603P001KT","30A CU MB ADAPTER PHASE A IN","","FLOR","3","0","0","H87","0"
"100331873","3105526603P002KT","30A CU MB ADAPTER PHASE A OUT","","FLOR","3","0","0","H87","0"
"100331874","3105526603P005KT","30A CU MB ADAPTER PHASE C IN","","FLOR","3","0","0","H87","0"
"100331875","3105526603P006KT","30A CU MB ADAPTER PHASE C OUT","","FLOR","3","0","0","H87","0"
"100331876","3105526604P001KT","25A CU MB ADAPTER PHASE A IN","","FLOR","1","0","0","H87","0"
"100331877","3105526604P002KT","25A CU MB ADAPTER PHASE A OUT","","FLOR","1","0","0","H87","0"
"100331878","3105526604P003KT","25A CU MB ADAPTER PHASE B IN","","FLOR","1","0","0","H87","0"
"100331879","3105526604P004KT","25A CU MB ADAPTER PHASE B OUT","","FLOR","1","0","0","H87","0"
"100331880","3105526604P005KT","25A CU MB ADAPTER PHASE C IN","","FLOR","1","0","0","H87","0"
"100331881","3105526604P006KT","25A CU MB ADAPTER PHASE C OUT","","FLOR","1","0","0","H87","0"
"100331882","3105570069P003","25-30A CL AL/CU R Brace","","FLOR","4","0","0","H87","0"
"100331883","3105570069P004","40A CL AL F Brace","","FLOR","99","0","0","H87","0"
"100331884","3105570069P005","40A CL AL/CU R Brace","","FLOR","99","0","0","H87","0"
"100331885","3105571978P001KT","30A CU MB NEUTRAL ADAPTER IN","","FLOR","2","0","0","H87","0"
"100331886","3105571978P002KT","30A CU MB NEUTRAL ADAPTER OUT","","FLOR","2","0","0","H87","0"
"100331887","3105571979P001KT","25A CU MB NEUTRAL ADAPTER IN","","FLOR","1","0","0","H87","0"
"100331888","3105571979P002KT","25A CU MB NEUTRAL ADAPTER OUT","","FLOR","1","0","0","H87","0"
"100331889","3105579296P001SM","30A AL MB NEUTRAL ADAPTER I","","FLOR","2","0","0","H87","0"
"100331890","3105579296P002SM","30A AL MB NEUTRAL ADAPTER II","","FLOR","2","0","0","H87","0"
"100331891","3105581254P002","HOR BARRIER NEU EU 25/40A 50W","","FLOR","101","0","0","H87","0"
"100331892","3105590467P001","BRACKET BARRIERS EU 25/30A","","FLOR","18","0","0","H87","0"
"100331893","3105590467P002","BRACKET BARRIERS EU 40A","","FLOR","200","0","0","H87","0"
"100331894","3105594633P001SM","25A AL VERUSERC NEUT SPLICE","","FLOR","8","0","0","H87","0"
"100331895","3105594633P002SM","30A AL VERUSERC NEUT SPLICE","","FLOR","6","0","0","H87","0"
"100331896","3105625104P001SM","30A AL CB LD RISERS PH A","","FLOR","10","0","0","H87","0"
"100331897","3105625104P002SM","30A AL CB LD RISERS PH B","","FLOR","10","0","0","H87","0"
"100331898","3105625104P003SM","30A AL CB LD RISERS PH C","","FLOR","10","0","0","H87","0"
"100331899","3105634827P002","FIBER PROTECTOR 25/30A","","FLOR","199","0","0","H87","0"
"100331900","3105673729P001SM","EU ADAPTER 25A AL PH B&C","","FLOR","16","0","0","H87","0"
"100331901","3105673729P002SM","EU ADAPTER 25A AL PH A","","FLOR","2","0","0","H87","0"
"100331902","3105673729P003SM","EU ADAPTER 25A AL PH A","","FLOR","2","0","0","H87","0"
"100331903","3105679808P002","40A 50N 35D EU FHB PART","","FLOR","90","0","0","H87","0"
"100331904","3105679808P004","40A 10N 35D EU FHB PART","","FLOR","89","0","0","H87","0"
"100331905","3105679873P001SM","EU RISER 25A AL PH B","","FLOR","8","0","0","H87","0"
"100331906","3105679873P002SM","EU RISER 25A AL PH C","","FLOR","8","0","0","H87","0"
"100331907","3105680503P002SM","EU TIER STRAP 30A AL PH A&C","","FLOR","2","0","0","H87","0"
"100331908","3105701824P001KT","EU TIER STRAP 30A CU PH B","","FLOR","5","0","0","H87","0"
"100331909","3105727288P001SM","VEUSERC NEUT RISER AL 25A","","FLOR","1","0","0","H87","0"
"100331910","3105727288P002SM","VEUSERC NEUT RISER AL 25A","","FLOR","2","0","0","H87","0"
"100331911","3105727288P003SM","VEUSERC NEUT RISER AL 30A","","FLOR","1","0","0","H87","0"
"100331912","3105727288P004SM","VEUSERC NEUT RISER AL 30A","","FLOR","1","0","0","H87","0"
"100331913","3105727288P005SM","VEUSERC NEUT RISER AL 30A","","FLOR","1","0","0","H87","0"
"100331914","3105727288P007SM","VEUSERC NEUT RISER AL 40A","","FLOR","2","0","0","H87","0"
"100331915","3105754141P001KT","RSBC AE CU NEUTRAL DISCONNECT 12A","","FLOR","14","0","0","H87","0"
"100331916","3105754141P003KT","RSBC AE CU NEUTRAL DISCONNECT 30A","","FLOR","26","0","0","H87","0"
"100331917","3105754141P004KT","RSBC AE CU NEUTRAL DISCONNECT 40A","","FLOR","10","0","0","H87","0"
"100331918","3105760556P001SM","RSBC AE AL NEUTRAL DISCONNECT 12A","","FLOR","7","0","0","H87","0"
"100331919","3105760556P003SM","RSBC AE AL NEUTRAL DISCONNECT 20A","","FLOR","6","0","0","H87","0"
"100331920","3105760556P005SM","RSBC AE AL NEUTRAL DISCONNECT 40A","","FLOR","14","0","0","H87","0"
"100331921","3105770150P002KT","CU NEUTRAL BUSBAR 30A","","FLOR","9","0","0","H87","0"
"100331922","3105770150P003KT","CU NEUTRAL BUSBAR 40A","","FLOR","2","0","0","H87","0"
"100331923","3105866217P003SM","40A AL CB LD TIERS PH ABC","","FLOR","5","0","0","H87","0"
"100331924","3105893453P002","RSBC EUSERC AUX HORIZONTAL SUPPORT 40W","","FLOR","7","0","0","H87","0"
"100331925","3105894854P001","RSBC EUSERC AUX SUPPORT VERT","","FLOR","6","0","0","H87","0"
"100331926","3105944193P001","SBD ENCOLOSURE 50W","","FLOR","2","0","0","H87","0"
"100331927","3105973237P002KT","CU VERUSERC NEUT SPLICE 30A","","FLOR","6","0","0","H87","0"
"100331928","3105973256P003KT","VEUSERC NEUT RISER CU 30A CONN 1","","FLOR","4","0","0","H87","0"
"100331929","3105973256P004KT","VEUSERC NEUT RISER CU 30A CONN 2","","FLOR","4","0","0","H87","0"
"100331930","3105973256P005KT","VEUSERC NEUT RISER CU 30A CONN 3","","FLOR","4","0","0","H87","0"
"100331931","3105984093P001SM","Tiers 30A CT 1","","FLOR","4","0","0","H87","0"
"100331932","3105984093P002SM","Tiers 30A CT 2","","FLOR","4","0","0","H87","0"
"100331933","3105984093P003SM","Tiers 30A CT 3","","FLOR","4","0","0","H87","0"
"100331934","3105984093P004SM","Tiers 30A CT 4","","FLOR","4","0","0","H87","0"
"100331938","3105984093P008SM","Tiers 30A CT Mid 3","","FLOR","2","0","0","H87","0"
"100331939","3105984093P009SM","Tiers 30A CT HOT 1","","FLOR","2","0","0","H87","0"
"100331940","3105984093P015SM","Tiers 30A CT HOT Mid 2","","FLOR","1","0","0","H87","0"
"100331941","3105988416P001","BRACING BRACKET TIERS EU","","FLOR","3","0","0","H87","0"
"100331944","3106062187P003SM","30A MB RISER 1","","FLOR","8","0","0","H87","0"
"100331945","3106062187P004SM","30A MB RISER 2","","FLOR","8","0","0","H87","0"
"100331946","3106062187P005SM","30A MB RISER 3","","FLOR","8","0","0","H87","0"
"100331948","3106167586P001","Extra bracket bracing tiers 40A EU","","FLOR","21","0","0","H87","0"
"100331949","3106286290P001","EUSERC 30A RISER CU BRACING 35W","","FLOR","17","0","0","H87","0"
"100331950","3106286290P002","EUSERC 30A RISER AL BRACING 35W","","FLOR","1","0","0","H87","0"
"100331951","3106295944P001","EU 30A CU & AL RISER BRACKET","","FLOR","24","0","0","H87","0"
"100331952","3106300926P001SM","20A AL CT CB TIERS 1","","FLOR","1","0","0","H87","0"
"100331953","3106301784P002SM","20A AL CT MB RISERS 1","","FLOR","12","0","0","H87","0"
"100331954","3106301784P003SM","20A AL CT MB RISERS 2","","FLOR","10","0","0","H87","0"
"100331955","3106301784P004SM","20A AL CT MB RISERS 3","","FLOR","10","0","0","H87","0"
"100331956","3106301784P005SM","20A AL CT CB RISERS 2","","FLOR","4","0","0","H87","0"
"100331957","3106320057P001","EU 30A CU & AL BRACING ST BRACKET","","FLOR","4","0","0","H87","0"
"100331958","3106383531P001SM","AL RISER 40A PHA","","FLOR","8","0","0","H87","0"
"100331959","3106383531P002SM","AL RISER 40A PHB","","FLOR","8","0","0","H87","0"
"100331960","3106383531P003SM","AL RISER 40A PHC","","FLOR","8","0","0","H87","0"
"100331961","3106396145P001","Full height barrier 50DP","","FLOR","1","0","0","H87","0"
"100331962","3106396146P001","Full height barrier 50 DP","","FLOR","1","0","0","H87","0"
"100331963","3106415447P003","Bracing face wise 40w NEU 12a","","FLOR","1","0","0","H87","0"
"100331964","3106416083P018","Bracket face wise bracing_7","","FLOR","2","0","0","H87","0"
"100331965","3106418000P002","Bracing face wise 40w NEU gen__INST1","","FLOR","2","0","0","H87","0"
"100331966","3106418002P001","Bracket face wise bracing NEU F","","FLOR","27","0","0","H87","0"
"100331967","3106495827P001KT","Neutral Tap Euserc 25A-40A","","FLOR","13","0","0","H87","0"
"100331968","3106503488P001KT","Neutral Tap Euserc 25A-40A","","FLOR","14","0","0","H87","0"
"100331969","3106503488P001SM","Neutral Tap Euserc 25A-40A","","FLOR","1","0","0","H87","0"
"100331970","3106503494P001","Neutral Tap Z Bracket Type 1","","FLOR","4","0","0","H87","0"
"100331971","3106535279P001SM","Lug Risers 20A AL","","FLOR","1","0","0","H87","0"
"100331972","3106620746P001","UTY Barrier 40W","","FLOR","2","0","0","H87","0"
"100331973","3106671136P001","3106671136P001","","FLOR","44","0","0","H87","0"
"100331974","3106710985P002","TOP & BOT AL C/T BARR 40W 18","","FLOR","4","0","0","H87","0"
"100331975","3106710985P004","TOP & BOT AL C/T BARR 45W 18","","FLOR","2","0","0","H87","0"
"100331976","3106717207P002","C/T VERTICAL BARR AL 18D","","FLOR","2","0","0","H87","0"
"100331977","3106717207P003","C/T VERTICAL BARR AL 18D 36H","","FLOR","2","0","0","H87","0"
"100331980","3106742032P003","C/T BACK PLATE AL 40W 36H","","FLOR","1","0","0","H87","0"
"100331981","3106747951P001","Holding Bracket Lugs Straps","","FLOR","2","0","0","H87","0"
"100331982","3106747951P002","Holding Bracket Lugs Straps","","FLOR","3","0","0","H87","0"
"100331983","3106747976P018","Left door Non-EU 40W 40H S13 & S18","","FLOR","2","0","0","H87","0"
"100331984","3106804159P001","Spacer 0.25 thknss sq holes 1.5 cl","","FLOR","7","0","0","H87","0"
"100331985","3106804159P002","Spacer 0.25 thknss sq holes 3 cl","","FLOR","6","0","0","H87","0"
"100331986","3106804159P003","Spacer 0.25 thknss sq holes 3.75 cl","","FLOR","4","0","0","H87","0"
"100331987","3106810992P025","Right Door Non-EU 40W 28H S18","","FLOR","1","0","0","H87","0"
"100331988","3106810992P027","Right Door Non-EU 40W 40H S18","","FLOR","3","0","0","H87","0"
"100331989","3106871353P001","CT COMPARTMENT BRACKET East Utys","","FLOR","4","0","0","H87","0"
"100331990","3106916354P002","SHIPPING BRACE SHEET","","FLOR","3","0","0","H87","0"
"100331991","3107061459P001","UTILITY COMPARTMENT BP INSULATOR BARRIER","","FLOR","11","0","0","H87","0"
"100331992","3107061459P005","UTILITY COMPARTMENT BP INSULATOR BARRIER","","FLOR","1","0","0","H87","0"
"100331993","3107062275P001","UTILITY COMPARTMENT PLATE INSULATOR BARR","","FLOR","20","0","0","H87","0"
"100331994","3107062275P002","UTILITY COMPARTMENT PLATE INSULATOR BARR","","FLOR","1","0","0","H87","0"
"100331995","3107062275P004","UTILITY COMPARTMENT PLATE INSULATOR BARR","","FLOR","2","0","0","H87","0"
"100331996","3107062982P001","UTILITY COMPARTMENT SW INSULATOR BARRIER","","FLOR","12","0","0","H87","0"
"100331997","3107062982P003","UTILITY COMPARTMENT SW INSULATOR BARRIER","","FLOR","16","0","0","H87","0"
"100331998","3107174927P004","S ASM DOOR HINGED","","FLOR","1","0","0","H87","0"
"100332000","3107478734P004KT","20A CU CT CB TIERS 4","","FLOR","4","0","0","H87","0"
"100332001","3107478734P005KT","20A CU CT CB TIERS 5","","FLOR","4","0","0","H87","0"
"100332002","3107478734P006KT","20A CU CT CB TIERS 6","","FLOR","4","0","0","H87","0"
"100332003","3107486878P001KT","20A CU CT CB RISERS 1","","FLOR","9","0","0","H87","0"
"100332004","3107486878P002KT","20A CU CT MB RISERS 1","","FLOR","2","0","0","H87","0"
"100332005","3107486878P003KT","20A CU CT MB RISERS 2","","FLOR","3","0","0","H87","0"
"100332006","3107486878P004KT","20A CU CT MB RISERS 3","","FLOR","4","0","0","H87","0"
"100332007","3107507460P001","SUPPORT BRACKET","","FLOR","2","0","0","H87","0"
"100332008","3107510376P002SM","HORIZONTAL COLD CT LINK 13D 30A PHA T","","FLOR","1","0","0","H87","0"
"100332009","3107584458P001","SM COVER PS UNIT 9H 40W","","FLOR","79","0","0","H87","0"
"100332010","3107611784P002","SSM BASE PL W/PUNCH, 20WX8H","","FLOR","1","0","0","H87","0"
"100332011","3107613272P002","UE SPLICE BRACKET 30A","","FLOR","1","0","0","H87","0"
"100332012","3107616407P008SM","UE AL NEUT GF OFF ADAPTER 30A","","FLOR","2","0","0","H87","0"
"100332013","3107616407P009SM","UE AL NEUT GF OFF ADAPTER 30A","","FLOR","2","0","0","H87","0"
"100332014","3107616407P010SM","UE AL NEUT GF OFF ADAPTER 30A","","FLOR","2","0","0","H87","0"
"100332015","3107634576P001","UE NEUTRAL VERTICAL BRACKET 12A/30A AL","","FLOR","1","0","0","H87","0"
"100332016","3107655868P01","30A MB Riser Bracing Bar","","FLOR","4","0","0","H87","0"
"100332017","3107655868P02","30A CB Riser Bracing Bar","","FLOR","2","0","0","H87","0"
"100332018","3107658662P02","30A CB Riser Bracket Cold","","FLOR","6","0","0","H87","0"
"100332019","3107658662P03","30A MB Riser Bracket HOT","","FLOR","4","0","0","H87","0"
"100332020","3107658662P05","40A CB Riser Bracket Cold","","FLOR","6","0","0","H87","0"
"100332021","3107658662P06","30A MB Riser Bracker type 2","","FLOR","2","0","0","H87","0"
"100332022","3107658662P07","30A CB Riser Bracket Type 2","","FLOR","8","0","0","H87","0"
"100332023","3107659322P001","UE SPLICE BRACKET","","FLOR","3","0","0","H87","0"
"100332024","3107669507P001","UMC mtg base for pts 40w","","FLOR","12","0","0","H87","0"
"100332025","3107706067P01","30A CT Comp Bracing Bar","","FLOR","4","0","0","H87","0"
"100332026","3107754283P001","3107754283P","","FLOR","8","0","0","H87","0"
"100332027","3107826400P001SM","UE 30A AL SPACER","","FLOR","6","0","0","H87","0"
"100332028","3108048691P001","Sup insulator 40A OU CTO","","FLOR","3","0","0","H87","0"
"100332029","3108179697P001","Blank XT5 MOE Cvr cables","","FLOR","3","0","0","H87","0"
"100332030","3108216058P001","Bracket right side XT5 MOE","","FLOR","3","0","0","H87","0"
"100332031","3108216069P001","CVR XT5 MOE right","","FLOR","3","0","0","H87","0"
"100332032","3108399322P001","UTY CMPT INSULATOR BACKPLATE 40W 28H","","FLOR","6","0","0","H87","0"
"100332033","3108399322P003","UTY CMPT INSULATOR BACKPLATE 40W 40H","","FLOR","6","0","0","H87","0"
"100332034","3108989422P001","BKT_CORNER_COMPARTMENT","","FLOR","59","0","0","H87","0"
"100332035","3108989422P002","BKT_CORNER_COMPARTMENT SPACER","","FLOR","78","0","0","H87","0"
"100332036","3108989423P001","BRACKET PT MOUNT","","FLOR","2","0","0","H87","0"
"100332037","3109010966P001","EMAX ATO BTM COVER","","FLOR","2","0","0","H87","0"
"100332038","3109245369P001","EMAX ATO TOP DOOR PLATE","","FLOR","2","0","0","H87","0"
"100332039","3109251311P001","BASE PLATE BOTTOM","","FLOR","1","0","0","H87","0"
"100332040","3109433076P001","VEUSERC SUPPORT BUS BARS EB SECTION_INST","","FLOR","6","0","0","H87","0"
"100332041","3109564274P001","RSBC AE 30A NEUTRAL RISER SUPPORT","","FLOR","6","0","0","H87","0"
"100332042","3109621412P005KT","E6.2 Terminal ExtensionMU R OUT","","FLOR","6","0","0","H87","0"
"100332043","3109722800P001","P/T MTG pan EUSERC 40W","","FLOR","3","0","0","H87","0"
"100332044","3109949517P001","DEVICE MNTG BRKT REAR POST","","FLOR","4","0","0","H87","0"
"100332045","31115572589P002","RELIAGEAR XT5 1X BLANK","","FLOR","1357","0","0","H87","0"
"100332046","331A2291P1","SM BARRIER SUPPORT","","FLOR","8","0","0","H87","0"
"100332047","331A2847P1","BM BRKT","","FLOR","12","0","0","H87","0"
"100332048","331A3939P1","BM 3PT ROD CATCH","","FLOR","12","0","0","H87","0"
"100332049","370A1001P1","MTNG_SSS-PSTX_PLT_CTRL_23H","","FLOR","12","0","0","H87","0"
"100332050","370A1001P10","MTNG_SSS-PSTX_PLT_CTRL_41H","","FLOR","2","0","0","H87","0"
"100332051","370A1001P6","MTNG_SSS-PSTX_PLT_CTRL_27H_SZ4","","FLOR","4","0","0","H87","0"
"100332052","370A1002P14","MTNG_SSS-PSTX_PLT 24W X 24H","","FLOR","3","0","0","H87","0"
"100332053","370A1002P18","MTNG_SSS-PSTX_PLT 24W X 15H B","","FLOR","2","0","0","H87","0"
"100332054","370A1002P3","MTNG_SSS-PSTX_PLT 20W X 36H","","FLOR","6","0","0","H87","0"
"100332055","370A1002P5","MTNG_SSS-PSTX_PLT 20W X 30H","","FLOR","2","0","0","H87","0"
"100332056","370A1003P1","MOUNTING BRACKET 8.5 H X 12.32 W","","FLOR","3","0","0","H87","0"
"100332057","370A1007P2","BRKT_SSS-PSTX_FDR_H","","FLOR","9","0","0","H87","0"
"100332058","370A1008P5","PLT_SSS-PSTX_FS_SZ6&7_SHORT","","FLOR","2","0","0","H87","0"
"100332059","370A1012P31","MOUNTING_PLATE_BLANK","","FLOR","1","0","0","H87","0"
"100332060","370A1012P32","MOUNTING_PLATE_BLANK","","FLOR","9","0","0","H87","0"
"100332061","370A1012P33","MOUNTING_PLATE_BLANK","","FLOR","2","0","0","H87","0"
"100332062","370A1012P34","MOUNTING_PLATE_BLANK","","FLOR","2","0","0","H87","0"
"100332063","370A1012P36","MOUNTING_PLATE_BLANK","","FLOR","1","0","0","H87","0"
"100332064","370A1012P41","MOUNTING_PLATE_BLANK","","FLOR","1","0","0","H87","0"
"100332065","370A1012P43","MOUNTING_PLATE_BLANK","","FLOR","1","0","0","H87","0"
"100332066","370A1012P45","MOUNTING_PLATE_BLANK","","FLOR","4","0","0","H87","0"
"100332067","370A1012P52","MOUNTING_PLATE_BLANK 30W X 48H","","FLOR","1","0","0","H87","0"
"100332068","370A1012P8","MOUNTING_PLATE_BLANK","","FLOR","2","0","0","H87","0"
"100332069","370A1023P2","TOP BARRIER FMP","","FLOR","31","0","0","H87","0"
"100332070","370A1023P3","TOP BARRIER FMP","","FLOR","14","0","0","H87","0"
"100332071","370A1023P4","TOP BARRIER FMP","","FLOR","2","0","0","H87","0"
"100332072","370A1025P1","MOUNTING BRACKET 8.5H X 9W FUSES_SZ4","","FLOR","2","0","0","H87","0"
"100332073","370A1025P3","MOUNTING BRACKET 6.1H X 10W FUSES_SZ4","","FLOR","3","0","0","H87","0"
"100332074","370A1047P2","XT7 MAINS","","FLOR","1","0","0","H87","0"
"100332075","370A1048P3","XT7 MAINS","","FLOR","3","0","0","H87","0"
"100332076","370A1050P1","BK-PL_12_FVC_PL-IN_T1/T12","","FLOR","4","0","0","H87","0"
"100332077","370A1069P2","VFD CONTROL SUPPORT R10 2500A","","FLOR","3","0","0","H87","0"
"100332078","370A1086P1","Key pad support","","FLOR","29","0","0","H87","0"
"100332079","370A1088P1","XT5/XT7 SECURE PADLOCK BRACKET","","FLOR","50","0","0","H87","0"
"100332080","370A1096P1","MTG_BRKT_FVNR_CONT_SZ1","","FLOR","1","0","0","H87","0"
"100332081","370A1110P1","BRKT_J_BARRIER_SZ5_L1","","FLOR","1","0","0","H87","0"
"100332082","370A1110P2","BRKT_J_BARRIER_SZ5_L2","","FLOR","1","0","0","H87","0"
"100332083","370A1167P1","XFMR TRF MNTG PLATE 30W","","FLOR","2","0","0","H87","0"
"100332084","370A1167P2","XFMR TRF MNTG PLATE 24W","","FLOR","2","0","0","H87","0"
"100332085","370A1168P1","MNTG BRACKET","","FLOR","2","0","0","H87","0"
"100332086","370A1168P10","MNTG BRACKET","","FLOR","3","0","0","H87","0"
"100332087","370A1168P2","MNTG BRACKET","","FLOR","2","0","0","H87","0"
"100332088","370A1168P9","MNTG BRACKET","","FLOR","3","0","0","H87","0"
"100332089","370A1169P1","XMFR PLATE MNTG BRACKET","","FLOR","4","0","0","H87","0"
"100332090","370A1169P2","XMFR PLATE MNTG BRACKET","","FLOR","4","0","0","H87","0"
"100332091","370A1170P1","XMFR MNTG BRACKET RIB","","FLOR","10","0","0","H87","0"
"100332092","370A1170P5","VFD MNTG BRACKET RIB","","FLOR","12","0","0","H87","0"
"100332093","370A1171P1","XFMR TRF SUPPORT","","FLOR","1","0","0","H87","0"
"100332094","370A1171P2","XFMR TRF SUPPORT","","FLOR","4","0","0","H87","0"
"100332095","370A1212P1","EMAX 2.2 BACKPLATE TOP 30W","","FLOR","2","0","0","H87","0"
"100332096","370A1222P1","EMAX SE BRACKET ADAPTER","","FLOR","2","0","0","H87","0"
"100332097","370A1228P1","XT7 HANDLE BACK PLATE W20","","FLOR","17","0","0","H87","0"
"100332098","370A1232P1","BEZEL BRACKET XT7 HANDLE T1","","FLOR","27","0","0","H87","0"
"100332099","370A1233P1","PIVOT ANGLE XT7 HANDLE T1/T12","","FLOR","18","0","0","H87","0"
"100332100","370A1237P1","RIGHT PIVOT ANGLE XT7 HANDLE T1","","FLOR","26","0","0","H87","0"
"100332101","370A1245P1","PLATE","","FLOR","3","0","0","H87","0"
"100332102","370A1246P1","XT5_MAINS_COMPT BRACKET 20W","","FLOR","3","0","0","H87","0"
"100332103","370A1246P2","XT5_MAINS_COMPT BRACKET 20W_SMALL","","FLOR","2","0","0","H87","0"
"100332104","396A1148P2","@SI SE BARRIER FLANGE CONN","","FLOR","2","0","0","H87","0"
"100332105","396A1193P551","396A1193P551.PRT","","FLOR","2","0","0","H87","0"
"100332106","396A1193P553","396a1193p553.prt","","FLOR","2","0","0","H87","0"
"100332107","396A1241P02","@SM SPACER 1HOLE 2H CHANNEL 1.50 X 1.50","","FLOR","72","0","0","H87","0"
"100332108","396A1274P01","START SHTMTL SWBD EVO","","FLOR","48","0","0","H87","0"
"100314680","N402P41B6","WASHER","","FLOR","46402.46","0","0","H87","0"
"100317711","N722EP21010B6","1/4 X 5/8 LONG SCREW","","FLOR","125470","0","0","H87","0"
"100315300","CSHR125X435X600","ASTM A1011","","FLOR","98912.34","0","0","DB","0"
"100332113","75A106510P19","C/T LINK","","FLOR","19","0","0","H87","0"
"100332114","75A106511P6","COVER PLATE","","FLOR","1","0","0","H87","0"
"100332115","75A106511P7","COVER PLATE","","FLOR","19","0","0","H87","0"
"100332116","75A302898P101","GRD LINK","","FLOR","53","0","0","H87","0"
"100332117","75A411405P10","HINGE BRKT 32H","","FLOR","14","0","0","H87","0"
"100332118","75A411405P13","HINGE BRKT 40H","","FLOR","3","0","0","H87","0"
"100332119","75A411405P21","HINGE BRKT 72H","","FLOR","1","0","0","H87","0"
"100332120","75A411405P22","HINGE BRKT 84H","","FLOR","1","0","0","H87","0"
"100332121","75A411405P3","HINGE BRKT 12H","","FLOR","141","0","0","H87","0"
"100332122","75A411405P34","HINGE PIANO 16H","","FLOR","757","0","0","H87","0"
"100332123","75A411405P38","HINGE PIANO 28H","","FLOR","50","0","0","H87","0"
"100332124","75A411405P3X","HINGE BRKT 12H","","FLOR","4","0","0","H87","0"
"100332125","75A411405P4","HINGE","","FLOR","25","0","0","H87","0"
"100332126","75A411405P5","HINGE BRKT 16H","","FLOR","40","0","0","H87","0"
"100332127","75A411405P60","MTG BRACKET","","FLOR","2","0","0","H87","0"
"100332128","75A411405P64","INSU 250 METER BARR 711/16X22","","FLOR","10","0","0","H87","0"
"100332129","75A411405P65","TERM BLK BRKT 4 TO 8 PT","","FLOR","1031","0","0","H87","0"
"100332130","75A411405P66","TERM BLK BRKT 4 T0 10 PT","","FLOR","10","0","0","EA","0"
"100332131","75A411405P69","ALUM 250 METER BARR","","FLOR","10","0","0","H87","0"
"100332132","75A411405P7","HINGE BRKT 21H","","FLOR","4","0","0","H87","0"
"100332133","75A411405P8","HINGE BRKT 24H","","FLOR","17","0","0","H87","0"
"100332134","75A411405P90","HINGE BRKT 6H","","FLOR","1","0","0","H87","0"
"100332135","75A411426P150","30 VERT POST SUPT BKT","","FLOR","14","0","0","H87","0"
"100332136","75A411426P152","30 VERT POST SUPT BKT","","FLOR","18","0","0","H87","0"
"100332137","75A411426P157","30 VERT POST SUPT BKT","","FLOR","6","0","0","H87","0"
"100315750","75A411485P1K","0.188 X 2.38 X 144 SE TIN PLATED ANG","","FLOR","1539","0","0","H87","0"
"100332141","75A411514P1HL16","FPL SIDE COVER","","FLOR","4","0","0","H87","0"
"100332142","75A504754P101","C/T BUS UPPER 04A - 10A CU","","FLOR","12","0","0","H87","0"
"100332143","75A504755P101A","C/T BUS UPPER 04A","","FLOR","135","0","0","H87","0"
"100332144","75A504755P102A","C/T BUS UPPER 10A AL","","FLOR","5","0","0","H87","0"
"100332145","75A661831P1","TB BRACKET","","FLOR","1776","0","0","H87","0"
"100332146","75A661831P3","TERM. BOARD BRKT, 12 PT","","FLOR","490","0","0","H87","0"
"100332147","75A661831P4","TERM BD BRACKET","","FLOR","20","0","0","H87","0"
"100332148","75A661831P5","TERM BD BRACKET","","FLOR","336","0","0","H87","0"
"100332149","75A661840P101","CT SUPPORT","","FLOR","14","0","0","H87","0"
"100332150","75A661895P102","BARRIER MTG BRACKET","","FLOR","12","0","0","H87","0"
"100332151","75A661964P101","VERT GND BUS STRAP W/GND 17","","FLOR","1","0","0","H87","0"
"100332152","75A661964P102","VERT. GND. BUS STRAP","","FLOR","2","0","0","H87","0"
"100332153","75A661968P513","FH BARRIER","","FLOR","5","0","0","H87","0"
"100332154","75A661994P12","5000A LUG STRAP","","FLOR","14","0","0","H87","0"
"100332155","75A662004P1","MOUNTING BRACKET","","FLOR","5","0","0","H87","0"
"100332156","75A662053P201","STUB SPACER","","FLOR","8","0","0","H87","0"
"100332157","75A662053P351","FP&L VERT NEUT 40A 70","","FLOR","4","0","0","H87","0"
"100332158","75A662062P500","5 SPECTRA TO AV2 STRINGER","","FLOR","5","0","0","H87","0"
"100332159","75A662062P504","78 H 3 SPCTRA STRINGER","","FLOR","10","0","0","H87","0"
"100332160","75A662093P1","STOP BRACKET METER DOOR","","FLOR","7","0","0","H87","0"
"100332161","75A662193P1","COVER BLANK 35 W/D 05H","","FLOR","1","0","0","H87","0"
"100332162","75A662193P2","COVER BLANK 40 W/D 05H","","FLOR","1","0","0","H87","0"
"100332163","75A662193P28","COVER BLANK 50 W/D 05H","","FLOR","2","0","0","H87","0"
"100332164","75A662193P39","COVER BLANK 55 W/D 06H","","FLOR","2","0","0","H87","0"
"100332165","75A662193P40","COVER BLANK 60 W/D 06H","","FLOR","8","0","0","H87","0"
"100332166","75A662205P13","SPECTRA SWBD WING BARR 35W 33X","","FLOR","6","0","0","H87","0"
"100332167","75A66220830W20H","SM BASEPLATE","","FLOR","2","0","0","H87","0"
"100332168","75A66220830W21H","30W X 21H BASEPLATE","","FLOR","1","0","0","H87","0"
"100332169","75A66220835W12H","SM BASEPLATE","","FLOR","13","0","0","H87","0"
"100332170","75A66220835W16H","SM BASEPLATE","","FLOR","6","0","0","H87","0"
"100332171","75A66220835W20H","BASE PLATE","","FLOR","3","0","0","H87","0"
"100332172","75A66220835W36H","SM BASEPLATE","","FLOR","3","0","0","H87","0"
"100332173","75A66220840W12H","BASEPLATE","","FLOR","8","0","0","H87","0"
"100332174","75A66220840W14H","RELAY PLATE","","FLOR","3","0","0","H87","0"
"100332175","75A66220840W20H","SM BASEPLATE","","FLOR","1","0","0","H87","0"
"100332176","75A66220840W24H","BARRIER","","FLOR","13","0","0","H87","0"
"100332177","75A66220840W32H","SM BASEPLATE","","FLOR","2","0","0","H87","0"
"100332178","75A66220845W08H","SPECTRA BASEPLATE 45W","","FLOR","1","0","0","H87","0"
"100332179","75A66220845W20H","20H SPECTRA BASEPLATE","","FLOR","1","0","0","H87","0"
"100332180","75A66220850W16H","SPECTRA BASE PLATE","","FLOR","1","0","0","H87","0"
"100332181","75A66220855W12H","12H SPECTRA BASEPLATE","","FLOR","4","0","0","H87","0"
"100332182","75A66220860W14H","SPECTRA BASEPLATE","","FLOR","1","0","0","H87","0"
"100332183","75A66220860W20H","20H SPECTRA BASEPLATE","","FLOR","3","0","0","H87","0"
"100332184","75A662333P2","DESCRIPTION IS ITI GF BRACKET","","FLOR","2","0","0","H87","0"
"100332185","75A662367P102C","LUG STRAP REAR","","FLOR","2","0","0","H87","0"
"100332186","75A662587P11","14H DOOR MOUNT BASE PLATE","","FLOR","3","0","0","H87","0"
"100332187","75A662587P15","BASEPLATE HINGE DOOR","","FLOR","2","0","0","H87","0"
"100332188","75A662720P1","DOOR MOUNTED BASEPLATE","","FLOR","4","0","0","H87","0"
"100332189","75A662727P108","N3R PLATE COVER","","FLOR","1","0","0","H87","0"
"100332190","75A662727P70","55 40A VERTICAL","","FLOR","1","0","0","H87","0"
"100332191","75A662727P71","VB BRACE MTG BRACKET","","FLOR","4","0","0","H87","0"
"100332192","75A662906P1","BRACKET DE RESISTANCIA","","FLOR","863","0","0","EA","0"
"100332193","75A663097P112A_X","TIER BUS LOAD T20 AL","","FLOR","1","0","0","H87","0"
"100332194","75A663116P224","BASE PLATE","","FLOR","2","0","0","H87","0"
"100332195","75B514175P104","SM L.H. SIDE PAN 12-30A","","FLOR","21","0","0","H87","0"
"100332196","75B514175P105X","R.H. SIDE PAN","","FLOR","19","0","0","H87","0"
"100332197","75B514175P107","MTG BRKT - C/T CHANNEL","","FLOR","6","0","0","H87","0"
"100332198","75B514175P108","MTG BRKT - LUG LANDING","","FLOR","3","0","0","H87","0"
"100332199","75B514175P110","ADJ MTG BRKT NEUT BUS","","FLOR","32","0","0","H87","0"
"100332200","75B514175P114","BARRIER SUPPORT 30W","","FLOR","1","0","0","H87","0"
"100332201","75B514175P115","BARRIER SUPPORT 35W","","FLOR","24","0","0","H87","0"
"100332202","75B514175P116","BARRIER SUPPORT 40W","","FLOR","6","0","0","H87","0"
"100332203","75B514175P139","BARRIER SUPT 50W","","FLOR","33","0","0","H87","0"
"100332204","75B514175P145","30D MOUNTING BRACKET","","FLOR","2","0","0","H87","0"
"100332205","75B514175P146","35D MOUNTING BRACKET","","FLOR","4","0","0","H87","0"
"100332206","75B514175P148","P.T. MTG. PLATE (PALO ALTO CA)","","FLOR","6","0","0","H87","0"
"100332207","75B514175P149","45D MOUNTING BRACKET","","FLOR","2","0","0","H87","0"
"100332208","75B514176P103","C/T CHANNEL 40W","","FLOR","10","0","0","H87","0"
"100332209","75B514176P109","BARRIER EXT 15- 35D","","FLOR","1","0","0","H87","0"
"100332210","75B514176P115","35W LANDING BRACE","","FLOR","5","0","0","H87","0"
"100332211","75B514176P128","BARRIER SUPT 40W","","FLOR","10","0","0","H87","0"
"100332212","75B514176P155","BARR LUG LDG UGPS 25A 40W","","FLOR","2","0","0","H87","0"
"100332213","75B514176P157","BARR LUG LDG UGPS 25A 50W","","FLOR","1","0","0","H87","0"
"100332214","75B514176P200","C/T CHANNEL 50W","","FLOR","8","0","0","H87","0"
"100332215","75B514176P215","BARR SUPT 50W","","FLOR","16","0","0","H87","0"
"100332216","75B514176P224","BARRIER SUPPORT - 40W","","FLOR","6","0","0","H87","0"
"100332217","75B514176P231","BARRIER SUPT - 35W 04-10A EU","","FLOR","6","0","0","H87","0"
"100332218","75B514176P234","BARRIER - 35W X 10D HOR EXT EU","","FLOR","1","0","0","H87","0"
"100332219","75B514176P237","BARRIER - 35W X 25D HOR EXT EU","","FLOR","2","0","0","H87","0"
"100332220","75B514176P263","BARRIER SUPT - 40W 04-10A EU","","FLOR","1","0","0","H87","0"
"100332221","75B514176P281","BARRIER - 35W X 20D 04A EU","","FLOR","3","0","0","H87","0"
"100332222","75B514176P307","BARR 50W X 45D HOR REAR 12-30A","","FLOR","1","0","0","H87","0"
"100332223","75B514176P316","BARR 50W X 60D HOR REAR 40A","","FLOR","2","0","0","H87","0"
"100332224","75B514176P318","BARR 40W X 30D HR RR W/N 12-20","","FLOR","1","0","0","H87","0"
"100332225","75B514176P321","BARR 40W X 45D HR RR W/N 12-20","","FLOR","1","0","0","H87","0"
"100332226","75B514176P409","BRACKET","","FLOR","2","0","0","H87","0"
"100332227","75B514176P410","SI BRACKET 10-40A","","FLOR","398","0","0","H87","0"
"100332228","75B514176P412","SI LUG LANDG BARR","","FLOR","28","0","0","H87","0"
"100332229","75B514180P102A","16-20A B PH LUG LDG AL","","FLOR","1","0","0","H87","0"
"100332230","75B514180P104A","16-20A NEUT LUG LDG AL","","FLOR","1","0","0","H87","0"
"100332231","75B514180P109A","STRAP 20A LH LDG ADPTR AL","","FLOR","2","0","0","H87","0"
"100332232","75B514180P110A","STRAP 20A RH LDG ADPTR AL","","FLOR","3","0","0","H87","0"
"100332233","75B514180P116A","12A HOR NEUT 40W AL","","FLOR","18","0","0","H87","0"
"100332234","75B514180P117A","16A HOR NEUT 40W AL","","FLOR","3","0","0","H87","0"
"100332235","75B514180P118A","20A HOR NEUT 40W AL","","FLOR","6","0","0","H87","0"
"100332236","75B514180P122A","16-20A ADPTR STRAP AL","","FLOR","4","0","0","H87","0"
"100332237","75B514180P124A","16A FRT NEUT LDG ADPTR 25D AL","","FLOR","1","0","0","H87","0"
"100332238","75B514180P125A","16A REAR NEUT LDG ADPTR 25D AL","","FLOR","1","0","0","H87","0"
"100332239","75B514180P126A","20A FRT NEUT LDG ADPTR 25D AL","","FLOR","1","0","0","H87","0"
"100332240","75B514180P127A","20A REAR NEUT LDG ADPTR 25D AL","","FLOR","1","0","0","H87","0"
"100332241","75B514180P128A","12A NEUR LDG ADPTR 30D AL","","FLOR","1","0","0","H87","0"
"100332242","75B514180P131A","20A FRT NEUT LDG ADPTR 30D AL","","FLOR","3","0","0","H87","0"
"100332243","75B514180P132A","20A REAR NEUT LDG ADPTR 30D AL","","FLOR","2","0","0","H87","0"
"100332244","75B514181P101","12A A","","FLOR","3","0","0","H87","0"
"100332245","75B514181P102","16-20A A","","FLOR","3","0","0","H87","0"
"100332246","75B514181P103","12A NEUT LUG LDG CU","","FLOR","1","0","0","H87","0"
"100332247","75B514181P109","20A LH C0 LDG ADPTR CU","","FLOR","3","0","0","H87","0"
"100332248","75B514181P110","20A RH C0 LDG ADPTR CU","","FLOR","2","0","0","H87","0"
"100332249","75B514181P116","12A HOR NEUT 40W CU","","FLOR","1","0","0","H87","0"
"100332250","75B514181P122","16-20A ADPTR STRAP CU","","FLOR","4","0","0","H87","0"
"100332251","75B514181P123","12A NEUT LDG ADPTR 25D CU","","FLOR","1","0","0","H87","0"
"100332252","75B514181P128","12A NEUT LDG ADPTR 30D CU","","FLOR","1","0","0","H87","0"
"100332253","75B514181P131","20A FRT NEUT LDG ADPTR 30D CU","","FLOR","2","0","0","H87","0"
"100332254","75B514181P132","20A REAR NEUT LDG ADPTR 30D CU","","FLOR","2","0","0","H87","0"
"100332255","75B514181P141","SC A&C LUG PAD 20A 1/2 PG&E","","FLOR","6","0","0","H87","0"
"100332256","75B514181P142","SC B0 LUG PAD 20A 1/2 PG&E","","FLOR","3","0","0","H87","0"
"100332257","75B514181P143","SC NEUT LUG PAD 20A 1/2 PG&E","","FLOR","2","0","0","H87","0"
"100332258","75B514181P147","20A FRT NEUT LDG ADP","","FLOR","1","0","0","H87","0"
"100332259","75B514181P148","20A REAR NEUT LDG AD","","FLOR","1","0","0","H87","0"
"100332260","75B514181P152","20A FRT NEUT LDG ADP","","FLOR","1","0","0","H87","0"
"100332261","75B514181P153","20A REAR NEUT LDG AD","","FLOR","1","0","0","H87","0"
"100332262","75B514182P109A","LUG PLATE 06-08A AL","","FLOR","36","0","0","H87","0"
"100332263","75B514182P111A","C/T BUS LOWER 04","","FLOR","59","0","0","H87","0"
"100332264","75B514182P112A","C/T BUS LOWER 10A AL","","FLOR","7","0","0","H87","0"
"100332265","75B514182P113A","MAIN LUG & POT NEUT 04A 25D AL","","FLOR","1","0","0","H87","0"
"100332266","75B514182P117A","MAIN LUG","","FLOR","12","0","0","H87","0"
"100332267","75B514183P112","C/T BUS LOWER 04","","FLOR","7","0","0","H87","0"
"100332268","75B514187P101A","C/T LOAD BUS 04A AL","","FLOR","3","0","0","H87","0"
"100332269","75B514187P102A","HOZ NEUT 04","","FLOR","11","0","0","H87","0"
"100332270","75B514187P103A","HOZ NEUT 10A 35W AL","","FLOR","4","0","0","H87","0"
"100332271","75B514187P105A","1000A LUG LANDING AL.","","FLOR","8","0","0","H87","0"
"100332272","75B514187P106A","600/800A LUG LANDING","","FLOR","8","0","0","H87","0"
"100332273","75B514187P108A","NEUT ADAPTER BUS 10A AL","","FLOR","3","0","0","H87","0"
"100332274","75B514187P145A","NEUT LDG 04A 30D AL","","FLOR","1","0","0","H87","0"
"100332275","75B514187P148A","NEUT EXT 30D","","FLOR","2","0","0","H87","0"
"100332276","75B514187P149A","NEUT EXT 35D","","FLOR","2","0","0","H87","0"
"100332277","75B514187P151A","TIER STRAPS 10A A PH","","FLOR","1","0","0","H87","0"
"100332278","75B514187P152A","TIER STRAPS 10A B PH","","FLOR","1","0","0","H87","0"
"100332279","75B514187P153A","TIER STRAPS 10A C PH","","FLOR","4","0","0","H87","0"
"100332280","75B514188P106","600/800A LUG LANDING","","FLOR","3","0","0","H87","0"
"100332281","75B514188P145","NEUT LDG 04A 30D AL","","FLOR","1","0","0","H87","0"
"100332282","75B514188P149","NEUT EXT 35D","","FLOR","1","0","0","H87","0"
"100332283","75B514188P151","TIER STRAPS 10A A PH","","FLOR","1","0","0","H87","0"
"100332284","75B514192P101A","UPPER TIER BUS 06","","FLOR","21","0","0","H87","0"
"100332285","75B514192P102A","UPPER TIER BUS 06","","FLOR","1","0","0","H87","0"
"100332286","75B514192P105A","UPPER TIER BUS 10A T15 AL","","FLOR","1","0","0","H87","0"
"100332287","75B514192P106A","UPPER TIER BUS 10A T20 AL","","FLOR","4","0","0","H87","0"
"100332288","75B514192P117A","TEIR BUS ADPTR 06","","FLOR","15","0","0","H87","0"
"100332289","75B514192P118A","TEIR BUS ADPTR 10A A0 AL","","FLOR","2","0","0","H87","0"
"100332290","75B514192P122A","TEIR BUS ADPTR B0 06","","FLOR","20","0","0","H87","0"
"100332291","75B514192P123A","TEIR BUS ADPTR B0 10A AL","","FLOR","2","0","0","H87","0"
"100332292","75B514192P124A","TIER BUS ADOTR CO 06","","FLOR","19","0","0","H87","0"
"100332293","75B514192P125A","TIER BUS ADOTR CO 10A AL","","FLOR","3","0","0","H87","0"
"100332294","75B514192P161A","UPPER TIER BUS 04-08A T15 AL","","FLOR","47","0","0","H87","0"
"100332295","75B514192P162A","UPPER TIER BUS 04-08A T20 AL","","FLOR","2","0","0","H87","0"
"100332296","75B514192P165A","UPPER TIER BUS 10A T15 AL","","FLOR","1","0","0","H87","0"
"100332297","75B514192P166A","UPPER TIER BUS 10A T20 AL","","FLOR","2","0","0","H87","0"
"100332298","75B514192P173A","HORIZ BARR TAP COMPT 40W","","FLOR","2","0","0","H87","0"
"100332299","75B514192P177A","HORIZ NEUT AL 40A 50W","","FLOR","2","0","0","H87","0"
"100332300","75B514193P101","UPPER TIER BUS 04-08A T15 CU","","FLOR","3","0","0","H87","0"
"100332301","75B514193P102","UPPER TIER BUS 04-08A T20 CU","","FLOR","1","0","0","H87","0"
"100332302","75B514193P103","UPPER TIER BUS 04-08A T25 CU","","FLOR","1","0","0","H87","0"
"100332303","75B514193P117","TIER BUS ADPTR 04-08A A0 CU","","FLOR","3","0","0","H87","0"
"100332304","75B514193P122","TIER BUS ADPTR 04-08A B0 CU","","FLOR","3","0","0","H87","0"
"100332305","75B514193P124","TIER BUS ADPTR 04-08A C0 CU","","FLOR","5","0","0","H87","0"
"100332306","75B514193P147","NEUT POT BUS 10 T25 CU","","FLOR","13","0","0","H87","0"
"100332307","75B514193P161","UPPER TIER BUS 04-08A T15 CU","","FLOR","4","0","0","H87","0"
"100332308","75B514193P162","UPPER TIER BUS 04-08A T20 CU","","FLOR","2","0","0","H87","0"
"100332309","75B514193P163","UPPER TIER BUS 04-08A T25 CU","","FLOR","2","0","0","H87","0"
"100332310","75B514193P166","UPPER TIER BUS 10A T20 CU","","FLOR","17","0","0","H87","0"
"100332311","75B514193P171","NEUT POT BUS T25 CU 10","","FLOR","1","0","0","H87","0"
"100332312","75B514193P175","HORIZ NEUT CU 30A 40W","","FLOR","1","0","0","H87","0"
"100332313","75B514193P177","HORIZ NEUT CU 40A 50W","","FLOR","3","0","0","H87","0"
"100332314","75B514193P179","NEUT TAP BUS LWR 30D CU","","FLOR","2","0","0","H87","0"
"100332315","75B514193P185","STRAP - NEUT POT TAP - 45D","","FLOR","1","0","0","H87","0"
"100332316","75B514193P190","NEUT","","FLOR","1","0","0","H87","0"
"100332317","75B514193P192","NEUT","","FLOR","1","0","0","H87","0"
"100332318","75B514198P101A","LOAD TIER BUS 04A T15 A0&C0","","FLOR","18","0","0","H87","0"
"100332319","75B514198P105A","LOAD TIER BUS 06A T15 A0&C0","","FLOR","4","0","0","H87","0"
"100332320","75B514198P108A","LOAD TIER BUS 06A T30 A0&C0","","FLOR","4","0","0","H87","0"
"100332321","75B514198P113A","LOAD TIER BUS 06A T15 B0&C0","","FLOR","4","0","0","H87","0"
"100332322","75B514198P116A","LOAD TIER BUS 06A T30 B0&C0","","FLOR","2","0","0","H87","0"
"100332323","75B514198P118A","LOAD TIER BUS 08A T20 A0&C0","","FLOR","26","0","0","H87","0"
"100332324","75B514198P122A","LOAD TIER BUS 08A T20 B0 AL","","FLOR","13","0","0","H87","0"
"100332325","75B514198P127A","LOAD TIER BUS 10A T20 A0 AL","","FLOR","3","0","0","H87","0"
"100332326","75B514198P128A","LOAD TIER BUS 10A T20 C0 AL","","FLOR","3","0","0","H87","0"
"100332327","75B514198P129A","LOAD TIER BUS 10A T25 A0 AL","","FLOR","1","0","0","H87","0"
"100332328","75B514198P130A","LOAD TIER BUS 10A T25 C0 AL","","FLOR","1","0","0","H87","0"
"100332329","75B514198P134A","LOAD TIER BUS 10A T20 B0 AL","","FLOR","3","0","0","H87","0"
"100332330","75B514198P135A","LOAD TIER BUS 10A T25 B0 AL","","FLOR","1","0","0","H87","0"
"100332331","75B514198P137A","BUS SPACER AL","","FLOR","13","0","0","H87","0"
"100332332","75B514199P101","LOAD TIER BUS 04A T15 A0&CO CU","","FLOR","12","0","0","H87","0"
"100332333","75B514199P109","LOAD TIER BUS 04A T15 B0 CU","","FLOR","6","0","0","H87","0"
"100332334","75B514199P117","LOAD TIER BUS 08A T15 A0&C0 CU","","FLOR","2","0","0","H87","0"
"100332335","75B514199P121","LOAD TIER BUS 08A T15 B0 CU","","FLOR","1","0","0","H87","0"
"100332336","75B514199P137","BUS SPACER CU","","FLOR","3","0","0","H87","0"
"100332337","75B661005P1","BRKT","","FLOR","3","0","0","H87","0"
"100332338","75C14111040W37H","COVER","","FLOR","8","0","0","H87","0"
"100332339","75C14111045W37H","COVER BLANK","","FLOR","8","0","0","H87","0"
"100332340","75C141114P202","VERTICAL POST 18H","","FLOR","11","0","0","H87","0"
"100332341","75C141114P204","VERTICAL POST 26H","","FLOR","1","0","0","H87","0"
"100332342","75C141114P206","VERTICAL POST 34H","","FLOR","50","0","0","H87","0"
"100332343","75C141114P208G","VERTICAL POST 90H","","FLOR","16","0","0","H87","0"
"100332344","75C141114P501D","DEPTH POST 15D","","FLOR","75","0","0","H87","0"
"100332346","75C141114P503GW","WIDTH POST 25W","","FLOR","9","0","0","H87","0"
"100332347","75C141114P509GW","WIDTH POST 55W","","FLOR","6","0","0","H87","0"
"100332348","75C141114P525","SM HOIST DEPTH POST 50D LEFT","","FLOR","1","0","0","H87","0"
"100332349","75C141114P536","SM SHIPPING BRACE 55W","","FLOR","29","0","0","H87","0"
"100332350","75C141114P606","SM SHIPPING BRACE 45W","","FLOR","2","0","0","H87","0"
"100332351","75C141114P607","SM SHIPPING BRACE 50W","","FLOR","3","0","0","H87","0"
"100332352","75C141114P608","SM SHIPPING BRACE 55W","","FLOR","1","0","0","H87","0"
"100332353","75C14111615W08H","COVER BLANK","","FLOR","1","0","0","H87","0"
"100332354","75C14111620W04H","COVER BLANK","","FLOR","6","0","0","H87","0"
"100332355","75C14111620W16H","COVER BLANK","","FLOR","1","0","0","H87","0"
"100332356","75C14111620W22H","COVER 20W-22H","","FLOR","2","0","0","H87","0"
"100332357","75C14111620W28H","COVER","","FLOR","50","0","0","H87","0"
"100332358","75C14111625W08H","COVER","","FLOR","1","0","0","H87","0"
"100332359","75C14111625W12H","COVER","","FLOR","1","0","0","H87","0"
"100332360","75C14111625W16H","COVER","","FLOR","6","0","0","H87","0"
"100332361","75C14111625W20H","COVER","","FLOR","2","0","0","H87","0"
"100332362","75C14111625W22H","TOP COVER","","FLOR","2","0","0","H87","0"
"100332363","75C14111625W24H","COVER","","FLOR","4","0","0","H87","0"
"100332364","75C14111630W08H","COVER","","FLOR","5","0","0","H87","0"
"100332365","75C14111630W12H","COVER","","FLOR","34","0","0","H87","0"
"100332366","75C14111630W16H","COVER","","FLOR","87","0","0","H87","0"
"100332367","75C14111630W17H","COVER-30WX17H","","FLOR","3","0","0","H87","0"
"100332368","75C14111630W20H","COVER","","FLOR","45","0","0","H87","0"
"100332369","75C14111630W22H","COVER","","FLOR","56","0","0","H87","0"
"100332370","75C14111630W24H","SCREW-ON COVER","","FLOR","12","0","0","H87","0"
"100332371","75C14111630W27H","TOP COVER 30X30","","FLOR","6","0","0","H87","0"
"100332372","75C14111630W36H","COVER","","FLOR","2","0","0","EA","0"
"100332373","75C14111630W37H","TOT COVER 30 X 40","","FLOR","23","0","0","H87","0"
"100332374","75C14111635W04H","COVER","","FLOR","7","0","0","H87","0"
"100332375","75C14111635W07H","Swbd Cover","","FLOR","3","0","0","H87","0"
"100332376","75C14111635W16H","SCREW-ON COVER","","FLOR","52","0","0","H87","0"
"100332377","75C14111635W17H","COVER-35WX17H","","FLOR","11","0","0","H87","0"
"100332378","75C14111635W22H","TOP COVER","","FLOR","1","0","0","H87","0"
"100332379","75C14111635W27H","SPECTRA RENEWAL PARTS","","FLOR","9","0","0","H87","0"
"100332380","75C14111640W04H","SCREW COVER","","FLOR","28","0","0","H87","0"
"100332381","75C14111640W08H","Bolt on cover","","FLOR","48","0","0","H87","0"
"100332382","75C14111640W16H","COVER BLANK","","FLOR","24","0","0","H87","0"
"100332383","75C14111640W20H","COVER","","FLOR","54","0","0","H87","0"
"100332384","75C14111640W22H","TOP COVER","","FLOR","8","0","0","H87","0"
"100332385","75C14111640W27H","TOP COVER","","FLOR","7","0","0","H87","0"
"100332386","75C14111640W28H","COVER 40W","","FLOR","18","0","0","H87","0"
"100332387","75C14111640W36H","COVER 40W X 36H","","FLOR","2","0","0","H87","0"
"100332388","75C14111645W04H","COVER BLANK","","FLOR","2","0","0","H87","0"
"100332389","75C14111645W08H","COVER BLANK","","FLOR","4","0","0","H87","0"
"100332390","75C14111645W12H","COVER BLANK","","FLOR","11","0","0","H87","0"
"100332391","75C14111645W14H","COVER","","FLOR","1","0","0","H87","0"
"100332392","75C14111645W16H","COVER BLANK","","FLOR","10","0","0","H87","0"
"100332393","75C14111645W20H","COVER","","FLOR","10","0","0","H87","0"
"100332394","75C14111645W22H","TOP COVER 45X22","","FLOR","1","0","0","H87","0"
"100332395","75C14111645W48H","BLANK FRONT COVER 45W 48H","","FLOR","6","0","0","H87","0"
"100332396","75C14111650W04H","COVER BLANK","","FLOR","14","0","0","H87","0"
"100332397","75C14111650W08H","COVER BLANK","","FLOR","10","0","0","H87","0"
"100332398","75C14111650W12H","COVER","","FLOR","2","0","0","H87","0"
"100332399","75C14111650W16H","COVER","","FLOR","7","0","0","H87","0"
"100332400","75C14111650W17H","COVER BLANK","","FLOR","1","0","0","H87","0"
"100332401","75C14111650W20H","COVER","","FLOR","29","0","0","H87","0"
"100332402","75C14111650W22H","COVER S/B 50 X 22","","FLOR","2","0","0","H87","0"
"100332403","75C14111650W24H","COVER BLANK","","FLOR","3","0","0","H87","0"
"100332404","75C14111650W28H","COVER","","FLOR","1","0","0","H87","0"
"100332405","75C14111655W04H","COVER BLANK","","FLOR","1","0","0","H87","0"
"100332406","75C14111655W08H","COVER BLANK","","FLOR","1","0","0","H87","0"
"100332407","75C14111655W12H","SCREW-ON COVER -.061","","FLOR","1","0","0","H87","0"
"100332408","75C14111655W20H","COVER BLANK","","FLOR","1","0","0","H87","0"
"100332409","75C14111655W24H","COVER BLANK","","FLOR","1","0","0","H87","0"
"100332410","75C14111655W28H","COVER BLANK","","FLOR","1","0","0","H87","0"
"100332411","75C14111660W08H","SCREW-ON COVER -.061","","FLOR","1","0","0","H87","0"
"100332412","75C14111660W14H","COVER BLANK","","FLOR","6","0","0","H87","0"
"100332413","75C14111660W20H","COVER BLANK","","FLOR","4","0","0","H87","0"
"100332414","75C14111735W32H","COVER BLANK","","FLOR","6","0","0","H87","0"
"100332415","75C14111735W37H","COVER BLANK","","FLOR","2","0","0","H87","0"
"100332416","75C14111760W32H","COVER BLANK","","FLOR","1","0","0","H87","0"
"100332417","75C14112335W03H","COVER","","FLOR","22","0","0","H87","0"
"100332418","75C14112335W05H","COVER AUX","","FLOR","4","0","0","H87","0"
"100332419","75C14112335W07H","COVER AUX","","FLOR","3","0","0","H87","0"
"100332420","75C14112340W03H","COVER AUX 40W 03H","","FLOR","14","0","0","H87","0"
"100332421","75C14112340W05H","COVER AUX","","FLOR","3","0","0","H87","0"
"100332422","75C14112430W","FLOOR SILL","","FLOR","20","0","0","H87","0"
"100332423","75C14112435W","FLOOR SILL - 35","","FLOR","3","0","0","H87","0"
"100332424","75C14112440W","FLOOR SILL - 40","","FLOR","6","0","0","H87","0"
"100332425","75C14112445W","FLOOR SILL - 45","","FLOR","10","0","0","H87","0"
"100332426","75C14112450W","FLOOR SILL - 50","","FLOR","8","0","0","H87","0"
"100332427","75C141133P113","LIFTING BRACKET","","FLOR","759","0","0","H87","0"
"100332428","75C141133P134","BRACKET","","FLOR","76","0","0","H87","0"
"100332429","75C141133P135","CABLE TIE","","FLOR","3","0","0","H87","0"
"100332430","75C141133P136","CONDUCT TUBING","","FLOR","17","0","0","H87","0"
"100332431","75C141133P137","CABLE TIE","","FLOR","3","0","0","H87","0"
"100332432","75C141133P138","CABLE TIE","","FLOR","22","0","0","H87","0"
"100332433","75C141133P139","TUBE BRACKET","","FLOR","6","0","0","H87","0"
"100332434","75C141133P145","CABLE TIE RACK","","FLOR","1","0","0","H87","0"
"100332435","75C141133P159","CABLE TIE","","FLOR","3","0","0","H87","0"
"100332436","75C141133P166X","STEEL SHOOT BOLT GUIDE VLT HDL","","FLOR","4","0","0","H87","0"
"100332437","75C14115035W07H","TOP FRT COVER 35W 07H EU CT","","FLOR","25","0","0","H87","0"
"100332438","75C141258P113","BRACKET , HORIZ BARRIER","","FLOR","935","0","0","H87","0"
"100332439","75C141258P114","HASP SINGLE DOOR","","FLOR","143","0","0","H87","0"
"100332440","75C141258P127","ARM EXT","","FLOR","246","0","0","H87","0"
"100332441","75C141258P129","ARM EXT FOR T-HANDEL 36H DOOR","","FLOR","27","0","0","H87","0"
"100332442","75C141258P130","ARM EXT FOR T-HANDEL 40H DOOR","","FLOR","98","0","0","H87","0"
"100332443","75C141258P131","BRACKETS","","FLOR","204","0","0","H87","0"
"100332444","75C141258P150","ARM EXT FOR T-HANDEL 52H DOOR","","FLOR","57","0","0","H87","0"
"100332445","75C141258P154","ARM EXT FOR 3R HANDLE 40H DOOR","","FLOR","4","0","0","H87","0"
"100332446","75C141258P165","DOOR STOP","","FLOR","60","0","0","H87","0"
"100332447","75C141258P167","BRACKET 30W","","FLOR","10","0","0","H87","0"
"100332448","75C141258P176","DOOR SEALING BRACKET (DE)","","FLOR","260","0","0","H87","0"
"100332449","75C141258P606","BASE PLATE","","FLOR","7","0","0","H87","0"
"100332450","75C141326P1","BARREL LOCK BRACKET","","FLOR","620","0","0","H87","0"
"100332451","75C141591P104","TEST BLOCK COVER PLATE","","FLOR","28","0","0","H87","0"
"100332452","75C141844P106","BRACKET","","FLOR","313","0","0","H87","0"
"100332453","75C141844P107","SUPPORT MTG BRKT 1.5 OFFSET","","FLOR","520","0","0","H87","0"
"100332454","75C141844P108","SUPPORT MTG BRKT 1.5 OFFSET","","FLOR","176","0","0","H87","0"
"100332455","75C141844P109","SUPPORT MTG BRKT 1.5 OFFSET","","FLOR","530","0","0","H87","0"
"100332456","75C141844P110","SUPPORT MTG BRKT 6.5 OFFSET","","FLOR","134","0","0","H87","0"
"100332457","75C141844P111","SUPPORT MTG BRKT 1.5 OFFSET","","FLOR","320","0","0","H87","0"
"100332458","75C141844P112","SUPPORT MTG BRKT 1.5 OFFSET","","FLOR","73","0","0","H87","0"
"100332459","75C141844P114","SUPPORT MTG BRKT 6.5 OFFSET","","FLOR","208","0","0","H87","0"
"100332460","75C141844P115","SUPPORT MTG BRKT 6.5 OFFSET","","FLOR","169","0","0","H87","0"
"100332461","75C141844P116","SUPPORT MTG BRKT 6.5 OFFSET","","FLOR","66","0","0","H87","0"
"100332462","75C141844P117","SUPPORT MTG BRKT 6.5 OFFSET","","FLOR","7","0","0","H87","0"
"100332463","75C141844P119","SUPPORT MTG BRKT CORNER POST","","FLOR","190","0","0","H87","0"
"100332464","75C141844P121","SUPPORT MTG BRKT CORNER POST","","FLOR","86","0","0","H87","0"
"100332465","75C141844P122","V/B MTG BRKT","","FLOR","185","0","0","H87","0"
"100332466","75C141844P123","SUPPORT MTG BRKT CORNER POST","","FLOR","152","0","0","H87","0"
"100332467","75C141844P124","SUPPORT MTG BRKT CORNER POST","","FLOR","7","0","0","H87","0"
"100332468","75C141844P125","BRACKET TIER THK .126-.250","","FLOR","36","0","0","H87","0"
"100332469","75C141844P127","SUPPORT BRKT .376","","FLOR","29","0","0","H87","0"
"100332470","75C141844P138","MTG BRKT","","FLOR","2","0","0","H87","0"
"100332471","75C141844P139","MTG BRKT","","FLOR","8","0","0","H87","0"
"100332472","75C141844P142","MTG BRKT","","FLOR","8","0","0","H87","0"
"100332473","75C141844P144","CABLE BRKT","","FLOR","2","0","0","H87","0"
"100332474","75C141844P161","SUPPORT BKT 6.5OFF 3STGR 30W","","FLOR","4","0","0","H87","0"
"100332475","75C143005P114","TP","","FLOR","6","0","0","H87","0"
"100332476","75C143026P104","STUB COVER","","FLOR","1","0","0","H87","0"
"100332477","75C143026P109","STUM COVER","","FLOR","1","0","0","H87","0"
"100332478","75C143026P111","STUB COVER","","FLOR","2","0","0","H87","0"
"100332479","75C143026P117","STUB COVER","","FLOR","2","0","0","H87","0"
"100332480","75C143026P137R","STUB COVER 2 STK 45D","","FLOR","1","0","0","H87","0"
"100332481","75C14302730W40D","AUX COVER 30W 40D","","FLOR","1","0","0","H87","0"
"100332483","75C14302740W45D","AUX COVER 40W 45D","","FLOR","4","0","0","H87","0"
"100332484","75C14302740W60D","AUX COVER 40W 60D","","FLOR","2","0","0","H87","0"
"100332485","75C143034P107A","SPACER FOR 40A HALF NEUT AL","","FLOR","62","0","0","H87","0"
"100332486","75C143034P116A","SPACER","","FLOR","42","0","0","H87","0"
"100332487","75C143034P138A","SPACER AL LINE","","FLOR","12","0","0","H87","0"
"100332489","75C143046P125","SPACER CU LINE","","FLOR","4","0","0","H87","0"
"100332490","75C143046P129","SPACER - EU C/T 40A","","FLOR","71","0","0","H87","0"
"100332491","75C143046P130","SPACER - 12A EU C PH C/T BUS","","FLOR","1","0","0","H87","0"
"100332492","75C143113P137","5 EXTENSION 10A/20A CU","","FLOR","20","0","0","H87","0"
"100332493","75C143113P151","ADAPTER BUS","","FLOR","22","0","0","H87","0"
"100332494","75C143113P216","5 EXTENSION 40A CU","","FLOR","5","0","0","H87","0"
"100332495","75C143113P226","10 EXTENSION 08A/16A CU","","FLOR","6","0","0","H87","0"
"100332496","75C143113P227","10 EXTENSION 10A/20A CU","","FLOR","30","0","0","H87","0"
"100332497","75C143113P232","STRAP ADAPTER","","FLOR","6","0","0","H87","0"
"100332498","75C143114P217A","ADAPTER","","FLOR","4","0","0","H87","0"
"100332500","75C143114P228A","10 EXTENSION 08A/16A AL","","FLOR","2","0","0","H87","0"
"100332501","75C143114P232A","10 EXTENSION 30A AL","","FLOR","2","0","0","H87","0"
"100332502","75C143114P261A","ADAPTER","","FLOR","12","0","0","H87","0"
"100332503","75C143114P262A","TIER BUS EXTENSION - ALUM","","FLOR","5","0","0","H87","0"
"100332504","75C143114P283A","BUS CONNECTION AL","","FLOR","3","0","0","H87","0"
"100332505","75C143189P156","LUG STRAP CU","","FLOR","11","0","0","H87","0"
"100332506","75C143191P154A","LUG STRAP","","FLOR","3","0","0","H87","0"
"100332507","75C14320105A04HKT","FLAT VERT BUS CU","","FLOR","2","0","0","H87","0"
"100332508","75C14320105A08H","FLAT VERT BUS CU","","FLOR","37","0","0","H87","0"
"100332509","75C14320105A12H","FLAT VERT BUS CU","","FLOR","9","0","0","H87","0"
"100332510","75C14320105A16H","FLAT VERT BUS CU","","FLOR","1","0","0","H87","0"
"100332511","75C14320105A18H","FLAT VERT BUS CU","","FLOR","1","0","0","H87","0"
"100332512","75C14320105A26H","FLAT VERT BUS CU","","FLOR","1","0","0","H87","0"
"100332513","75C14320105A30H","FLAT VERT BUS CU","","FLOR","7","0","0","H87","0"
"100332514","75C14320105A30HKT","FLAT VERT BUS CU","","FLOR","28","0","0","H87","0"
"100332515","75C14320105A32H","FLAT VERT BUS CU","","FLOR","11","0","0","H87","0"
"100332516","75C14320105A34H","VERT BUS","","FLOR","4","0","0","H87","0"
"100332517","75C14320105A36H","FLAT VERT BUS CU","","FLOR","2","0","0","H87","0"
"100332518","75C14320105A38H","FLAT VERT BUS CU","","FLOR","4","0","0","H87","0"
"100332519","75C14320105A44H","FLAT VERT BUS CU","","FLOR","4","0","0","H87","0"
"100332520","75C14320105A46H","FLAT VERT BUS CU","","FLOR","4","0","0","H87","0"
"100332521","75C14320105A52H","FLAT VERT BUS CU","","FLOR","26","0","0","H87","0"
"100332522","75C14320107A06H","FLAT VERT BUS CU","","FLOR","6","0","0","H87","0"
"100332523","75C14320107A08H","FLAT VERT BUS CU","","FLOR","1","0","0","H87","0"
"100332524","75C14320107A14H","FLAT VERT BUS CU","","FLOR","6","0","0","H87","0"
"100332525","75C14320107A16H","FLAT VERT BUS CU","","FLOR","2","0","0","H87","0"
"100332526","75C14320107A22H","FLAT VERT BUS CU","","FLOR","6","0","0","H87","0"
"100332527","75C14320107A30H","FLAT VERT BUS CU","","FLOR","4","0","0","H87","0"
"100332528","75C14320107A38H","FLAT VERT BUS CU","","FLOR","2","0","0","H87","0"
"100332529","75C14320107A42H","FLAT VERT BUS CU","","FLOR","4","0","0","H87","0"
"100332530","75C14320111A16H","BUS VERT FLAT MAIN DEV 11A CU","","FLOR","4","0","0","H87","0"
"100332531","75C14320111A22H","VERT BUS","","FLOR","12","0","0","H87","0"
"100332532","75C14320111A34H","BUS VERT EXTR MAIN DEV 2","","FLOR","10","0","0","H87","0"
"100332533","75C14320111A36H","BUS VERT FLAT","","FLOR","2","0","0","H87","0"
"100332534","75C14320204A06H","FLAT VERT BUS AL","","FLOR","46","0","0","H87","0"
"100332535","75C14320204A08H","FLAT VERT BUS AL","","FLOR","4","0","0","H87","0"
"100332536","75C14320204A10H","FLAT VERT BUS AL","","FLOR","25","0","0","H87","0"
"100332537","75C14320204A12H","FLAT VERT BUS AL","","FLOR","15","0","0","H87","0"
"100332538","75C14320204A14H","FLAT VERT BUS AL","","FLOR","40","0","0","H87","0"
"100332539","75C14320204A16H","FLAT VERT BUS AL","","FLOR","15","0","0","H87","0"
"100332540","75C14320204A18H","FLAT VERT BUS AL","","FLOR","3","0","0","H87","0"
"100332541","75C14320204A22H","FLAT VERT BUS AL","","FLOR","25","0","0","H87","0"
"100332542","75C14320204A24H","FLAT VERT BUS AL","","FLOR","5","0","0","H87","0"
"100332543","75C14320204A26H","FLAT VERT BUS AL","","FLOR","4","0","0","H87","0"
"100332544","75C14320204A28H","FLAT VERT BUS AL","","FLOR","1","0","0","H87","0"
"100332545","75C14320204A30H","FLAT VERT BUS AL","","FLOR","5","0","0","H87","0"
"100332546","75C14320204A34H","FLAT VERT BUS AL","","FLOR","2","0","0","H87","0"
"100332547","75C14320204A34HSM","FLAT VERT BUS AL","","FLOR","16","0","0","H87","0"
"100332548","75C14320204A38H","FLAT VERT BUS AL","","FLOR","11","0","0","H87","0"
"100332549","75C14320204A42HSM","FLAT VERT BUS AL","","FLOR","8","0","0","H87","0"
"100332550","75C14320204A44H","FLAT VERT BUS AL","","FLOR","1","0","0","H87","0"
"100332551","75C14320204A48H","FLAT VERT BUS AL","","FLOR","2","0","0","H87","0"
"100332552","75C14320205A04H","FLAT VERT BUS AL","","FLOR","1","0","0","H87","0"
"100332553","75C14320205A06H","FLAT VERT BUS AL","","FLOR","12","0","0","H87","0"
"100332554","75C14320205A08H","FLAT VERT BUS AL","","FLOR","3","0","0","H87","0"
"100332555","75C14320205A10H","FLAT VERT BUS AL","","FLOR","5","0","0","H87","0"
"100332556","75C14320205A12H","FLAT VERT BUS AL","","FLOR","19","0","0","H87","0"
"100332557","75C14320205A14H","FLAT VERT BUS AL","","FLOR","13","0","0","H87","0"
"100332558","75C14320205A16H","FLAT VERT BUS AL","","FLOR","4","0","0","H87","0"
"100332559","75C14320205A18H","FLAT VERT BUS AL","","FLOR","2","0","0","H87","0"
"100332560","75C14320205A20H","FLAT VERT BUS AL","","FLOR","14","0","0","H87","0"
"100332561","75C14320205A24H","FLAT VERT BUS AL","","FLOR","15","0","0","H87","0"
"100332562","75C14320205A26H","FLAT VERT BUS AL","","FLOR","1","0","0","H87","0"
"100332563","75C14320205A28H","FLAT VERT BUS AL","","FLOR","8","0","0","H87","0"
"100332564","75C14320205A30H","FLAT VERT BUS AL","","FLOR","8","0","0","H87","0"
"100332565","75C14320205A32H","FLAT VERT BUS AL","","FLOR","6","0","0","H87","0"
"100332566","75C14320205A34H","FLAT VERT BUS AL","","FLOR","47","0","0","H87","0"
"100332567","75C14320205A38H","FLAT VERT BUS AL","","FLOR","5","0","0","H87","0"
"100332569","75C14320205A42H","FLAT VERT BUS AL","","FLOR","45","0","0","H87","0"
"100332571","75C14320207A06H","FLAT VERT BUS AL","","FLOR","52","0","0","H87","0"
"100332572","75C14320207A06HSM","FLAT VERT BUS AL","","FLOR","4","0","0","H87","0"
"100332573","75C14320207A08H","FLAT VERT BUS AL","","FLOR","2","0","0","H87","0"
"100332574","75C14320207A10H","FLAT VERT BUS AL","","FLOR","12","0","0","H87","0"
"100332575","75C14320207A14H","BUS","","FLOR","4","0","0","H87","0"
"100332576","75C14320207A16H","FLAT VERT BUS AL","","FLOR","16","0","0","H87","0"
"100332577","75C14320207A18H","FLAT VERT BUS AL","","FLOR","25","0","0","H87","0"
"100332578","75C14320207A20H","FLAT VERT BUS AL","","FLOR","4","0","0","H87","0"
"100332579","75C14320207A22H","FLAT VERT BUS AL","","FLOR","30","0","0","H87","0"
"100332580","75C14320207A24H","FLAT VERT BUS AL","","FLOR","4","0","0","H87","0"
"100332581","75C14320207A26H","FLAT VERT BUS AL","","FLOR","4","0","0","H87","0"
"100332582","75C14320207A28H","FLAT VERT BUS AL","","FLOR","2","0","0","H87","0"
"100332583","75C14320207A30H","FLAT VERT BUS AL","","FLOR","18","0","0","H87","0"
"100332584","75C14320207A32H","FLAT VERT BUS AL","","FLOR","21","0","0","H87","0"
"100332585","75C14320207A38H","FLAT VERT BUS AL","","FLOR","18","0","0","H87","0"
"100332586","75C14320207A46HSM","FLAT VERT BUS AL","","FLOR","1","0","0","H87","0"
"100332587","75C14320207A48H","FLAT VERT BUS AL","","FLOR","7","0","0","H87","0"
"100332588","75C14320408A04H","ANGLE VERT BUS AL","","FLOR","10","0","0","H87","0"
"100332589","75C14320408A04HSM","ANGLE VERT BUS AL","","FLOR","2","0","0","H87","0"
"100332590","75C14320408A06H","ANGLE VERT BUS AL","","FLOR","41","0","0","H87","0"
"100332591","75C14320408A06HSM","ANGLE VERT BUS AL","","FLOR","3","0","0","H87","0"
"100332592","75C14320408A08H","ANGLE VERT BUS AL","","FLOR","14","0","0","H87","0"
"100332593","75C14320408A10H","VERTICAL BUS","","FLOR","38","0","0","H87","0"
"100332594","75C14320408A10HSM","VERTICAL BUS","","FLOR","14","0","0","H87","0"
"100332595","75C14320408A12H","ANGLE VERT BUS AL","","FLOR","42","0","0","H87","0"
"100332596","75C14320408A14H","ANGLE VERT BUS AL","","FLOR","52","0","0","H87","0"
"100332597","75C14320408A14HSM","ANGLE VERT BUS AL","","FLOR","40","0","0","H87","0"
"100332598","75C14320408A16H","ANGLE VERT BUS AL","","FLOR","12","0","0","H87","0"
"100332599","75C14320408A16HSM","ANGLE VERT BUS AL","","FLOR","3","0","0","H87","0"
"100332600","75C14320408A18H","ANGLE VERT BUS AL","","FLOR","21","0","0","H87","0"
"100332601","75C14320408A20H","ANGLE VERT BUS AL","","FLOR","22","0","0","H87","0"
"100332602","75C14320408A22H","ANGLE VERT BUS AL","","FLOR","21","0","0","H87","0"
"100332603","75C14320408A24H","ANGLE VERT BUS AL","","FLOR","14","0","0","H87","0"
"100332604","75C14320408A26H","ANGLE VERT BUS AL","","FLOR","3","0","0","H87","0"
"100332605","75C14320408A28H","ANGLE VERT BUS AL","","FLOR","10","0","0","H87","0"
"100332606","75C14320408A30H","ANGLE VERT BUS AL","","FLOR","5","0","0","H87","0"
"100332607","75C14320408A32H","ANGLE VERT BUS AL","","FLOR","1","0","0","H87","0"
"100332608","75C14320408A34HSM","ANGLE VERT BUS AL","","FLOR","13","0","0","H87","0"
"100332609","75C14320408A36H","ANGLE VERT BUS AL","","FLOR","6","0","0","H87","0"
"100332610","75C14320408A38H","ANGLE VERT BUS AL","","FLOR","12","0","0","H87","0"
"100332611","75C14320408A38HSM","ANGLE VERT BUS AL","","FLOR","1","0","0","H87","0"
"100332612","75C14320408A40H","ANGLE VERT BUS AL","","FLOR","6","0","0","H87","0"
"100332613","75C14320408A42HSM","ANGLE VERT BUS AL","","FLOR","50","0","0","H87","0"
"100332614","75C14320408A46H","ANGLE VERT BUS AL","","FLOR","13","0","0","H87","0"
"100332615","75C14320408A48H","ANGLE VERT BUS AL","","FLOR","6","0","0","H87","0"
"100332616","75C14320410A04H","VERTICAL BUS","","FLOR","4","0","0","H87","0"
"100332617","75C14320410A04HSM","VERTICAL BUS","","FLOR","2","0","0","H87","0"
"100332618","75C14320410A06H","ANGLE VERT BUS AL","","FLOR","7","0","0","H87","0"
"100332619","75C14320410A08H","VERTICAL BUS","","FLOR","94","0","0","H87","0"
"100332620","75C14320410A10H","ANGLE VERT BUS AL","","FLOR","1","0","0","H87","0"
"100332621","75C14320410A12H","VERTICAL BUS","","FLOR","110","0","0","H87","0"
"100332622","75C14320410A14H","VERTICAL BUS","","FLOR","24","0","0","H87","0"
"100332623","75C14320410A16H","VERTICAL BUS","","FLOR","2","0","0","H87","0"
"100332624","75C14320410A18HSM","ANGLE VERT BUS AL","","FLOR","1","0","0","H87","0"
"100332625","75C14320410A20H","ANGLE VERT BUS AL","","FLOR","2","0","0","H87","0"
"100332626","75C14320410A22H","ANGLE VERT BUS AL","","FLOR","24","0","0","H87","0"
"100332627","75C14320410A24H","ANGLE VERT BUS AL","","FLOR","3","0","0","H87","0"
"100332628","75C14320410A28H","ANGLE VERT BUS AL","","FLOR","8","0","0","H87","0"
"100332629","75C14320410A30H","ANGLE VERT BUS AL","","FLOR","6","0","0","H87","0"
"100332630","75C14320410A32H","ANGLE VERT BUS AL","","FLOR","1","0","0","H87","0"
"100332631","75C14320410A32HSM","ANGLE VERT BUS AL","","FLOR","4","0","0","H87","0"
"100332632","75C14320410A34H","ANGLE VERT BUS AL","","FLOR","18","0","0","H87","0"
"100332633","75C14320410A38H","ANGLE VERT BUS AL","","FLOR","6","0","0","H87","0"
"100332634","75C14320410A42H","ANGLE VERT BUS AL","","FLOR","8","0","0","H87","0"
"100332635","75C14320410A50H","ANGLE VERT BUS AL","","FLOR","2","0","0","H87","0"
"100332636","75C14320410A52H","ANGLE VERT BUS AL","","FLOR","2","0","0","H87","0"
"100332637","75C14320412A04H","ANGLE VERT BUS AL","","FLOR","10","0","0","H87","0"
"100332638","75C14320412A08H","ANGLE VERT BUS AL","","FLOR","2","0","0","H87","0"
"100332639","75C14320412A12H","ANGLE VERT BUS AL","","FLOR","6","0","0","H87","0"
"100332640","75C14320412A14H","BUS","","FLOR","2","0","0","H87","0"
"100332641","75C14320412A16H","ANGLE VERT BUS AL","","FLOR","8","0","0","H87","0"
"100332642","75C14320412A18HSM","ANGLE VERT BUS AL","","FLOR","2","0","0","H87","0"
"100332643","75C14320412A20H","ANGLE VERT BUS AL","","FLOR","4","0","0","H87","0"
"100332644","75C14320412A22H","ANGLE VERT BUS AL","","FLOR","104","0","0","H87","0"
"100332645","75C14320412A26HSM","ANGLE VERT BUS AL","","FLOR","2","0","0","H87","0"
"100332646","75C14320412A28H","ANGLE VERT BUS AL","","FLOR","2","0","0","H87","0"
"100332647","75C14320412A30H","ANGLE VERT BUS AL","","FLOR","2","0","0","H87","0"
"100332648","75C14320412A32H","ANGLE VERT BUS AL","","FLOR","6","0","0","H87","0"
"100332649","75C14320412A38H","ANGLE VERT BUS AL","","FLOR","2","0","0","H87","0"
"100332650","75C14320412A44H","ANGLE VERT BUS AL","","FLOR","2","0","0","H87","0"
"100332651","75C14320412A46H","ANGLE VERT BUS AL","","FLOR","2","0","0","H87","0"
"100332652","75C14320412A54H","ANGLE VERT BUS AL","","FLOR","6","0","0","H87","0"
"100332653","75C14321008A04H","BUS VERT EXTR MAIN DEV 08A CU","","FLOR","19","0","0","H87","0"
"100332654","75C14321008A08HKT","VERTICAL BUS","","FLOR","3","0","0","H87","0"
"100332655","75C14321008A10H","BUS VERT EXTR MAIN DEV 08A CU","","FLOR","3","0","0","H87","0"
"100332656","75C14321008A12H","BUS VERT EXTR MAIN DEV 08A CU","","FLOR","24","0","0","H87","0"
"100332657","75C14321008A14H","BUS VERT EXTR MAIN DEV 08A CU","","FLOR","101","0","0","H87","0"
"100332658","75C14321008A18H","BUS VERT EXTR MAIN DEV 08A CU","","FLOR","15","0","0","H87","0"
"100332659","75C14321008A20H","BUS VERT EXTR MAIN DEV 08A CU","","FLOR","36","0","0","H87","0"
"100332660","75C14321008A20HKT","BUS VERT EXTR MAIN DEV 08A CU","","FLOR","5","0","0","H87","0"
"100332661","75C14321008A22H","BUS VERT EXTR MAIN DEV 08A CU","","FLOR","33","0","0","H87","0"
"100332662","75C14321008A24H","BUS VERT EXTR MAIN DEV 08A CU","","FLOR","2","0","0","H87","0"
"100332663","75C14321008A26H","BUS VERT EXTR MAIN DEV 08A CU","","FLOR","4","0","0","H87","0"
"100332664","75C14321008A28H","BUS VERT EXTR MAIN DEV 08A CU","","FLOR","1","0","0","H87","0"
"100332665","75C14321008A34H","BUS VERT EXTR MAIN DEV 08A CU","","FLOR","3","0","0","H87","0"
"100332666","75C14321008A36H","BUS VERT EXTR MAIN DEV 08A CU","","FLOR","1","0","0","H87","0"
"100332667","75C14321008A36HKT","BUS VERT EXTR MAIN DEV 08A CU","","FLOR","4","0","0","H87","0"
"100332668","75C14321008A40H","BUS VERT EXTR MAIN DEV 08A CU","","FLOR","2","0","0","H87","0"
"100332669","75C14321008A44H","BUS VERT EXTR MAIN DEV 08A CU","","FLOR","1","0","0","H87","0"
"100332670","75C14321008A46H","BUS VERT EXTR MAIN DEV 08A CU","","FLOR","2","0","0","H87","0"
"100332671","75C14321008A48H","BUS VERT EXTR MAIN DEV 08A CU","","FLOR","18","0","0","H87","0"
"100332672","75C14321008A52H","BUS VERT EXTR MAIN DEV 08A CU","","FLOR","6","0","0","H87","0"
"100332673","75C14321010A04H","BUS VERT EXTR MAIN DEV 10A CU","","FLOR","20","0","0","H87","0"
"100332674","75C14321010A04HKT","BUS VERT EXTR MAIN DEV 10A CU","","FLOR","2","0","0","H87","0"
"100332675","75C14321010A08H","BUS VERT EXTR MAIN DEV 10A CU","","FLOR","24","0","0","H87","0"
"100332676","75C14321010A08HKT","BUS VERT EXTR MAIN DEV 10A CU","","FLOR","3","0","0","H87","0"
"100332677","75C14321010A14H","BUS VERT EXTR MAIN DEV 10A CU","","FLOR","29","0","0","H87","0"
"100332678","75C14321010A16H","BUS VERT EXTR MAIN DEV 10A CU","","FLOR","29","0","0","H87","0"
"100332679","75C14321010A20H","BUS VERT EXTR MAIN DEV 10A CU","","FLOR","15","0","0","H87","0"
"100332680","75C14321010A24H","BUS VERT EXTR MAIN DEV 10A CU","","FLOR","2","0","0","H87","0"
"100332681","75C14321010A28H","BUS VERT EXTR MAIN DEV 10A CU","","FLOR","4","0","0","H87","0"
"100332682","75C14321010A32H","BUS VERT EXTR MAIN DEV 10A CU","","FLOR","12","0","0","H87","0"
"100332683","75C14321010A38H","BUS VERT EXTR MAIN DEV 10A CU","","FLOR","18","0","0","H87","0"
"100332684","75C14321010A40H","BUS VERT EXTR MAIN DEV 10A CU","","FLOR","6","0","0","H87","0"
"100332685","75C14321010A48H","BUS VERT EXTR MAIN DEV 10A CU","","FLOR","6","0","0","H87","0"
"100332686","75C14321010A52HKT","BUS VERT EXTR MAIN DEV 10A CU","","FLOR","4","0","0","H87","0"
"100332687","75C14321010A54H","BUS VERT EXTR MAIN DEV 10A CU","","FLOR","6","0","0","H87","0"
"100332688","75C14321010A56H","BUS VERT EXTR MAIN DEV 10A CU","","FLOR","4","0","0","H87","0"
"100332689","75C14321010A72H","RISER","","FLOR","2","0","0","H87","0"
"100332690","75C14321020A08H","BUS VERT EXTR MAIN DEV 20A CU","","FLOR","14","0","0","H87","0"
"100332691","75C14321020A14H","BUS VERT EXTR MAIN DEV 20A CU","","FLOR","12","0","0","H87","0"
"100332692","75C14321020A16HKT","BUS VERT EXTR MAIN DEV 20A CU","","FLOR","4","0","0","H87","0"
"100332693","75C14321020A22H","2000A VERT BUS","","FLOR","26","0","0","H87","0"
"100332694","75C14321020A24H","BUS VERT EXTR MAIN DEV 20A CU","","FLOR","39","0","0","H87","0"
"100332695","75C14321020A26H","BUS VERT EXTR MAIN DEV 20A CU","","FLOR","4","0","0","H87","0"
"100332696","75C14321020A30H","2000A VERT BUS","","FLOR","4","0","0","H87","0"
"100332697","75C14321020A34H","BUS VERT EXTR MAIN DEV 20A CU","","FLOR","4","0","0","H87","0"
"100332698","75C14321020A36HKT","BUS VERT EXTR MAIN DEV 20A CU","","FLOR","4","0","0","H87","0"
"100332699","75C14321020A38H","BUS VERT EXTR MAIN DEV 20A CU","","FLOR","10","0","0","H87","0"
"100332700","75C14321020A42H","BUS VERT EXTR MAIN DEV 20A CU","","FLOR","1","0","0","H87","0"
"100332701","75C14321020A46HKT","BUS VERT EXTR MAIN DEV 20A CU","","FLOR","1","0","0","H87","0"
"100332702","75C143211P172","SUP INSUL 8-10-16&2000A","","FLOR","4","0","0","H87","0"
"100332703","75C143211P175","SUP INSUL 4000A","","FLOR","10","0","0","H87","0"
"100332704","75C143211P176","INSULATED BARRIER","","FLOR","1","0","0","H87","0"
"100332705","75C143211P183","25W S13 MAIN DEVICE BARRIER","","FLOR","3","0","0","H87","0"
"100332706","75C143211P185","35W S13 MAIN DEVICE BARRIER","","FLOR","1","0","0","H87","0"
"100332707","75C143211P201","INSULATED WIDTH FLANGE","","FLOR","3","0","0","H87","0"
"100332708","75C143211P238","HORIZ BARR 40W X 13D INSUL","","FLOR","1","0","0","H87","0"
"100332709","75C143211P244","HORIZ BARR 45W X 18D INSUL","","FLOR","1","0","0","H87","0"
"100332710","75C143211P249","HORIZ BARR 45W X 23D INSUL","","FLOR","2","0","0","H87","0"
"100332711","75C143211P411","SUPPORT-C/T STRAP 40W","","FLOR","2","0","0","H87","0"
"100332712","75C143211P413","SUPPORT-LUG STRAP 40W","","FLOR","1","0","0","H87","0"
"100332713","75C143211P419","INSULATOR CHANNEL","","FLOR","1","0","0","H87","0"
"100332714","75C143211P422","INSULATION SUPPORT CHANNEL","","FLOR","6","0","0","H87","0"
"100332715","75C143211P459","50W TIER SUPT 40A CU & AL","","FLOR","1","0","0","H87","0"
"100332716","75C143211P474","INSULATOR SUPPORT","","FLOR","3","0","0","H87","0"
"100332717","75C143211P476","INSULATOR-SUPPORT","","FLOR","10","0","0","H87","0"
"100332718","75C143211P483","UI BACK INSUL 40H 45W 9CL","","FLOR","3","0","0","H87","0"
"100332719","75C143211P501","SI INSUL SUPPT NYC 16-25A","","FLOR","2","0","0","H87","0"
"100332720","75C143211P504","SI INSUL SUPT 10-20A CU","","FLOR","2","0","0","H87","0"
"100332721","75C143214P174","CHANNEL","","FLOR","8","0","0","H87","0"
"100332722","75C143214P178","CHANNEL","","FLOR","4","0","0","H87","0"
"100332723","75C143214P231","BRACE","","FLOR","4","0","0","H87","0"
"100332724","75C143214P270","INSUL BUS STUB BRACE","","FLOR","10","0","0","H87","0"
"100332725","75C143214P291","BRACING - 40A CU","","FLOR","2","0","0","H87","0"
"100332726","75C143217P101","RIGHT END POST","","FLOR","3","0","0","H87","0"
"100332727","75C143217P102","LEFT END POST","","FLOR","13","0","0","H87","0"
"100332728","75C143217P107","BRACKET","","FLOR","6","0","0","H87","0"
"100332729","75C143218P101","CT BRAKETT","","FLOR","22","0","0","EA","0"
"100332730","75C143218P102","MTG BRKT","","FLOR","23","0","0","H87","0"
"100332731","75C143218P105","SI BRKT MTG. METERING C/T","","FLOR","44","0","0","H87","0"
"100332732","75C143221P226","CATCH BRACKET","","FLOR","16","0","0","H87","0"
"100332733","75C143221P294","BRACKET 40W","","FLOR","1","0","0","H87","0"
"100332734","75C143221P384","BRACKET MAN&ELEC 30W","","FLOR","2","0","0","H87","0"
"100332735","75C143221P428","BRACKET 30W","","FLOR","4","0","0","H87","0"
"100332736","75C143221P439","BRACKET 45W","","FLOR","2","0","0","H87","0"
"100332737","75C143221P442","BRACKET 45W","","FLOR","2","0","0","H87","0"
"100332738","75C143221P507","MTG BRKT","","FLOR","6","0","0","H87","0"
"100332739","75C143222P104","STD CORNER POST BRACKET","","FLOR","243","0","0","H87","0"
"100332740","75C143222P105","STD CORNER POST BRACKET","","FLOR","112","0","0","H87","0"
"100332741","75C143222P108","BRKT GROUND SUPP","","FLOR","941","0","0","H87","0"
"100332742","75C143222P115","MOUNTING BRKT","","FLOR","610","0","0","H87","0"
"100332743","75C143222P126","MAIN STRINGER 90H ALUM CL I&II","","FLOR","3","0","0","H87","0"
"100332744","75C143222P129","MTG BRACKET","","FLOR","300","0","0","H87","0"
"100332745","75C143222P134","BRKT","","FLOR","86","0","0","H87","0"
"100332746","75C143222P134XA","STRAP MTG","","FLOR","14","0","0","H87","0"
"100332747","75C143222P136","150-200KA STRINGER BRACKET","","FLOR","16","0","0","H87","0"
"100332748","75C143222P137","150-200KA CORNER POST BRACKET","","FLOR","10","0","0","H87","0"
"100332749","75C143222P138","STRINGER BRACKET","","FLOR","60","0","0","H87","0"
"100332750","75C143222P139","BRKT","","FLOR","28","0","0","H87","0"
"100332751","75C143222P146","S MTG BRACKET NEUT 60A","","FLOR","18","0","0","H87","0"
"100332752","75C143222P157","SM AUX NEUT SUPT BRKT 16-20A","","FLOR","1","0","0","H87","0"
"100332753","75C143222P160","SM NEUT RSR SUPT","","FLOR","1","0","0","H87","0"
"100332754","75C143226P101","MAIN STRINGER 78H STL","","FLOR","21","0","0","H87","0"
"100332755","75C143226P102","MAIN STRINGER 90H STL","","FLOR","5","0","0","H87","0"
"100332756","75C143226P108","40 STL STRINGER","","FLOR","2","0","0","H87","0"
"100332757","75C143226P111","MAIN STRINGER 90H ALUM","","FLOR","8","0","0","H87","0"
"100332758","75C143226P125","SM STRINGER 16H 5 STEEL","","FLOR","17","0","0","H87","0"
"100332759","75C143226P133","SM STRINGER 32H 5 STEEL","","FLOR","20","0","0","H87","0"
"100332760","75C143226P135","SM STRINGER 36H 5 STEEL","","FLOR","17","0","0","H87","0"
"100332761","75C143226P136","SM STRINGER 38H 5 STEEL","","FLOR","8","0","0","H87","0"
"100332762","75C143226P138","SM STRINGER 42H 5 STEEL","","FLOR","19","0","0","H87","0"
"100332763","75C143226P139","SM STRINGER 44H 5 STEEL","","FLOR","59","0","0","H87","0"
"100332764","75C143226P141","SM STRINGER 48H 5 STEEL","","FLOR","22","0","0","H87","0"
"100332766","75C143226P143","SM STRINGER 52H 5 STEEL","","FLOR","8","0","0","H87","0"
"100332767","75C143226P144","SM STRINGER 54H 5 STEEL","","FLOR","29","0","0","H87","0"
"100332768","75C143226P145","SM STRINGER 56H 5 STEEL","","FLOR","27","0","0","H87","0"
"100332769","75C143226P146","SM STRINGER 58H 5 STEEL","","FLOR","18","0","0","H87","0"
"100332770","75C143226P148","SM STRINGER 62H 5","","FLOR","6","0","0","H87","0"
"100332772","75C143227P106","BRACKET 30W","","FLOR","2","0","0","H87","0"
"100332773","75C143227P108","BRACKET 30W","","FLOR","7","0","0","H87","0"
"100332774","75C143227P109","BRACKET 35W","","FLOR","1","0","0","H87","0"
"100332775","75C143227P111","BRACKET 40W","","FLOR","1","0","0","H87","0"
"100332776","75C143227P112","BRACKET 35W","","FLOR","1","0","0","H87","0"
"100332777","75C143227P113","BRACKET 40W","","FLOR","1","0","0","H87","0"
"100332778","75C143227P116","BRACKET 40W","","FLOR","1","0","0","H87","0"
"100332779","75C143227P121","BRACKET 40W","","FLOR","1","0","0","H87","0"
"100332780","75C143227P122","BRACKET 45W","","FLOR","2","0","0","H87","0"
"100332781","75C143227P137","BARRIER BRACKET","","FLOR","27","0","0","H87","0"
"100332782","75C143227P143","BRACKET 40W","","FLOR","1","0","0","H87","0"
"100332783","75C143227P147","BRACKET 40W","","FLOR","1","0","0","H87","0"
"100332784","75C143227P211","BARRIER WIDTH FLANGE","","FLOR","1","0","0","H87","0"
"100332785","75C143227P212","BARRIER WIDTH FLANGE","","FLOR","6","0","0","H87","0"
"100332786","75C143227P217","DEPTH FLANGE","","FLOR","10","0","0","H87","0"
"100332787","75C143227P300","1.78 CL ANTI-TURN 1 LUG","","FLOR","3","0","0","H87","0"
"100332788","75C143227P302","WASHER1.78 CL ANTI-TURN 3 LUG","","FLOR","5","0","0","H87","0"
"100332789","75C143227P305","1.78 CL ANTI-TURN 6 LUG","","FLOR","106","0","0","H87","0"
"100332790","75C143227P306","SUPPORT","","FLOR","1391","0","0","H87","0"
"100332791","75C143227P337","SUPT MTG BKT HPC2 08-16A 35W","","FLOR","1","0","0","H87","0"
"100332792","75C143227P338","SUPT MTG BKT HPC2 08-16A 40W","","FLOR","1","0","0","H87","0"
"100332793","75C143227P344","SUPT MTG BKT HPC2 08-16A 35W","","FLOR","1","0","0","H87","0"
"100332794","75C143227P345","SUPT MTG BKT HPC2 08-16A 40W","","FLOR","1","0","0","H87","0"
"100332795","75C143277P1006","SI SIDE BARR PARTIAL 35D","","FLOR","1","0","0","H87","0"
"100332796","75C143277P1007","SI SIDE BARR PARTIAL 40D","","FLOR","1","0","0","H87","0"
"100332797","75C143277P140CB10N","FH BARRIER","","FLOR","1","0","0","H87","0"
"100332798","75C143277P235","MAIN FH SEC BARR N&G SAME END","","FLOR","2","0","0","H87","0"
"100332799","75C143277P235CB10N","FULL HEIGHT BARRIER","","FLOR","1","0","0","H87","0"
"100332800","75C143277P240BB15N","FH BARRIER","","FLOR","1","0","0","H87","0"
"100332801","75C143277P900","EUSERC MAIN BUS GAP BARRIER","","FLOR","4","0","0","H87","0"
"100332802","75C143309P104","CONN STRAP","","FLOR","3","0","0","H87","0"
"100332803","75C143309P112","CONN STRAP 30A","","FLOR","3","0","0","H87","0"
"100332804","75C143309P116","SPLICE BUS FLAT 04A","","FLOR","12","0","0","H87","0"
"100332805","75C143309P125","NEUTRAL SPLICE BUS 10A&20A CU","","FLOR","8","0","0","H87","0"
"100332806","75C143309P126","NEUTRAL SPLICE BUS 12A&25A CU","","FLOR","4","0","0","H87","0"
"100332808","75C143309P128","NEUT SPLICE BUS 40A CU","","FLOR","14","0","0","H87","0"
"100332809","75C143309P140","SPLICE","","FLOR","12","0","0","H87","0"
"100332810","75C143309P283","OFFSET SPLICE","","FLOR","6","0","0","H87","0"
"100332811","75C143309P293","OFFSET SPLICE","","FLOR","6","0","0","H87","0"
"100332812","75C143309P442","10 OFFSET SPLICES","","FLOR","3","0","0","H87","0"
"100332813","75C143309P459","SC SPLC","","FLOR","6","0","0","H87","0"
"100332814","75C143309P704","SC BUS SPLICE","","FLOR","3","0","0","H87","0"
"100332815","75C143309P715","SC BUS SPLICE","","FLOR","3","0","0","H87","0"
"100332816","75C143309P736","SC BUS SPLICE","","FLOR","9","0","0","H87","0"
"100332817","75C143309P763","SC BUS SPLICE","","FLOR","3","0","0","H87","0"
"100332818","75C143309P784","SC BUS SPLICE","","FLOR","3","0","0","H87","0"
"100332819","75C143311P103A","CONN STRAP","","FLOR","15","0","0","H87","0"
"100332820","75C143311P104A","CONN STRAP","","FLOR","3","0","0","H87","0"
"100332821","75C143311P111A","SPLICE BUS STRAP 12","","FLOR","15","0","0","H87","0"
"100332822","75C143311P116A","SPLICE BUS FLAT 04A","","FLOR","107","0","0","H87","0"
"100332823","75C143311P117A","SPLICE BUS FLAT 10A AL","","FLOR","1","0","0","H87","0"
"100332824","75C143311P118","NEUT SPL","","FLOR","63","0","0","H87","0"
"100332825","75C143311P118A","SPLICE BUS FLAT 12A AL","","FLOR","31","0","0","H87","0"
"100332826","75C143311P122A","SPLICES","","FLOR","38","0","0","H87","0"
"100332827","75C143311P124A","NEUTRAL SPLICE BUS 08A&16A AL","","FLOR","5","0","0","H87","0"
"100332828","75C143311P126A","NEUTRAL SPLICE BUS 12A&25A AL","","FLOR","2","0","0","H87","0"
"100332829","75C143311P127A","NEUTRAL SPLICE BUS 30A AL","","FLOR","49","0","0","H87","0"
"100332830","75C143311P264A","ALUMINUM BUS. SPLICE STRAPS","","FLOR","15","0","0","H87","0"
"100332831","75C143311P274A","ALUMINUM BUS. SPLICE STRAPS","","FLOR","15","0","0","H87","0"
"100332832","75C143311P394A","SA SPLC","","FLOR","6","0","0","H87","0"
"100332833","75C143311P395A","SA SPLC","","FLOR","14","0","0","H87","0"
"100332834","75C143311P404A","SPLICE","","FLOR","30","0","0","H87","0"
"100332835","75C143311P405A","SA SPLC","","FLOR","6","0","0","H87","0"
"100332836","75C143311P486A","SA BUS SPLICE","","FLOR","12","0","0","H87","0"
"100332837","75C143311P487A","SA BUS SPLICE","","FLOR","4","0","0","H87","0"
"100332838","75C143311P494A","SA BUS SPLICE","","FLOR","12","0","0","H87","0"
"100332839","75C143311P495A","SA BUS SPLICE","","FLOR","5","0","0","H87","0"
"100332840","75C143311P502A","SA BUS SPLICE","","FLOR","57","0","0","H87","0"
"100332841","75C143311P503A","SA BUS SPLICE","","FLOR","3","0","0","H87","0"
"100332842","75C143311P504A","ONE PIECE SPLICE 1200A AND 2500A","","FLOR","10","0","0","H87","0"
"100332843","75C143311P506A","SA BUS SPLICE","","FLOR","6","0","0","H87","0"
"100332844","75C143311P511A","SA BUS SPLICE","","FLOR","3","0","0","H87","0"
"100332845","75C143311P512A","SA BUS SPLICE","","FLOR","6","0","0","H87","0"
"100332846","75C143311P519A","SA BUS SPLICE","","FLOR","2","0","0","H87","0"
"100332847","75C143311P520A","SA BUS SPLICE","","FLOR","3","0","0","H87","0"
"100332848","75C143311P522A","SA BUS SPLICE","","FLOR","3","0","0","H87","0"
"100332849","75C143311P526A","SA BUS SPLICE","","FLOR","6","0","0","H87","0"
"100332850","75C143311P527A","SA BUS SPLICE","","FLOR","3","0","0","H87","0"
"100332851","75C143311P534A","SA BUS SPLICE","","FLOR","10","0","0","H87","0"
"100332852","75C143311P535A","SA BUS SPLICE","","FLOR","6","0","0","H87","0"
"100332854","75C143311P543A","SA BUS SPLICE","","FLOR","3","0","0","H87","0"
"100332855","75C143311P544A","SA BUS SPLICE","","FLOR","9","0","0","H87","0"
"100332856","75C143311P546A","SA BUS SPLICE","","FLOR","6","0","0","H87","0"
"100332857","75C143311P551A","SA BUS SPLICE","","FLOR","2","0","0","H87","0"
"100332858","75C143311P552A","SA BUS SPLICE","","FLOR","6","0","0","H87","0"
"100332859","75C143311P560A","SA BUS SPLICE","","FLOR","4","0","0","H87","0"
"100332860","75C143311P562A","SA BUS SPLICE","","FLOR","3","0","0","H87","0"
"100332861","75C143315P102","SPACER","","FLOR","18","0","0","H87","0"
"100332862","75C143315P103","SPACER","","FLOR","161","0","0","H87","0"
"100332863","75C143320P103A","SPACERS","","FLOR","12","0","0","H87","0"
"100332864","75C143336P26160","SPLICE","","FLOR","5","0","0","H87","0"
"100332865","75C143336P333","GND LINK","","FLOR","1","0","0","H87","0"
"100332866","75C143336P42560","SC GROUND BUS 50-60A 25W","","FLOR","1","0","0","H87","0"
"100332867","75C143336P43060","SC GROUND BUS 50-60A 30W","","FLOR","6","0","0","H87","0"
"100332868","75C143336P44060","SC GROUND BUS 50-60A 40W","","FLOR","1","0","0","H87","0"
"100332869","75C143336P523","ADAPTER NET TO GRND SE CU","","FLOR","4","0","0","H87","0"
"100332870","75C143336P524","ADAPTER NEUT TO GRND SE CU","","FLOR","3","0","0","H87","0"
"100332871","75C143336P527","ADAPTER NEUT TO GRND CU","","FLOR","1","0","0","H87","0"
"100332872","75C143336P528","ADAPTER NEUT TO GRND CU","","FLOR","1","0","0","H87","0"
"100332873","75C143336P529","ADAPTER NEUT TO GRND CU","","FLOR","1","0","0","H87","0"
"100332874","75C143336P567","SC GROUND RISER 60A 50H","","FLOR","1","0","0","H87","0"
"100332875","75C143336P65560","SC EUSERC GND BUS 50-60A 55W","","FLOR","1","0","0","H87","0"
"100332876","75C143337P351A","STRAP VERT AL","","FLOR","1","0","0","H87","0"
"100332877","75C143337P353A","AL D STK 30W","","FLOR","1","0","0","H87","0"
"100332878","75C143337P354A","AL S STK 25W AND D STK 35W","","FLOR","2","0","0","H87","0"
"100332879","75C143337P355A","GND STRAP","","FLOR","1","0","0","H87","0"
"100332880","75C143337P362A","AL T STK 40W","","FLOR","3","0","0","H87","0"
"100332881","75C143337P363A","AL T STK 45W","","FLOR","2","0","0","H87","0"
"100332882","75C143337P517A","VERTICAL NEUTRAL 10/20A AL","","FLOR","2","0","0","H87","0"
"100332883","75C143337P518A","VERTICAL NEUTRAL 12A AL","","FLOR","1","0","0","H87","0"
"100332884","75C143337P519A","VERTICAL NEUTRAL LINK 8-20A AL","","FLOR","11","0","0","H87","0"
"100332885","75C143337P520A","VERT NEUTRAL LINK 12","","FLOR","1","0","0","H87","0"
"100332886","75C143337P521A","VERTICAL NEUTRAL LINK 20A AL","","FLOR","1","0","0","H87","0"
"100332887","75C143414P103","MOUNTING BRACKET","","FLOR","14","0","0","H87","0"
"100332888","75C143414P107","MOUNTING TRACK","","FLOR","2","0","0","H87","0"
"100332889","75C143414P114","UM BRACKET","","FLOR","12","0","0","H87","0"
"100332890","75C143414P119","UM BRACKET MTG PT LEFT 13D","","FLOR","5","0","0","H87","0"
"100332891","75C143424P345","CONN STRAP","","FLOR","2","0","0","H87","0"
"100332892","75C143424P431","NEUTRAL TERMINAL STRAP","","FLOR","1","0","0","H87","0"
"100332893","75C143424P468","HORZ RAIL","","FLOR","6","0","0","H87","0"
"100332894","75C143424P520","SI INSULATOR","","FLOR","8","0","0","H87","0"
"100332895","75C143424P522","SC OMEGA ADAPTER 4000A","","FLOR","3","0","0","H87","0"
"100332896","75C143424P545","SI INSULTOR BRACKET BUSWAY","","FLOR","1","0","0","H87","0"
"100332897","75C143424P547","SM BUS STUB TOP PLATE SGL STK","","FLOR","1","0","0","H87","0"
"100332898","75C143424P548","SM BUS STUB TOP PLATE DBL STK","","FLOR","1","0","0","H87","0"
"100332899","75C143424P549","SM BUS STUB TOP PLATE TPL STK","","FLOR","3","0","0","H87","0"
"100332900","75C143425P321A","ENTRANCE MAIN","","FLOR","3","0","0","H87","0"
"100332901","75C143426P103A","HORIZ RAIL","","FLOR","3","0","0","H87","0"
"100332903","75C143426P118A","HORIZ RAIL","","FLOR","9","0","0","H87","0"
"100332905","75C143426P124AP","EXT PLATE","","FLOR","12","0","0","H87","0"
"100332906","75C143426P139A","OMEGA ADAPTER","","FLOR","15","0","0","H87","0"
"100332907","75C143426P141A","OMEGA ADAPTER 25-30A BUS","","FLOR","12","0","0","H87","0"
"100332908","75C143426P142A","OMEGA ADAPT 13-20A","","FLOR","3","0","0","H87","0"
"100332909","75C143426P144A","NEUTRAL TERMINAL STRAP","","FLOR","1","0","0","H87","0"
"100332910","75C143426P151A","NEUTRAL TERMINAL STRAP","","FLOR","1","0","0","H87","0"
"100332911","75C143426P171A","NEUTRAL TERMINAL STRAP","","FLOR","2","0","0","H87","0"
"100332912","75C143426P184A","NEUTRAL TERMINAL STRAP","","FLOR","2","0","0","H87","0"
"100332913","75C143426P188A","NEUTRAL TERMINAL STRAP","","FLOR","3","0","0","H87","0"
"100332914","75C143426P189A","NEUTRAL TERMINAL STRAP","","FLOR","1","0","0","H87","0"
"100332915","75C143426P202A","NEUTRAL TERMINAL STRAP","","FLOR","3","0","0","H87","0"
"100332916","75C143426P203A","NEUTRAL TERMINAL STRAP","","FLOR","1","0","0","H87","0"
"100332917","75C143426P244A","NEUTRAL TERMINAL STRAP","","FLOR","2","0","0","H87","0"
"100332918","75C143426P250A","NEUTRAL TERMINAL STRAP","","FLOR","2","0","0","H87","0"
"100332919","75C143427P101","BRACKET","","FLOR","1","0","0","H87","0"
"100332920","75C143437P139","T&B BAR AL S13 35W","","FLOR","1","0","0","H87","0"
"100332921","75C143437P144","T&B BAR AL S18 40W","","FLOR","8","0","0","H87","0"
"100332922","75C143437P178","SIDE BARRIER","","FLOR","1","0","0","H87","0"
"100332923","75C143437P179","BARRIER AL","","FLOR","16","0","0","H87","0"
"100332924","75C143437P344","SHIPPING BRACE (CS) B2","","FLOR","3","0","0","H87","0"
"100332925","75C143437P372","BACKPLATE 6 VERT 35W","","FLOR","3","0","0","H87","0"
"100332926","75C143437P375","BACKPLATE 6 VERT 40W","","FLOR","2","0","0","H87","0"
"100332927","75C143437P408","BRACKET","","FLOR","607","0","0","H87","0"
"100332928","75C143437P412","BACKPL 9 VERT 35W FOR HORIZON","","FLOR","1","0","0","H87","0"
"100332929","75C143437P466","SIDE BARR P/T COMPT 8H 13D","","FLOR","8","0","0","H87","0"
"100332930","75C143437P469","SIDE BARR P/T COMPT 12H 13D","","FLOR","2","0","0","H87","0"
"100332931","75C143437P472","P/T MTG BRACKET R.H.","","FLOR","4","0","0","H87","0"
"100332932","75C143437P473","P/T MTG BRACKET L.H.","","FLOR","1","0","0","H87","0"
"100332933","75C143437P474","P/T REAR BARR 35W X 12H AL","","FLOR","2","0","0","H87","0"
"100332934","75C143437P476","P/T REAR BARR 45W X 12H AL","","FLOR","1","0","0","H87","0"
"100332935","75C143437P479","P/T REAR BARR 35W X 8H AL","","FLOR","3","0","0","H87","0"
"100332936","75C143437P486","HORIZ SUPPORT","","FLOR","9","0","0","H87","0"
"100332939","75C143437P581","SUPP. VERT. SIDE BARRIER R.H.","","FLOR","1","0","0","H87","0"
"100332940","75C143437P677","SHIPPING BRACE UE","","FLOR","3","0","0","H87","0"
"100332941","75C143438LP249","C/T TIER T2 10/20A B0","","FLOR","2","0","0","H87","0"
"100332942","75C143438LP251","C/T TIER T1 12/25A B0","","FLOR","2","0","0","H87","0"
"100332943","75C143438LP253","C/T TIER T3 12/25A B0","","FLOR","2","0","0","H87","0"
"100332944","75C143438LP261","C/T TIER T2 10/20A B0","","FLOR","2","0","0","H87","0"
"100332945","75C143438LP263","C/T TIER T1 12/25A B0","","FLOR","2","0","0","H87","0"
"100332946","75C143438LP265","C/T TIER T3 12/25A B0","","FLOR","1","0","0","H87","0"
"100332947","75C143438LP275","C/T LINK","","FLOR","24","0","0","H87","0"
"100332948","75C143438LP276","C/T LINK","","FLOR","24","0","0","H87","0"
"100332949","75C143438LP285","C/T TIER T1 12/25A 4 OFFSET","","FLOR","2","0","0","H87","0"
"100332950","75C143438LP287","C/T TIER T3 12/25A 4 OFFSET","","FLOR","2","0","0","H87","0"
"100332951","75C143438LP297","C/T TIER T1 12/25A 4 OFFSET","","FLOR","2","0","0","H87","0"
"100332952","75C143438LP299","C/T TIER T3 12/25A 4 OFFSET","","FLOR","2","0","0","H87","0"
"100332953","75C143438LP315","C/T TIER T1 12/25A 4 OFFSET","","FLOR","2","0","0","H87","0"
"100332954","75C143438LP317","C/T TIER T3 12/25A 4 OFFSET","","FLOR","2","0","0","H87","0"
"100332955","75C143438LP327","C/T TIER T1 12/25A 4 OFFSET","","FLOR","2","0","0","H87","0"
"100332956","75C143438LP329","C/T TIER T3 12/25A 4 OFFSET","","FLOR","2","0","0","H87","0"
"100332957","75C143438P149","TIER BUS 2 OFFSET 20","","FLOR","1","0","0","H87","0"
"100332958","75C143438P151","TIER BUS 3 OFFSET 20","","FLOR","1","0","0","H87","0"
"100332959","75C143438P256","TIER BUS 0 OFFSET 8","","FLOR","2","0","0","H87","0"
"100332960","75C143438P259",".TIER BUS 0 OFFSET 10A -T3","","FLOR","12","0","0","H87","0"
"100332961","75C143438P261","TIER BUS 0 OFFSET 12A - T1","","FLOR","3","0","0","H87","0"
"100332962","75C143438P262","TIER BUS 0 OFFSET 12A - T2","","FLOR","3","0","0","H87","0"
"100332963","75C143438P264","TIER BUS 0 OFFSET 30A - T1","","FLOR","32","0","0","H87","0"
"100332964","75C143438P265","TIER BUS 0 OFFSET 30A - T2","","FLOR","18","0","0","H87","0"
"100332965","75C143438P267","TIER BUS OFFSET B PHASE CU","","FLOR","1","0","0","H87","0"
"100332966","75C143438P272","TIER BUS 0 OFFSET 10","","FLOR","1","0","0","H87","0"
"100332967","75C143438P273","TIER BUS 0 OFFSET 10","","FLOR","12","0","0","H87","0"
"100332968","75C143438P275","TIER BUS 0 OFFSET 12","","FLOR","3","0","0","H87","0"
"100332969","75C143438P277","TIER BUS 0 OFFSET 30","","FLOR","26","0","0","H87","0"
"100332970","75C143438P278","TIER BUS 0 OFFSET 30","","FLOR","18","0","0","H87","0"
"100332971","75C143438P281","TIER BUS 0 OFFSET 40","","FLOR","4","0","0","H87","0"
"100332972","75C143438P281NS","SC C/T TIER T1 40A 0 OFF RH","","FLOR","9","0","0","H87","0"
"100332973","75C143438P282","TIER BUS 0 OFFSET 40","","FLOR","4","0","0","H87","0"
"100332974","75C143438P283NS","SC C/T TIER T3 40A 0 OFF RH","","FLOR","9","0","0","H87","0"
"100332975","75C143438P284NS","SC C/T TIER T1 40A 0 OFF LF","","FLOR","9","0","0","H87","0"
"100332976","75C143438P285B","C/T TIER 2 40A","","FLOR","2","0","0","H87","0"
"100332977","75C143438P286NS","SC C/T TIER T3 40A 0 OFF LF","","FLOR","9","0","0","H87","0"
"100332978","75C143438P287","C/T LINKS","","FLOR","9","0","0","H87","0"
"100332979","75C143438P397","TIER BUS 2 OFFSET 40","","FLOR","1","0","0","H87","0"
"100332980","75C143438P399","TIER BUS 2 OFFSET 40","","FLOR","1","0","0","H87","0"
"100332981","75C143438P401","TIER BUS 2 OFFSET 40","","FLOR","1","0","0","H87","0"
"100332982","75C143438P406","TIER BUS 2 OFFSET 40","","FLOR","1","0","0","H87","0"
"100332983","75C143438P407","TIER BUS 2 OFFSET 40","","FLOR","1","0","0","H87","0"
"100332984","75C143438P457","TIER BUS 2 OFFSET 10","","FLOR","2","0","0","H87","0"
"100332985","75C143438P458","TIER BUS 2 OFFSET 10","","FLOR","2","0","0","H87","0"
"100332986","75C143438P464","TIER BUS 2 OFFSET 20","","FLOR","2","0","0","H87","0"
"100332987","75C143438P465","TIER BUS 2 OFFSET 20","","FLOR","2","0","0","H87","0"
"100332988","75C143438P488","TIER BUS 2 OFFSET 30","","FLOR","2","0","0","H87","0"
"100332989","75C143438P489","TIER BUS 2 OFFSET 30","","FLOR","2","0","0","H87","0"
"100332990","75C143438P495","TIER BUS 2 OFFSET 30","","FLOR","2","0","0","H87","0"
"100332991","75C143438P496","TIER BUS 2 OFFSET 30","","FLOR","2","0","0","H87","0"
"100332992","75C143438P763","SC TIER BUS 0 OFF 30A BPH","","FLOR","2","0","0","H87","0"
"100332993","75C143438P775","SC TIER BUS 0 OFF 30A BPH","","FLOR","2","0","0","H87","0"
"100332994","75C143438P778","SC TIER BUS 0 OFF 40A BPH T2","","FLOR","4","0","0","H87","0"
"100332995","75C143438P781","SC TIER BUS 0 OFF 40A BPH T2","","FLOR","4","0","0","H87","0"
"100332996","75C143438P784","SC TIER BUS 0 OFF 40A A&C T2","","FLOR","8","0","0","H87","0"
"100332997","75C143438P787","SC TIER BUS 0 OFF 40A A&C T2","","FLOR","8","0","0","H87","0"
"100332998","75C143438P811","SC TIER BUS 0 OFF 30A A&C","","FLOR","3","0","0","H87","0"
"100332999","75C143439P101A","TIER BUS 3 OFFSET 8A","","FLOR","2","0","0","H87","0"
"100333000","75C143439P102A","TIER BUS 3 OFFSET 8A","","FLOR","1","0","0","H87","0"
"100333001","75C143439P103A","TIER BUS 3 OFFSET 8A","","FLOR","2","0","0","H87","0"
"100333002","75C143439P104A","TIER BUS 3 OFFSET 8A","","FLOR","2","0","0","H87","0"
"100333003","75C143439P254A","TIER BUS 0 OFFSET 8A","","FLOR","7","0","0","H87","0"
"100333004","75C143439P255A","TIER BUS 0 OFFSET 8A","","FLOR","8","0","0","H87","0"
"100333005","75C143439P256A","TIER BUS 0 OFFSET 8A","","FLOR","2","0","0","H87","0"
"100333006","75C143439P267A","TIER BUS 0 OFFSET 8A","","FLOR","4","0","0","H87","0"
"100333007","75C143439P268A","TIER BUS 0 OFFSET 8A","","FLOR","7","0","0","H87","0"
"100333008","75C143439P269A","TIER BUS 0 OFFSET 8A","","FLOR","2","0","0","H87","0"
"100333009","75C143439P287A","BUS","","FLOR","6","0","0","H87","0"
"100333010","75C143439P476A","TIER BUS 2 OFFSET 8A","","FLOR","1","0","0","H87","0"
"100333011","75C143439P477A","TIER BUS 2 OFFSET 8A","","FLOR","1","0","0","H87","0"
"100333012","75C143439P478A","TIER BUS 2 OFFSET 8A","","FLOR","1","0","0","H87","0"
"100333013","75C143439P479A","TIER BUS 2 OFFSET 8A","","FLOR","1","0","0","H87","0"
"100333014","75C143439P483A","TIER BUS 2 OFFSET 16A","","FLOR","1","0","0","H87","0"
"100333015","75C143439P484A","TIER BUS 2 OFFSET 16A","","FLOR","1","0","0","H87","0"
"100333016","75C143439P485A","TIER BUS 2 OFFSET 16A","","FLOR","1","0","0","H87","0"
"100333017","75C143439P486A","TIER BUS 2 OFFSET 16A","","FLOR","1","0","0","H87","0"
"100333018","75C143439P588A","C/T LINK","","FLOR","9","0","0","H87","0"
"100333019","75C143439P779A","TIER BUS UE 0 OFFSET AL 08-12A","","FLOR","3","0","0","H87","0"
"100333020","75C143441P112","SPACER 4000A","","FLOR","11","0","0","H87","0"
"100333021","75C143441P125","UC ADAPTER 06-12A CT CU","","FLOR","3","0","0","H87","0"
"100333022","75C143441P126","UC ADAPTER 06-12A CT CU","","FLOR","6","0","0","H87","0"
"100333023","75C143441P129","UC ADAPTER 12A CT GND PNT CU","","FLOR","3","0","0","H87","0"
"100333025","75C143443P109","BRKT","","FLOR","16","0","0","H87","0"
"100333026","75C143443P111","BUS SUPPORT BRACKET LI","","FLOR","8","0","0","H87","0"
"100333027","75C143466P163","SIDE BARR MTG SUPP 5 & 10 EXT","","FLOR","159","0","0","H87","0"
"100333028","75C143525P194","SHORTING BAR","","FLOR","6","0","0","H87","0"
"100333029","75C143562P138","VERT BUS SUPT PH/NEUT 50W NY","","FLOR","2","0","0","H87","0"
"100333030","75C143643P184","TIER T20 CU","","FLOR","4","0","0","H87","0"
"100333031","75C143643P187","TIER T20 CU","","FLOR","2","0","0","H87","0"
"100333032","75C143644P125A","TIER T25 AL","","FLOR","4","0","0","H87","0"
"100333033","75C143644P128A","TIER T25 AL","","FLOR","2","0","0","H87","0"
"100333036","75C143721P159","TIER T20 CU","","FLOR","2","0","0","H87","0"
"100333037","75C143721P166","TIER T20 CU","","FLOR","1","0","0","H87","0"
"100333038","75C143721P405","T BUS","","FLOR","3","0","0","H87","0"
"100333039","75C143721P411","T BUS","","FLOR","2","0","0","H87","0"
"100333040","75C143721P421","T BUS","","FLOR","3","0","0","H87","0"
"100333041","75C143735P111","TIER T20 CU","","FLOR","2","0","0","H87","0"
"100333042","75C143735P112","TIER T25 CU","","FLOR","2","0","0","H87","0"
"100333043","75C143735P114","TIER T20 CU","","FLOR","2","0","0","H87","0"
"100333044","75C143735P117","TIER T20 CU","","FLOR","2","0","0","H87","0"
"100333045","75C143735P159","TIER T30 CU","","FLOR","2","0","0","H87","0"
"100333046","75C143735P163","TIER T30 CU","","FLOR","2","0","0","H87","0"
"100333047","75C143735P172","TIER T30 CU","","FLOR","2","0","0","H87","0"
"100333048","75C143735P175","TIER T30 CU","","FLOR","2","0","0","H87","0"
"100333049","75C143735P185","TIER T30 CU","","FLOR","2","0","0","H87","0"
"100333050","75C143784P103","PHASE CONNECTION STRAP","","FLOR","2","0","0","H87","0"
"100333051","75C143784P136","NEUTRAL VERT RISER","","FLOR","4","0","0","H87","0"
"100333052","75C143784P145","PHASE CONN STRAP","","FLOR","2","0","0","H87","0"
"100333053","75C143784P146","PHASE CONN STRAP","","FLOR","2","0","0","H87","0"
"100333054","75C143784P170","PHASE TRANS BUS 08-20A 40D CU","","FLOR","6","0","0","H87","0"
"100333055","75C143806P108A","TIER BUS HPR SW AL 12-16A T2","","FLOR","6","0","0","H87","0"
"100333056","75C143806P112A","TIER BUS HPR SW AL 12-16A T2","","FLOR","7","0","0","H87","0"
"100333057","75C143806P122A","TIER BUS HPR SW 12-16A T20 AL","","FLOR","8","0","0","H87","0"
"100333058","75C143806P125A","TIER BUS HPR SW 12-16A T20 AL","","FLOR","8","0","0","H87","0"
"100333059","75C143806P135A","TIER BUS HPR SW 12-16A T20 AL","","FLOR","9","0","0","H87","0"
"100333060","75C143806P138A","TIER BUS HPR SW 12-16A T20 AL","","FLOR","6","0","0","H87","0"
"100333061","75C143806P372A","TIER T20 AL","","FLOR","2","0","0","H87","0"
"100333062","75C143806P375A","TIER T20 AL","","FLOR","2","0","0","H87","0"
"100333063","75C143806P378A","TIER BUS HPR SW AL 08A T2","","FLOR","2","0","0","H87","0"
"100333064","75C143817P212","SUPT STIFFNER 8","","FLOR","106","0","0","H87","0"
"100333065","75C143817P212A","SUPPORT STIFFNER 12","","FLOR","14","0","0","H87","0"
"100333066","75C143817P214A","SUPT STIFFNER 30A","","FLOR","39","0","0","H87","0"
"100333067","75C143817P216","SUPT BRKT 08A","","FLOR","33","0","0","H87","0"
"100333068","75C143817P217","SUPT BRKT 12","","FLOR","137","0","0","H87","0"
"100333069","75C143817P219","SUPT BRKT 25","","FLOR","22","0","0","H87","0"
"100333070","75C143817P219A","SUPT BRKT 25A","","FLOR","2","0","0","H87","0"
"100333071","75C143817P220","SUPT BRKT 40A","","FLOR","29","0","0","H87","0"
"100333072","75C143817P222A","ALUMINIUM BACK PLATE 12-16A","","FLOR","13","0","0","H87","0"
"100333073","75C143817P223","ALUMINIUM BACK PLATE 20A","","FLOR","5","0","0","H87","0"
"100333074","75C143817P225","ALUMINIUM BACK PLATE 40A","","FLOR","1","0","0","H87","0"
"100333075","75C143817P230","SI LINE SHIELD","","FLOR","13","0","0","H87","0"
"100333076","75C143817P238","SUPPORT BRACKET","","FLOR","8","0","0","H87","0"
"100333077","75C143817P239","SUPPORT BRACKET","","FLOR","34","0","0","H87","0"
"100333078","75C143830P103","ADAPTER COVER","","FLOR","2","0","0","H87","0"
"100333079","75C143830P415","SM STUB FLANGE PARTS","","FLOR","2","0","0","H87","0"
"100333080","75C143877P107A","TIER STRAP 20A A&C0","","FLOR","2","0","0","H87","0"
"100333081","75C143877P110A","TIER STRAP 20A A&C0","","FLOR","2","0","0","H87","0"
"100333082","75C143877P113A","TIER STRAP 20A B0 T5","","FLOR","1","0","0","H87","0"
"100333083","75C143877P11A","TIER STRAP 20A A&C0 T2 9 IN","","FLOR","10","0","0","H87","0"
"100333084","75C143877P140A","TIER BUS AL EU CT 20A T5 BPH","","FLOR","1","0","0","H87","0"
"100333085","75C143877P14A","TIER STRAP 20A A&C0 T2 9 OUT","","FLOR","10","0","0","H87","0"
"100333086","75C143877P16A","TIER STRAP 20A B0 T1 AL","","FLOR","11","0","0","H87","0"
"100333087","75C143877P17A","TIER STRAP 20A B0 T2 AL","","FLOR","7","0","0","H87","0"
"100333088","75C143877P1A","C/T STRAP UPPER 12-40A AL","","FLOR","3","0","0","H87","0"
"100333089","75C143877P25A","TIER STRAP 30A A&C0 T1 9 INN","","FLOR","5","0","0","H87","0"
"100333090","75C143877P28A","TIER STRAP 30A A&C0 T1 9 OUT","","FLOR","6","0","0","H87","0"
"100333091","75C143877P31A","TIER STRAP 30A B0 T1 AL","","FLOR","6","0","0","H87","0"
"100333092","75C143877P34A","TIER STRAP 40A A&C0 T1 9 INN","","FLOR","1","0","0","H87","0"
"100333093","75C143877P36A","TIER STRAP 40A A&C0 T3 9 INN","","FLOR","6","0","0","H87","0"
"100333094","75C143877P37A","TIER STRAP 40A A&C0 T1 9 OUT","","FLOR","6","0","0","H87","0"
"100333095","75C143877P39A","TIER STRAP 40A A&C0 T3 9 OUT","","FLOR","1","0","0","H87","0"
"100333096","75C143877P3A","200K C/T STRAP LOWER 12-40A AL","","FLOR","8","0","0","H87","0"
"100333097","75C143877P40A","TIER STRAP 40A B0 T1 AL","","FLOR","2","0","0","H87","0"
"100333098","75C143877P43A","TIER BUS AL EU CT 20A T1 BPH","","FLOR","11","0","0","H87","0"
"100333099","75C143877P44A","TIER BUS AL EU CT 20A T2 BPH","","FLOR","19","0","0","H87","0"
"100333100","75C143877P45A","TIER BUS AL EU CT 20A T3 BPH","","FLOR","2","0","0","H87","0"
"100333101","75C143877P4A","TIER STRAP 20A A&C0 T1 6 AL","","FLOR","39","0","0","H87","0"
"100333102","75C143877P5A","TIER STRAP 20A A&C0 T2 6 AL","","FLOR","2","0","0","H87","0"
"100333103","75C143877P7A","TIER STRAP 20A A&C0 T1 6 OUT","","FLOR","45","0","0","H87","0"
"100333104","75C143877P82A","TIER STRAP 20A T15 6CL EU CT","","FLOR","3","0","0","H87","0"
"100333105","75C143877P83A","TIER STRAP 20A T15 6CL EU CT","","FLOR","5","0","0","H87","0"
"100333106","75C143877P86A","TIER STRAP 20A T15 AL B PH EU","","FLOR","3","0","0","H87","0"
"100333107","75C143877P87A","TIER STRAP 20A T15 AL B PH EU","","FLOR","2","0","0","H87","0"
"100333108","75C143877P8A","TIER STRAP 20A A&C0 T2 6 OUT","","FLOR","2","0","0","H87","0"
"100333109","75C143878P1","C/T STRAP UPPER 12-40A CU","","FLOR","8","0","0","H87","0"
"100333110","75C143878P112","TIER STRP 20A B0 T4 CU","","FLOR","1","0","0","H87","0"
"100333111","75C143878P16","TIER STRP 20A B0 T1 CU","","FLOR","1","0","0","H87","0"
"100333112","75C143878P17","TIER STRP 20A B0 T2 CU","","FLOR","1","0","0","H87","0"
"100333113","75C143878P182","SC C/T STRAP LOWER 40A","","FLOR","11","0","0","H87","0"
"100333114","75C143878P2","C/T LINK","","FLOR","11","0","0","H87","0"
"100333115","75C143878P26","TIER STRP 30A A&C0 T2 9INN CU","","FLOR","6","0","0","H87","0"
"100333116","75C143878P32","TIER STRP 30A B0 T2 CU","","FLOR","12","0","0","H87","0"
"100333117","75C143878P34","TIER STRP 40A A&CO T1 9INN CU","","FLOR","5","0","0","H87","0"
"100333118","75C143878P35","TIER STRP 40A A&CO T2 9INN CU","","FLOR","2","0","0","H87","0"
"100333119","75C143878P36","TIER STRP 40A A&CO T3 9INN CU","","FLOR","2","0","0","H87","0"
"100333120","75C143878P37","TIER STRP 40A A&CO T1 9OUT CU","","FLOR","12","0","0","H87","0"
"100333121","75C143878P4","TIER STRP 20A A&C0 T1 6 INN","","FLOR","2","0","0","H87","0"
"100333122","75C143878P40","TIER STRP 40A B0 T1 CU","","FLOR","11","0","0","H87","0"
"100333123","75C143878P5","TIER STRP 20A A&C0 T2 6 INN","","FLOR","2","0","0","H87","0"
"100333124","75C143878P60","HORIZ NEUT 20A CU 50W EU","","FLOR","4","0","0","H87","0"
"100333125","75C143878P7","TIER STRP 20A A&C0 T1 6 OUT","","FLOR","2","0","0","H87","0"
"100333126","75C143878P8","TIER STRP 20A A&C0 T2 6 OUT","","FLOR","2","0","0","H87","0"
"100333127","75C143878P81","HORIZ NEUT BUS EU 40W 10A CU","","FLOR","1","0","0","H87","0"
"100333128","75C143879P10","BRKT - LUG LDG 20A45D/30A50D","","FLOR","2","0","0","H87","0"
"100333129","75C143879P5","SM L.H. SIDE PAN 04-10A","","FLOR","33","0","0","H87","0"
"100333130","75C143879P6","SM R.H. SIDE PAN 04-10A","","FLOR","46","0","0","H87","0"
"100333131","75C143879P7","BRACKET - 10A C/T BUS SUPPORT","","FLOR","51","0","0","H87","0"
"100333132","75C143880P39","BARR - EU 04-10A 25D","","FLOR","3","0","0","H87","0"
"100333133","75C143880P41","BARRIER","","FLOR","2","0","0","H87","0"
"100333134","75C143880P49","BARR - NEUT FILLER 5.00 BUS","","FLOR","146","0","0","H87","0"
"100333135","75C143902G14","S COVER ASSB 40W STD MTG","","FLOR","1","0","0","H87","0"
"100333136","75C143940P102A","LUG STRAP AL","","FLOR","1","0","0","H87","0"
"100333137","75C143940P107A","BUS","","FLOR","6","0","0","H87","0"
"100333138","75C143940P108A","BUS","","FLOR","6","0","0","H87","0"
"100333139","75C143940P109A","LUG STRAP","","FLOR","6","0","0","H87","0"
"100333140","75C143940P110A","LUG STRAP","","FLOR","2","0","0","H87","0"
"100333141","75C143941P109","LUG STRAP CU","","FLOR","1","0","0","H87","0"
"100333142","75C143941P120","LUG STRAP CU","","FLOR","1","0","0","H87","0"
"100333143","75C143941P132","LUG STRAP CU","","FLOR","1","0","0","H87","0"
"100333144","75C143941P145","LUG STRAP CU","","FLOR","2","0","0","H87","0"
"100333145","75C143941P146","LUG STRAP CU","","FLOR","2","0","0","H87","0"
"100333146","75C143941P152","LUG STRAP CU","","FLOR","2","0","0","H87","0"
"100333147","75C143942P131A","LUG STRAP","","FLOR","1","0","0","H87","0"
"100333148","75C143942P133A","LUG STRAP","","FLOR","1","0","0","H87","0"
"100333149","75C143942P135A","LUG STRAP","","FLOR","2","0","0","H87","0"
"100333150","75C143942P137A","LUG STRAP","","FLOR","2","0","0","H87","0"
"100333151","75C143962P105L","RAIL-HOOD SUPPORT 5-10 BOLTON","","FLOR","2","0","0","H87","0"
"100333152","75C143962P105R","RAIL-HOOD SUPPORT 5-10 BOLTON","","FLOR","4","0","0","H87","0"
"100333153","75C143962P106L","RAIL-HOOD SUPPORT 5-10 BOLTON","","FLOR","4","0","0","H87","0"
"100333154","75C143962P106R","RAIL-HOOD SUPPORT 5-10 BOLTON","","FLOR","4","0","0","H87","0"
"100333155","75C143962P110L","RAIL-HOOD SUPPORT 5-10 BOLTON","","FLOR","83","0","0","H87","0"
"100333156","75C143962P110R","RAIL-HOOD SUPPORT 5-10 BOLTON","","FLOR","54","0","0","H87","0"
"100333157","75C143962P111L","RAIL-HOOD SUPPORT 5-10 BOLTON","","FLOR","3","0","0","H87","0"
"100333158","75C143962P111R","RAIL-HOOD SUPPORT 5-10 BOLTON","","FLOR","3","0","0","H87","0"
"100333159","75C143962P135L","NEMA 3 END CAP LEFT","","FLOR","1","0","0","H87","0"
"100333160","75C143962P135R","NEMA 3 END CAP RIGHT","","FLOR","1","0","0","H87","0"
"100333161","75C143962P136L","END CAP - LEFT","","FLOR","4","0","0","H87","0"
"100333162","75C143962P136R","HOOD CAP RH END","","FLOR","3","0","0","H87","0"
"100333163","75C143962P154","HOOD CAP CENTER","","FLOR","1","0","0","H87","0"
"100333164","75C143962P155","FILTER BRKT","","FLOR","4","0","0","H87","0"
"100333165","75C143962P170","HOOD BRACE","","FLOR","4","0","0","H87","0"
"100333166","75C143962P171","HOOD BRACE","","FLOR","1","0","0","H87","0"
"100333167","75C143962P172","HOOD BRACE","","FLOR","4","0","0","H87","0"
"100333168","75C143962P183","INNER LIFTING BRACKET","","FLOR","15","0","0","H87","0"
"100333169","75C143962P185","FLOOR SIDE RAIL 40 WALK-IN","","FLOR","22","0","0","H87","0"
"100333170","75C143962P199","SIDE COVER 40 EXT 90H","","FLOR","6","0","0","H87","0"
"100333171","75C143962P225","FRONT FLOOR 40 WALK-IN N3 SWB","","FLOR","100","0","0","H87","0"
"100333172","75C143962P231","FRONT FLOOR 40 WALK-IN N3 SWB","","FLOR","1","0","0","H87","0"
"100333173","75C143962P247","RAT GUARD NEMA 3 SWBD","","FLOR","1","0","0","H87","0"
"100333174","75C143962P248","RAT GUARD NEMA 3 SWBD","","FLOR","4","0","0","H87","0"
"100333175","75c143962p255","SCREEN HOLD DOWN NEMA 3 SWBD","","FLOR","6","0","0","H87","0"
"100333176","75C143962P276","FLOOR PLATE 5 ONLY N 3 SWBD","","FLOR","2","0","0","H87","0"
"100333177","75C143962P280","FLOOR PLATE 5 ONLY N 3 SWBD","","FLOR","2","0","0","H87","0"
"100333178","75C143962P282","FLOOR PLATE 5 ONLY N 3 SWBD","","FLOR","6","0","0","H87","0"
"100333179","75C143962P283","FLOOR PLATE 5 ONLY N 3 SWBD","","FLOR","1","0","0","H87","0"
"100333180","75C143962P375","FLOOR PLATE 5 70 WIDE","","FLOR","17","0","0","H87","0"
"100333181","75C143962P376","FLOOR PLATE 5 75 WIDE","","FLOR","4","0","0","H87","0"
"100333182","75C143962P382","HOOD CAP RH 35D","","FLOR","1","0","0","H87","0"
"100333183","75C143962P387","END CAP - RH","","FLOR","3","0","0","H87","0"
"100333184","75C143962P399","END CAP LEFT","","FLOR","1","0","0","H87","0"
"100333185","75C143962P402","END CAP LH","","FLOR","1","0","0","H87","0"
"100333186","75C143962P404","END CAP - LH","","FLOR","3","0","0","H87","0"
"100333187","75C143962P406","SM HOOD CAP LH END N3 N/O 70D","","FLOR","2","0","0","H87","0"
"100333188","75C143962P433","HOOD BRACE","","FLOR","4","0","0","H87","0"
"100333189","75C143962P437","HOOD BRACE","","FLOR","2","0","0","H87","0"
"100333190","75C143962P438","SM HOOD BRACE N3 N/O 60D","","FLOR","14","0","0","H87","0"
"100333191","75C143962P440","SM HOOD BRACE N3 N/O 70D","","FLOR","43","0","0","H87","0"
"100333192","75C143962P442","SM HOOD BRACE N3 N/O 80D","","FLOR","2","0","0","H87","0"
"100333193","75C143962P467","SM LIFTING BRKT MIDDLE LEFT","","FLOR","146","0","0","H87","0"
"100333194","75c143962p468","SM LIFTING BRKT REAR RIGHT","","FLOR","22","0","0","H87","0"
"100333195","75c143962p470","SM LIFTING BRKT MIDDLE RIGHT","","FLOR","182","0","0","H87","0"
"100333196","75C143962P491","SM CENTER HOOD CAP N3R 70D","","FLOR","39","0","0","H87","0"
"100333197","75C143962P499","SM CTR HOOD CAP FRT SLOPD N3R","","FLOR","22","0","0","H87","0"
"100333198","75C143962P500","SM CTR HOOD CAP REAR SLPD N3R","","FLOR","51","0","0","H87","0"
"100333199","75C143962P502","SM HOOD SUPPORT BRACKET","","FLOR","1393","0","0","H87","0"
"100333200","75C143962P514","SM HOOD SUPPORT RIB 35 DP","","FLOR","3","0","0","H87","0"
"100333201","75C143962P517","SM HOOD SUPPORT RIB 50 DP","","FLOR","2","0","0","H87","0"
"100333202","75C143963G764","S ASM AUX. COVER W/","","FLOR","2","0","0","H87","0"
"100333203","75C143963P101L","POST","","FLOR","16","0","0","H87","0"
"100333204","75C143963P104","TOP BEAM NEMA 3 SWBD","","FLOR","3","0","0","H87","0"
"100333205","75C143963P105","TOP BEAM NEMA 3 SWBD","","FLOR","2","0","0","H87","0"
"100333206","75C143963P106","TOP BEAM NEMA 3 SWBD","","FLOR","1","0","0","H87","0"
"100333207","75C143963P107","TOP BEAM NEMA 3 SWBD","","FLOR","1","0","0","H87","0"
"100333208","75C143963P109","TOP BEAM NEMA 3 SWBD","","FLOR","14","0","0","H87","0"
"100333209","75C143963P110MOD","TOP BEAM NEMA 3 SWBD","","FLOR","1","0","0","H87","0"
"100333210","75C143963P111","TOP BEAM NEMA 3 SWBD","","FLOR","5","0","0","H87","0"
"100333211","75C143963P112","TOP BEAM NEMA 3 SWBD","","FLOR","1","0","0","H87","0"
"100333212","75C143963P115","BOTTON BEAM NEMA 3 SWBD","","FLOR","2","0","0","H87","0"
"100333213","75C143963P118","BOTTOM BEAM NEMA 3 SWBD","","FLOR","3","0","0","H87","0"
"100333214","75C143963P119","BOTTOM BEAM NEMA 3 SWBD","","FLOR","5","0","0","H87","0"
"100333215","75C143963P121","BOTTON BEAM NEMA 3 SWBD","","FLOR","2","0","0","H87","0"
"100333216","75C143963P122","BOTTON BEAM NEMA 3 SWBD","","FLOR","4","0","0","H87","0"
"100333217","75C143963P137","STIFFENER CVR SPRT 90H N3 SWBD","","FLOR","17","0","0","H87","0"
"100333218","75C143963P144","FLOOR SILL 5 BOLT ON N 3 SWBD","","FLOR","2","0","0","H87","0"
"100333219","75C143963P146","FLOOR SILL 5 BOLT ON N 3 SWBD","","FLOR","1","0","0","H87","0"
"100333220","75C143963P152","FLOOR SILL 10BOLT ON N 3 SWBD","","FLOR","2","0","0","H87","0"
"100333221","75C143963P153","FLOOR SILL 10BOLT ON N 3 SWBD","","FLOR","5","0","0","H87","0"
"100333222","75C143963P158","BRACKET PARA LAMPARA","","FLOR","2","0","0","EA","0"
"100333223","75C143963P160","FRONT VERTICAL POST 78H","","FLOR","77","0","0","H87","0"
"100333224","75C143963P162","SECT WIDTH POST 15W","","FLOR","177","0","0","H87","0"
"100333225","75C143963P163","SECT WIDTH POST 20W","","FLOR","3","0","0","H87","0"
"100333226","75C143963P165","SECT WIDTH POST 30W","","FLOR","13","0","0","H87","0"
"100333227","75C143963P166","SECT WIDTH POST 35W","","FLOR","397","0","0","H87","0"
"100333228","75C143963P167","SECT WIDTH POST 40W","","FLOR","357","0","0","H87","0"
"100333230","75C143963P169","SECT WIDTH POST 50W","","FLOR","164","0","0","H87","0"
"100333231","75C143963P170","SECT WIDTH POST 55W","","FLOR","99","0","0","H87","0"
"100333232","75C143963P173","TOP BEAM 70W","","FLOR","20","0","0","H87","0"
"100333233","75C143963P174MOD","TOP BEAM 75W","","FLOR","7","0","0","H87","0"
"100333234","75C143963P177","BOTTOM BEAM 70W","","FLOR","41","0","0","H87","0"
"100333235","75C143963P178","BOTTOM BEAM 75W","","FLOR","35","0","0","H87","0"
"100333236","75C143963P180","BOTTOM BEAM 85W","","FLOR","120","0","0","H87","0"
"100333237","75C143963P185","SHOOT BOLT FRONT DOOR (DOOR ROD)","","FLOR","1024","0","0","H87","0"
"100333238","75C143963P202L","GUSSET TOP LEFT","","FLOR","203","0","0","H87","0"
"100333239","75C143963P202R","GUSSET TOP RIGHT","","FLOR","3","0","0","H87","0"
"100333240","75C143963P217MOD","TOP BEAM 10 EXT 80W","","FLOR","3","0","0","H87","0"
"100333241","75C143963P220R","POST FRT 10 EXT 90H R","","FLOR","14","0","0","H87","0"
"100333242","75C143963P224","HINGE BRKT 90H","","FLOR","5","0","0","H87","0"
"100333243","75C143963P225","HINGE BACKING BRKT","","FLOR","42","0","0","H87","0"
"100333244","75C143963P229","DOOR SKIRT SGL DR 20W","","FLOR","1","0","0","H87","0"
"100333245","75C143963P233","DOOR SKIRT SGL DR 40W","","FLOR","5","0","0","H87","0"
"100333246","75C143963P235","SKIRT RABBIT DBL DR","","FLOR","1","0","0","H87","0"
"100333247","75C143963P236","NEMA 3R DOOR SKIRT","","FLOR","1","0","0","H87","0"
"100333248","75C143963P238","DOOR SKRIT DBL DR 50W","","FLOR","6","0","0","H87","0"
"100333249","75C143963P239","NEMA 3R DOOR SKIRT","","FLOR","10","0","0","H87","0"
"100333250","75C143963P241","DOOR SKRIT DBL DR 65W","","FLOR","6","0","0","H87","0"
"100333251","75C143963P243","DOOR SKRIT DBL DR 75W","","FLOR","34","0","0","H87","0"
"100333252","75C143963P246","DOOR SKIRT","","FLOR","8","0","0","H87","0"
"100333253","75C143963P253","FLOOR SILL 10 EXT 65W","","FLOR","1","0","0","H87","0"
"100333254","75C143963P254","FLOOR SILL 10 EXT 70W","","FLOR","1","0","0","H87","0"
"100333255","75C143963P255","FLOOR SILL 10 EXT 75W","","FLOR","1","0","0","H87","0"
"100333256","75C143963P262","BOTTOM BEAM N3R 45W DOUBLE DR","","FLOR","11","0","0","H87","0"
"100333257","75C143963P273","DOOR SKIRT 100W","","FLOR","2","0","0","H87","0"
"100333258","75C143963P307","SM BRKT CBLE SUP FRNT ACC GQC","","FLOR","12","0","0","H87","0"
"100333259","75C143963P317","SM PIANO HINGE BTM DOOR GQC","","FLOR","9","0","0","H87","0"
"100333260","75C143963P319","SM SPLIT BOTTOM DOOR GQC 25A","","FLOR","1","0","0","H87","0"
"100333261","75C143963P320","SM SPLIT BOTTOM DOOR GQC 40A","","FLOR","1","0","0","H87","0"
"100333262","75C143963P321","SM RAIN SHIELD RH BTM DOOR","","FLOR","2","0","0","H87","0"
"100333263","75C143963P322","SM RAIN SHIELD LH BTM DOOR","","FLOR","2","0","0","H87","0"
"100333264","75C143963P356L","SM POST","","FLOR","2","0","0","H87","0"
"100333265","75C143963P356R","SM POST","","FLOR","2","0","0","H87","0"
"100333266","75C143963P358","BOTTOM BEAM N3R 11 EXT 20W","","FLOR","1","0","0","H87","0"
"100333267","75C143963P361","BOTTOM BEAM N3R 11 EXT 35W","","FLOR","1","0","0","H87","0"
"100333268","75C143963P362","BOTTOM BEAM N3R 11 EXT 40W","","FLOR","6","0","0","H87","0"
"100333269","75C143963P363","BOTTOM BEAM N3R 11 EXT 45W","","FLOR","1","0","0","H87","0"
"100333270","75C143963P366","BOTTOM BEAM N3R 11 EXT 60W","","FLOR","3","0","0","H87","0"
"100333271","75C143963P367","BOTTOM BEAM N3R 11 EXT 65W","","FLOR","1","0","0","H87","0"
"100333272","75C143963P368","BOTTOM BEAM N3R 11 EXT 70W","","FLOR","2","0","0","H87","0"
"100333273","75C143963P369","BOTTOM BEAM N3R 11 EXT 75W","","FLOR","14","0","0","H87","0"
"100333274","75C143963P371","BOTTOM BEAM N3R 11 EXT 85W","","FLOR","2","0","0","H87","0"
"100333275","75C143963P372","FLOOR PLATE","","FLOR","3","0","0","H87","0"
"100333276","75C143963P376","TOP BEAM N3R 11 EXT 20W SWBD","","FLOR","2","0","0","H87","0"
"100333277","75C143963P378","TOP BEAM N3R 11 EXT 30W SWBD","","FLOR","3","0","0","H87","0"
"100333278","75C143963P379","TOP BEAM N3R 11 EXT 35W SWBD","","FLOR","6","0","0","H87","0"
"100333279","75C143963P380","TOP BEAM N3R 11 EXT 40W SWBD","","FLOR","4","0","0","H87","0"
"100333280","75C143963P380MOD","TOP BEAM 11EXT 40W","","FLOR","5","0","0","H87","0"
"100333281","75C143963P382MOD","TOP BEAM 11EXT 50W SWBD","","FLOR","3","0","0","H87","0"
"100333282","75C143963P383","TOP BEAM N3R 11 EXT 55W SWBD","","FLOR","3","0","0","H87","0"
"100333283","75C143963P383MOD","TOP BEAM 11EXT 60W","","FLOR","1","0","0","H87","0"
"100333284","75C143963P384MOD","TOP BEAM 11EXT 60W","","FLOR","1","0","0","H87","0"
"100333285","75C143963P385MOD","TOP BEAM 11EXT 65W SWBD","","FLOR","2","0","0","H87","0"
"100333286","75C143963P386","TOP BEAM N3R 11 EXT 70W SWBD","","FLOR","2","0","0","H87","0"
"100333287","75C143963P386MOD","TOP BEAM 11EXT 70W","","FLOR","2","0","0","H87","0"
"100333288","75C143963P387MOD","TOP BEAM 11EXT 85W","","FLOR","16","0","0","H87","0"
"100333289","75C143963P388MOD","TOP BEAM 11EXT 80W","","FLOR","1","0","0","H87","0"
"100333290","75C143963P389MOD","TOP BEAM 11EXT 85W","","FLOR","1","0","0","H87","0"
"100333291","75C143963P390","TOP BEAM N3R 11 EXT 90W SWBD","","FLOR","5","0","0","H87","0"
"100333292","75C143963P394L","POST FRT 11 EXT 90H L","","FLOR","6","0","0","H87","0"
"100333293","75C143963P396","SM AUX. COVER","","FLOR","2","0","0","H87","0"
"100333294","75C143963P399","SM AUX. COVER","","FLOR","1","0","0","H87","0"
"100333295","75C143963P400","SM AUX. COVER","","FLOR","6","0","0","H87","0"
"100333296","75C143963P401","SM AUX. COVER","","FLOR","1","0","0","H87","0"
"100333297","75C143963P406","SM FILTER BRACKET HORIZ.","","FLOR","7","0","0","H87","0"
"100333298","75C143963P408","SM FILTER BRACKET HORIZ.","","FLOR","135","0","0","H87","0"
"100333299","75C143963P409","SM FILTER BRACKET HORIZ.","","FLOR","1","0","0","H87","0"
"100333300","75C143963P414","SM SCREEN RETAINER HORIZ.","","FLOR","4","0","0","H87","0"
"100333301","75C143963P420","SM SCREEN RETAINER HORIZ.","","FLOR","224","0","0","H87","0"
"100333302","75C143963P425","SM AUX COVER DBV","","FLOR","4","0","0","H87","0"
"100333303","75C143963P439","SM SCREEN RETAINER VERT. DBV","","FLOR","72","0","0","H87","0"
"100333304","75C143965P171","SM SCREEN END CAP N3R N/O 70D","","FLOR","4","0","0","H87","0"
"100333305","75C143966P111","CATCH PLATES R DR NEMA 3 SWBD","","FLOR","6","0","0","H87","0"
"100333307","75C143966P116","TOP RAIN DRAIN R DR N 3 SWBD","","FLOR","14","0","0","H87","0"
"100333308","75C143966P123","VERT RAIN DRAIN 90H R DR N 3","","FLOR","5","0","0","H87","0"
"100333309","75C143967P104","MTG BRACKET","","FLOR","61","0","0","H87","0"
"100333310","75C143967P106","DOOR BRKT WIND STP 170 R.H.","","FLOR","4","0","0","H87","0"
"100333311","75C143967P107","BRKT FRT DR WIND STP 170 OPEN","","FLOR","3","0","0","H87","0"
"100333312","75C143967P111","TENSION ASM WIND STOP","","FLOR","11","0","0","H87","0"
"100333313","75C143973P16","LUG PAD BRACE BRKT 25A-40AUGPS","","FLOR","568","0","0","H87","0"
"100333314","75C143973P22","SM LUG PAD BRACE","","FLOR","2","0","0","H87","0"
"100333315","75C143973P3","LUG PAD BRACE BRACKET","","FLOR","161","0","0","H87","0"
"100333316","75C143973P4","LUG PAD BRACKET","","FLOR","1088","0","0","H87","0"
"100333317","75C143974P102A","NEUT CONN STP HOR VERT 10A 35D","","FLOR","2","0","0","H87","0"
"100333318","75C143974P10A","NEUT LUG PAD 1600-2000A","","FLOR","4","0","0","H87","0"
"100333319","75C143974P110A","NEUT CONN STP HOR VERT 16A 40D","","FLOR","3","0","0","H87","0"
"100333320","75C143974P116A","NEUT CONN STP HOR VERT 20A 40D","","FLOR","3","0","0","H87","0"
"100333321","75C143974P123A","NEUT CONN STP HOR VERT 25A 50D","","FLOR","1","0","0","H87","0"
"100333322","75C143974P124A","NEUT CONN STP HOR VERT 25A 50D","","FLOR","1","0","0","H87","0"
"100333323","75C143974P129A","NEUT CONN STP HOR VERT 30A 50D","","FLOR","3","0","0","H87","0"
"100333324","75C143974P12A","C0 LUG PAD 1600-2000A AL","","FLOR","1","0","0","H87","0"
"100333325","75C143974P130A","NEUT CONN STP HOR VERT 30A 50D","","FLOR","3","0","0","H87","0"
"100333326","75C143974P133A","NEUT CONN STP HOR VERT 40A 50D","","FLOR","2","0","0","H87","0"
"100333327","75C143974P134A","NEUT CONN STP HOR VERT 40A 50D","","FLOR","2","0","0","H87","0"
"100333328","75C143974P14A","A0 B0 LUGPAD 1600-3000A AL","","FLOR","2","0","0","H87","0"
"100333329","75C143974P15A","HORZ & NEUT BUS 1600A 40W","","FLOR","28","0","0","H87","0"
"100333330","75C143974P17A","HORZ & NEUT BUS 2000A 40W","","FLOR","18","0","0","H87","0"
"100333331","75C143974P22A","SA LUG STRAP 25A N OUTER","","FLOR","1","0","0","H87","0"
"100333332","75C143974P23A","SA LUG STRAP 25A N INNER","","FLOR","1","0","0","H87","0"
"100333333","75C143974P24A","LUG STRAP 25A A0 OUTER","","FLOR","4","0","0","H87","0"
"100333334","75C143974P28A","LUG STRAP 25A C0 OUTER","","FLOR","1","0","0","H87","0"
"100333335","75C143974P29A","LUG STRAP 25A C0 INNER","","FLOR","1","0","0","H87","0"
"100333336","75C143974P3AX","HORZ & NEUT BUS 800A AL 30W","","FLOR","9","0","0","H87","0"
"100333337","75C143974P4A","A0 LUG PAD 1000-1200A AL","","FLOR","2","0","0","H87","0"
"100333338","75C143974P5A","NEUT LUG PAD 1000-1200A AL","","FLOR","1","0","0","H87","0"
"100333339","75C143974P68A","MAIN & NEUT BUS 25A 50W 150K","","FLOR","11","0","0","H87","0"
"100333340","75C143974P6A","C0 LUG PAD 1000-1200A AL","","FLOR","2","0","0","H87","0"
"100333341","75C143974P76A","MAIN & NEUT BUS 30A 50W 150K","","FLOR","29","0","0","H87","0"
"100333342","75C143974P7A","HORZ&NEUT BUS 1000A AL 35W","","FLOR","11","0","0","H87","0"
"100333343","75C143974P8A","HORZ&NEUT BUS 1200A AL 35W","","FLOR","1","0","0","H87","0"
"100333344","75C143974P90A","NEUT STRAP 40A INNER","","FLOR","1","0","0","H87","0"
"100333345","75C143975P10","NEUT LUG PAD 1600-2000A CU","","FLOR","1","0","0","H87","0"
"100333346","75C143975P12","C0 LUG PAD 1600-2000A CU","","FLOR","1","0","0","H87","0"
"100333347","75C143975P14","A0&B0 LUG PAD 1600-2000A CU","","FLOR","2","0","0","H87","0"
"100333348","75C143975P21","LUG STRAP 25A A0 OUTER","","FLOR","3","0","0","H87","0"
"100333349","75C143975P3","HORZ & NEUT BUS 800A CU 30W","","FLOR","4","0","0","H87","0"
"100333350","75C143975P35","LUG STRAP 30A N OUTER","","FLOR","3","0","0","H87","0"
"100333351","75C143975P36","LUG STRAP 30A N INNER","","FLOR","3","0","0","H87","0"
"100333352","75C143975P37","LUG STRAP 30A A0 OUTER","","FLOR","12","0","0","H87","0"
"100333353","75C143975P41","LUG STRAP 30A C0 OUTER","","FLOR","2","0","0","H87","0"
"100333354","75C143975P42","LUG STRAP 30A C0 INNER","","FLOR","3","0","0","H87","0"
"100333355","75C143975P95","NEUT CONN STP HOR VERT 08A 30D","","FLOR","1","0","0","H87","0"
"100333356","75C143990P211","VERTICAL LINK CU (10A-30A)","","FLOR","12","0","0","H87","0"
"100333357","75C143990P212","VERTICAL LINK CU (4000A)","","FLOR","4","0","0","H87","0"
"100333358","75C143990P218","TIER CU 10A-20A T3 B","","FLOR","3","0","0","H87","0"
"100333359","75C143990P230","TIER BUS","","FLOR","2","0","0","H87","0"
"100333360","75C143990P284","TIER CU 30A T3 TOP BPH OUT","","FLOR","3","0","0","H87","0"
"100333361","75C143990P303","TIER CU 40A T1 TOP NEU APH INN","","FLOR","1","0","0","H87","0"
"100333363","75C143990P306","TIER CU 40A T1 TOP NEU APH OUT","","FLOR","1","0","0","H87","0"
"100333364","75C143990P309","TIER CU 40A T1 BOT NEU APH INN","","FLOR","3","0","0","H87","0"
"100333365","75C143990P312","TIER CU 40A T1 BOT NEU APH OUT","","FLOR","3","0","0","H87","0"
"100333366","75C143990P339","PHASE & NEUTRAL TAP","","FLOR","1","0","0","H87","0"
"100333367","75C143990P453","TIER CU 40A T1 TOP N","","FLOR","1","0","0","H87","0"
"100333369","75C143990P456","TIER CU 40A T1 BOT N","","FLOR","2","0","0","H87","0"
"100333370","75C143990P457","TIER CU 40A T2 BOT N","","FLOR","1","0","0","H87","0"
"100333371","75C143990P460","TIER CU 40A T2 TOP B","","FLOR","1","0","0","H87","0"
"100333373","75C143990P463","TIER CU 40A T2 TOP B","","FLOR","1","0","0","H87","0"
"100333375","75C143990P466","TIER CU 40A T2 TOP B","","FLOR","1","0","0","H87","0"
"100333376","75C143990P467","TIER CU 40A T3 TOP BPH OUT","","FLOR","2","0","0","H87","0"
"100333377","75C143990P469","TIER CU 40A T2 TOP C","","FLOR","1","0","0","H87","0"
"100333378","75C143990P472","TIER CU 40A T2 TOP C","","FLOR","1","0","0","H87","0"
"100333379","75C143990P473","TIER CU 40A T3 TOP CPH MID","","FLOR","2","0","0","H87","0"
"100333380","75C143990P475","TIER CU 40A T1 TOP C","","FLOR","1","0","0","H87","0"
"100333381","75C143990P477","TIER CU 40A T1 BOT B","","FLOR","2","0","0","H87","0"
"100333382","75C143990P480","TIER CU 40A T1 BOT B","","FLOR","2","0","0","H87","0"
"100333383","75C143990P483","TIER CU 40A T1 BOT B","","FLOR","2","0","0","H87","0"
"100333384","75C143990P486","TIER CU 40A T1 BOT C","","FLOR","2","0","0","H87","0"
"100333385","75C143990P489","TIER CU 40A T1 BOT C","","FLOR","2","0","0","H87","0"
"100333386","75C143990P492","TIER CU 40A T1 BOT C","","FLOR","2","0","0","H87","0"
"100333387","75C143993P1002","NEUT TAP TIER BUS CE UTILITY","","FLOR","3","0","0","H87","0"
"100333388","75C143993P12","VERT NEUT CONN","","FLOR","1","0","0","H87","0"
"100333389","75C143993P13","VERT NEUT CT COMP WEPCO PSE&G","","FLOR","2","0","0","H87","0"
"100333390","75C143993P15","VERT NEUT CT COMP WEPCO PSE&G","","FLOR","1","0","0","H87","0"
"100333391","75C143993P18","VERT NEUT CONN","","FLOR","1","0","0","H87","0"
"100333392","75C143993P4","VERT NEUT CT COMP WEPCO PSE&G","","FLOR","3","0","0","H87","0"
"100333393","75C143993P730","C/T LINKS 15-20A","","FLOR","9","0","0","H87","0"
"100333394","75C143993P732","C/T LINKS 40A","","FLOR","3","0","0","H87","0"
"100333395","75C143993P800","10","","FLOR","1","0","0","H87","0"
"100333396","75C143993P818","40A TIER INN T2 C0 CU","","FLOR","1","0","0","H87","0"
"100333397","75C143993P9","NEUT BUS","","FLOR","2","0","0","H87","0"
"100333398","75C143994P21","COVER-TOP 40W X 40H","","FLOR","1","0","0","H87","0"
"100333399","75C143994P37","SUPPORT MTG BRACKET","","FLOR","3","0","0","H87","0"
"100333400","75C143994P40","LEFT SUPPORT MTG. BRACKET","","FLOR","3","0","0","H87","0"
"100333401","75C143994P47","BRACKET HOT BOLT BARREIR","","FLOR","16","0","0","H87","0"
"100333404","75C143997P30A","12A-25A TIER BUS T1 AL","","FLOR","2","0","0","H87","0"
"100333405","75C143997P31A","12A-25A TIER BUS T2 AL","","FLOR","2","0","0","H87","0"
"100333406","75C143997P321A","BUS BAR","","FLOR","2","0","0","H87","0"
"100333407","75C143997P322A","CONN STRAP 30A AL INN 6.5","","FLOR","2","0","0","H87","0"
"100333408","75C143997P323A","BUS BAR","","FLOR","2","0","0","H87","0"
"100333409","75C143997P324A","CONN STRAP 30A AL OUT 6.5","","FLOR","3","0","0","H87","0"
"100333410","75C143997P34A","30A TIER BUS T2 AL","","FLOR","2","0","0","H87","0"
"100333411","75C143997P51A","12","","FLOR","2","0","0","H87","0"
"100333412","75C143997P56A","30A TIER INN T2 AL B0","","FLOR","1","0","0","H87","0"
"100333413","75C143997P78A","12","","FLOR","2","0","0","H87","0"
"100333414","75C143997P83A","30A TIER INN T2 AL C0","","FLOR","1","0","0","H87","0"
"100333415","75C143997P84A","30A TIER OUT T2 AL C0","","FLOR","1","0","0","H87","0"
"100333416","75C143997P86A","30A TIER OUT T3 AL C0","","FLOR","1","0","0","H87","0"
"100333417","75C143998P108","TIER BUS CU 5 OFFSET 10AT1","","FLOR","1","0","0","H87","0"
"100333418","75C143998P109","TIER BUS CU 5 OFFSET 10AT1","","FLOR","1","0","0","H87","0"
"100333419","75C143998P115","TIERBUS CU 5 OFFSET 10AT1","","FLOR","1","0","0","H87","0"
"100333420","75C143998P12","SPLICE BUS 30A CU INN 6.5","","FLOR","1","0","0","H87","0"
"100333421","75C143998P160","TIERBUS CU 0 OFFSET 10AT2","","FLOR","1","0","0","H87","0"
"100333422","75C143998P38","CONN STRAP 40A CU INN 8","","FLOR","1","0","0","H87","0"
"100333423","75C143998P41","CONN STRAP 40A CU OUT 8","","FLOR","1","0","0","H87","0"
"100333424","75C146442P102","CHANNEL","","FLOR","2","0","0","H87","0"
"100333425","75C146442P107","SUPR ANGLE","","FLOR","1","0","0","H87","0"
"100333426","75C146442P108","STOP BRKT","","FLOR","1","0","0","H87","0"
"100333427","75C146442P115","REAR PLATE","","FLOR","1","0","0","H87","0"
"100333428","75C146442P119","STOP BRACKET","","FLOR","1","0","0","H87","0"
"100333429","75C148033P11","COVER METER PANEL","","FLOR","1","0","0","H87","0"
"100333430","75C148033P27","SUPPORT 35W","","FLOR","29","0","0","H87","0"
"100333431","75C148033P3","METER DOOR","","FLOR","39","0","0","H87","0"
"100333432","75C148033P6","BLANK DOOR","","FLOR","16","0","0","H87","0"
"100333433","75C148033P72","SM METER PANEL CT 3","","FLOR","1","0","0","H87","0"
"100333434","75C148033P8","COVER METER PANEL","","FLOR","6","0","0","H87","0"
"100333435","75C148033P9","COVER METER PANEL","","FLOR","29","0","0","H87","0"
"100333436","75C325123P104A","LUG STRAP","","FLOR","9","0","0","H87","0"
"100333437","75C325123P106A","LUG STRAP","","FLOR","1","0","0","H87","0"
"100333438","75C325153P104","LUG STRAP","","FLOR","3","0","0","H87","0"
"100333439","75C325153P106","LUG STRAP","","FLOR","1","0","0","H87","0"
"100333440","75C325153P107","LUG STRAP","","FLOR","10","0","0","H87","0"
"100333441","75C325153P108","SPACER","","FLOR","7","0","0","H87","0"
"100333442","75C325173P203","NEUT DISC.BAR","","FLOR","2","0","0","H87","0"
"100333443","75C325173P205","NEUT DISC.BAR","","FLOR","2","0","0","H87","0"
"100333444","75C325173P211","NEUT DISC STRAP","","FLOR","9","0","0","H87","0"
"100333445","75C325173P212","NEUT DISC STRAP","","FLOR","9","0","0","H87","0"
"100333446","75C325174P202A","SPLICE BAR","","FLOR","1","0","0","H87","0"
"100333447","75C325174P203A","OFFSET SPLICE","","FLOR","1","0","0","H87","0"
"100333448","75C325174P211A","AL NEUT DICS STP OUTER 40A","","FLOR","6","0","0","H87","0"
"100333449","75C325174P212A","AL NEUT DICS STP INNER 40A","","FLOR","6","0","0","H87","0"
"100333450","75C325191P110","LATCH","","FLOR","2646","0","0","H87","0"
"100333451","75C325191P112","BRACKET CATCH","","FLOR","2235","0","0","H87","0"
"100333452","75C661155P120","FP & L NEUT STUB","","FLOR","4","0","0","H87","0"
"100333453","75C661155P121","FP & L PHASE STUB","","FLOR","6","0","0","H87","0"
"100333454","75C661155P122","FP & L PHASE STUB","","FLOR","6","0","0","H87","0"
"100333455","75D165310P17","BRACKET","","FLOR","2","0","0","H87","0"
"100333456","75D165310P1830W","BRACKET","","FLOR","8","0","0","H87","0"
"100333457","75D165310P20","BRACKET","","FLOR","2","0","0","H87","0"
"100333458","75D165310P8","PAD","","FLOR","5","0","0","H87","0"
"100333459","75D165310P9","N TAP","","FLOR","2","0","0","H87","0"
"100333460","75V100061P101","PIANO HINGE","","FLOR","319","0","0","H87","0"
"100333461","A103COV15W30DO","COVER TOP 75C14111615W27H","","FLOR","2","0","0","H87","0"
"100333462","A103COV15W35DO","COVER TOP 75C14111615W32H","","FLOR","1","0","0","H87","0"
"100333463","A103COV20W45DO","COVER TOP 75C14111620W42H","","FLOR","3","0","0","H87","0"
"100333464","A103COV25W25DO","COVER TOP 75C14111625W22H","","FLOR","4","0","0","H87","0"
"100333465","A103COV25W35DO","COVER TOP 75C14111625W32H","","FLOR","2","0","0","H87","0"
"100333466","A103COV25W40DO","COVER TOP 75C14111625W37H","","FLOR","1","0","0","H87","0"
"100333467","A103COV25W55DO","COVER TOP 75C14111625W52H","","FLOR","4","0","0","H87","0"
"100333468","A103COV30W25DO","COVER TOP 75C14111630W22H","","FLOR","18","0","0","H87","0"
"100333469","A103COV30W30DO","COVER TOP 75C14111630W27H","","FLOR","29","0","0","H87","0"
"100333470","A103COV30W45DO","COVER TOP 75C14111630W42H","","FLOR","10","0","0","H87","0"
"100333471","A103COV35W25DO","COVER TOP 75C14111635W22H","","FLOR","4","0","0","H87","0"
"100333472","A103COV35W35DO","COVER TOP 75C14111735W32H","","FLOR","16","0","0","H87","0"
"100333473","A103COV35W40DO","COVER TOP 75C14111735W37H","","FLOR","16","0","0","H87","0"
"100333474","A103COV35W50DO","COVER TOP 75C14111735W47H","","FLOR","27","0","0","H87","0"
"100333475","A103COV40W25DO","COVER TOP 75C14111640W22H","","FLOR","27","0","0","H87","0"
"100333476","A103Cov40w30DO","COVER TOP 75C14111640W27H","","FLOR","9","0","0","H87","0"
"100333477","A103COV40W35DO","COVER TOP 75C14111740W32H","","FLOR","18","0","0","H87","0"
"100333478","A103COV40W50DO","COVER TOP 75C14111040W47H","","FLOR","16","0","0","H87","0"
"100333479","A103COV45W30DO","COVER TOP OPTIONAL","","FLOR","12","0","0","H87","0"
"100333480","A103COV45W45DO","COVER TOP 75C14112045W42H","","FLOR","5","0","0","H87","0"
"100333481","A103COV50W25DO","COVER TOP 75C14111650W22H","","FLOR","1","0","0","H87","0"
"100333482","A103COV50W35DO","COVER TOP 75C14111050W32H","","FLOR","2","0","0","H87","0"
"100333483","A103COV55W30DO","COVER TOP 75C14111655W27H","","FLOR","2","0","0","H87","0"
"100333484","A103COV55W40DO","COVER TOP 75C14111055W37H","","FLOR","2","0","0","H87","0"
"100333485","A103COV55W45DO","COVER TOP 75C14112055W42H","","FLOR","8","0","0","H87","0"
"100333486","A103COV60W30DO","COVER TOP 75C14111660W27H","","FLOR","1","0","0","H87","0"
"100333487","A103COV60W40DO","COVER TOP 75C14111060W37H","","FLOR","2","0","0","H87","0"
"100333488","A103COV60W55DO","COVER TOP 75C14112060W52H","","FLOR","1","0","0","H87","0"
"100333489","A11030W08HN","HINGED COVER","","FLOR","14","0","0","H87","0"
"100333490","A11030W12HN","HINGED COVER","","FLOR","1","0","0","H87","0"
"100333491","A11030W14HN","SM HINGED COVER BLANK","","FLOR","2","0","0","H87","0"
"100333492","A11040W52H","TOP COVER 75C14111040W52H","","FLOR","2","0","0","H87","0"
"100333493","A11620W16H","S COVER 16GUAGE","","FLOR","2","0","0","H87","0"
"100333494","A11625W12HN","HNGD COVER -.061 X 25W-12H","","FLOR","1","0","0","H87","0"
"100333495","A11625W20HN","ADAPTER","","FLOR","1","0","0","H87","0"
"100333496","A11625W52H","TOP COVER 75C14111625W52H","","FLOR","1","0","0","H87","0"
"100333497","A11630W08HN","HINGED COVER","","FLOR","1","0","0","H87","0"
"100333498","A11630W12HN","HINGED COVER","","FLOR","2","0","0","H87","0"
"100333499","A11630W20HN","HINGED COVER","","FLOR","2","0","0","H87","0"
"100333500","A11630W24HN","HINGED COVER","","FLOR","1","0","0","H87","0"
"100333501","A11630W28H481","VENTED COVER","","FLOR","1","0","0","H87","0"
"100333502","A11630W36HN","HNGD COVER -.061 X 30W-36H","","FLOR","15","0","0","H87","0"
"100333503","A11630W52H","TOP COVER 75C14111630W52H","","FLOR","2","0","0","H87","0"
"100333504","A11635W08HN","HNGD COVER -.061 X 35W-08H","","FLOR","3","0","0","H87","0"
"100333505","A11635W12HN","HNGD COVER -.061 X 35W-12H","","FLOR","37","0","0","H87","0"
"100333506","A11635W16H","TOP COVER 75C14111635W16H","","FLOR","1","0","0","H87","0"
"100333507","A11635W20H","TOP COVER 75C14111635W20H","","FLOR","4","0","0","H87","0"
"100333508","A11635W20HWH","COVER 35W 20H BLANK WITH HDLS","","FLOR","23","0","0","H87","0"
"100333509","A11635W24H482","COVER","","FLOR","6","0","0","H87","0"
"100333510","A11635W24HN","HINGED COVER","","FLOR","22","0","0","H87","0"
"100333511","A11635W24HWH","COVER 35W 24H BLANK WITH HDLS","","FLOR","24","0","0","H87","0"
"100333512","A11635W28HN","HINGED COVER","","FLOR","220","0","0","H87","0"
"100333513","A11635W4H451","VENTED COV 35W 4H","","FLOR","4","0","0","H87","0"
"100333514","A11640W08HN","8 HINGED DOOR","","FLOR","1","0","0","H87","0"
"100333515","A11640W12HN","68J110390AB4012XXB","","FLOR","14","0","0","H87","0"
"100333516","A11640W20HN","HINGED COVER","","FLOR","46","0","0","H87","0"
"100333517","A11640W20HWH","COVER 40W 20H BLANK WITH HDLS","","FLOR","12","0","0","H87","0"
"100333518","A11640W24HN","HINGED COVER","","FLOR","37","0","0","H87","0"
"100333519","A11640W24HWH","COVER 40W 24H BLANK WITH HDLS","","FLOR","4","0","0","H87","0"
"100333520","A11645W24H484","COVER VENTED","","FLOR","2","0","0","H87","0"
"100333521","A11715W28HN","COVER","","FLOR","22","0","0","H87","0"
"100333522","A11725W28HN","COVER 15GAUGE","","FLOR","1","0","0","H87","0"
"100333523","A11735W48HN","HNGD COVER -.061 X 35W-48H","","FLOR","1","0","0","H87","0"
"100333524","A11735W52H","TOP COVER 75C14111735W52H","","FLOR","7","0","0","H87","0"
"100333525","A11740W28HWH","COVER 40W 28H BLANK WITH HDLS","","FLOR","24","0","0","H87","0"
"100333526","A11750W28H485","VENTED COVER","","FLOR","3","0","0","H87","0"
"100333527","A11755W28H486","COVER VENTED","","FLOR","1","0","0","H87","0"
"100333528","A11830W28HNS16","SGL HINGE DOOR 30W","","FLOR","2","0","0","H87","0"
"100333529","A11835W28HN11","COVER","","FLOR","4","0","0","H87","0"
"100333530","A11835W28HNS16","COVER HINGED C/T COMP HASP OPT","","FLOR","2","0","0","H87","0"
"100333531","A11845W36H484","S VENTILATED COVER","","FLOR","5","0","0","H87","0"
"100333532","A12030W36H481","VENTED COVER","","FLOR","22","0","0","H87","0"
"100333533","A12035W12HN","HINGE COV NO/HDL35W12H","","FLOR","14","0","0","H87","0"
"100333534","A12035W14HN","COVER 35WX14H HINGE PUNCHING","","FLOR","15","0","0","H87","0"
"100333535","A12035W36HN","HINGE COV NO/HDL35W36H","","FLOR","3","0","0","H87","0"
"100333536","A12040W20HN","HINGE COVER","","FLOR","3","0","0","H87","0"
"100333537","A12040W28HN","COVER","","FLOR","4","0","0","H87","0"
"100333538","A12045W52H","TOP COVER 75C14112045W52H","","FLOR","3","0","0","H87","0"
"100333539","A12115W84HN17V","COV 15W 84H 3 PT LOCK VENTED","","FLOR","1","0","0","H87","0"
"100333540","A12120W84H","COVER 20W 84H NEMA 3R","","FLOR","2","0","0","H87","0"
"100333541","A12120WI84H","TRANSITION COVER 20W 84H","","FLOR","3","0","0","H87","0"
"100333542","A12125WI84H","TRANSITION COVER 25W 84H","","FLOR","5","0","0","H87","0"
"100333543","A12135WI84H","TRANSITION COVER 35W 84H","","FLOR","4","0","0","H87","0"
"100333544","A12325W05H","TOP COVER AUX 75C14112325W05H","","FLOR","1","0","0","H87","0"
"100333545","A12335W06H","TOP COVER AUX 75C14112335W06H","","FLOR","6","0","0","H87","0"
"100333546","A12340W05H","TOP COVER AUX 75C14112340W05H","","FLOR","5","0","0","H87","0"
"100333547","A12345W05H","TOP COVER AUX 75C14112345W05H","","FLOR","3","0","0","H87","0"
"100333548","A12350W05H","TOP COVER AUX 75C14112350W05H","","FLOR","5","0","0","H87","0"
"100333549","A12360W05H","TOP COVER AUX 75C14112360W05H","","FLOR","1","0","0","H87","0"
"100333550","A23745W28HN","COVER LH DBL DOOR 45W 28H AL","","FLOR","1","0","0","H87","0"
"100333551","A23750W24HN","COVER LH DBL DOOR 50W 24H AL","","FLOR","2","0","0","H87","0"
"100333552","A23850W24HN","COVER RH DBL DOORR 50W 24H AL","","FLOR","2","0","0","H87","0"
"100333553","A24045W40HN","COVER","","FLOR","3","0","0","H87","0"
"100333554","A24140W40HN","LH DOOR COVER CT 40W 40H HNGD","","FLOR","1","0","0","H87","0"
"100333555","A24145W28HN","LH DOOR COVER CT 45W 28H HNGD","","FLOR","1","0","0","H87","0"
"100333556","A26235W28HN","COVER","","FLOR","1","0","0","H87","0"
"100333557","A26235W40HN","COVER","","FLOR","2","0","0","H87","0"
"100333558","A26240W28HN","COVER","","FLOR","7","0","0","H87","0"
"100333559","A26245W40HN","COVER","","FLOR","1","0","0","H87","0"
"100333560","A26735W08HN","COVER","","FLOR","2","0","0","H87","0"
"100333561","A26735W28HN","COVER","","FLOR","3","0","0","H87","0"
"100333562","A26735W40HN","COVER","","FLOR","2","0","0","H87","0"
"100333563","A26740W28HN","COVER","","FLOR","9","0","0","H87","0"
"100333564","A26740W84HN","DOOR","","FLOR","2","0","0","H87","0"
"100333565","A26740W84HNV","COV 40W 84H 3 PT LOCK VENTED","","FLOR","3","0","0","H87","0"
"100333566","A26745W40HN","COVER","","FLOR","6","0","0","H87","0"
"100333567","A26745W52HN","COVER","","FLOR","1","0","0","H87","0"
"100333568","A28930W28H16","COVER 30W X 28H","","FLOR","16","0","0","H87","0"
"100333569","A28940W28H14","COVER 40W X 28H","","FLOR","3","0","0","H87","0"
"100333570","A28950W21H12","COVER","","FLOR","8","0","0","H87","0"
"100333571","A28955W21H12","COVER 55W X 21H","","FLOR","13","0","0","H87","0"
"100333572","A32735W08HN","COVER","","FLOR","1","0","0","H87","0"
"100333573","A32735W28HN","COVER","","FLOR","4","0","0","H87","0"
"100333574","A32740W36HN","COVER","","FLOR","1","0","0","H87","0"
"100333575","A32840W40HN","COVER","","FLOR","1","0","0","H87","0"
"100333576","A32845W28HN","COVER","","FLOR","2","0","0","H87","0"
"100333577","APF8938NDS","FRT 250A 27W 89H 38X","","FLOR","1","0","0","H87","0"
"100333599","B11B4C4P10RC","0.25 X 6 X 144 FRE SILVER","","FLOR","2026.04","0","0","DB","0"
"100315751","B12H60CP46A","0.42 X 6.27 X 144 SE TIN","","FLOR","3171.42","0","0","DB","0"
"100333634","B217P10330W","POST CENTER BUS ENTRANCE","","FLOR","4","0","0","H87","0"
"100333635","B217P10335W","POST CENTER BUS ENTRANCE","","FLOR","2","0","0","H87","0"
"100333636","B217P10340W","POST CENTER BUS ENTRANCE","","FLOR","1","0","0","H87","0"
"100333637","B217P10345W","POST CENTER BUS ENTRANCE","","FLOR","1","0","0","H87","0"
"100333638","B217P111507D","DEPTH POST BEL/TER 45D","","FLOR","1","0","0","H87","0"
"100333639","B277P140TB20N","FH BARRIER","","FLOR","1","0","0","H87","0"
"100333640","B277P230BB5N","FH BARRIER","","FLOR","1","0","0","H87","0"
"100333641","B277P230GTB10N","BARRIER","","FLOR","1","0","0","H87","0"
"100333642","B277P230GTB15N","FULL HEIGHT BARRIER","","FLOR","1","0","0","H87","0"
"100333643","B277P230SBB10N","FULL HEIGHT BARRIER","","FLOR","1","0","0","H87","0"
"100333644","B277P230STB15N","FULL HI BARRIER","","FLOR","1","0","0","H87","0"
"100333645","B277P235","FULL HEIGHT BARRIER","","FLOR","1","0","0","H87","0"
"100333646","B277P235CB5N","GLASTIC FULL HEIGHT BARRIER","","FLOR","2","0","0","H87","0"
"100333647","B277P235G","FH BARRIER","","FLOR","1","0","0","H87","0"
"100333648","B277P235SCB10N","FH BARRIER","","FLOR","1","0","0","H87","0"
"100333649","B277P235STB15N","EUSERC STEEL BARRIER","","FLOR","2","0","0","H87","0"
"100333650","B277P240BB5N","FULL HEIGHT BARRIER","","FLOR","1","0","0","H87","0"
"100333651","B277P240STB10N","STEEL F.H. BARRIER","","FLOR","2","0","0","H87","0"
"100333652","B277P240STB15N","BARRIER-MAIN DEVICE SECTION","","FLOR","3","0","0","H87","0"
"100333653","B277P240TB15N","FH BARRIER","","FLOR","1","0","0","H87","0"
"100333654","B277P245GCB10N","FH BARRIER","","FLOR","1","0","0","H87","0"
"100333655","B277P245SCB15N","FH BARRIER","","FLOR","1","0","0","H87","0"
"100333656","B277P245STB30N","FH BARRIER","","FLOR","1","0","0","H87","0"
"100333657","B277P435CB15N","68J110390FK30XX05N","","FLOR","2","0","0","H87","0"
"100333658","B277P445","FH BARRIER","","FLOR","1","0","0","H87","0"
"100333659","B277P63010","FULL HI BARRIER","","FLOR","2","0","0","H87","0"
"100333660","B277P6455","B277P6455","","FLOR","1","0","0","H87","0"
"100333661","B277P73010","FULL HI BARRIER","","FLOR","2","0","0","H87","0"
"100333662","B277P73015","FH BARRIER","","FLOR","1","0","0","H87","0"
"100333663","B277P840STB15N","BARRIER","","FLOR","1","0","0","H87","0"
"100333664","B277P840TB20N","BARRIER","","FLOR","2","0","0","H87","0"
"100333665","B277P850TB20N","BARRIER","","FLOR","1","0","0","H87","0"
"100333666","B277P902","FH BARRIER","","FLOR","1","0","0","H87","0"
"100333667","B333P11515A","CU BUS 15W 15A/30A","","FLOR","4","0","0","H87","0"
"100333668","B333P12512A607","25X5 PHASE BUS","","FLOR","3","0","0","H87","0"
"100333669","B333P13025A","MAIN/NEUT BUS UP 50A","","FLOR","6","0","0","H87","0"
"100333670","B333P13508A607","MAIN BUS CU 35W 08A/16A","","FLOR","1","0","0","H87","0"
"100333671","B333P13510A","CU BUS 35W 10A/20A","","FLOR","2","0","0","H87","0"
"100333672","B333P13510A607","MAIN BUS CU 35W 10A/20A","","FLOR","7","0","0","H87","0"
"100333673","B333P13512A607","35X5 PHASE BUS","","FLOR","8","0","0","H87","0"
"100333674","B333P13515A","CU BUS 35W 15A/30A","","FLOR","6","0","0","H87","0"
"100333675","B333P13515A620","CU BUS 30A 200KA","","FLOR","10","0","0","H87","0"
"100333676","B333P13520A620","MAIN BUS CU 35W 40A 200K","","FLOR","6","0","0","H87","0"
"100333677","B333P14015A607","MAIN BUS - 40W","","FLOR","38","0","0","H87","0"
"100333678","B333P14508A","CU BUS 45W 08A/16A","","FLOR","2","0","0","H87","0"
"100333679","B333P14510A607","MAIN BUS CU 45W 10A/20A","","FLOR","6","0","0","H87","0"
"100333680","B333P14515A607","MAIN BUS CU 45W 30A","","FLOR","3","0","0","H87","0"
"100333681","B333P16015A607","MAIN BUS 60W 30A","","FLOR","1","0","0","H87","0"
"100333682","B334P115A10A","AL BUS 15W 10A/20A","","FLOR","8","0","0","H87","0"
"100333683","B334P120A10A","AL BUS 20W 10A/20A","","FLOR","4","0","0","H87","0"
"100333684","B334P120A12A","AL BUS 20W 12A/25A","","FLOR","1","0","0","H87","0"
"100333685","B334P125A12A607","MAIN BUS AL 25W 12A/25A","","FLOR","6","0","0","H87","0"
"100333686","B334P125A15A","AL BUS 25W 15A/30A","","FLOR","6","0","0","H87","0"
"100333687","B334P125A20A607","MAIN BUS AL 25W 40A","","FLOR","12","0","0","H87","0"
"100333689","B334P130A08A607","MAIN BUS AL 30W 08A/16A","","FLOR","1","0","0","H87","0"
"100333690","B334P130A10A","AL BUS 30W 10A/20A","","FLOR","16","0","0","H87","0"
"100333691","B334P130A10A607","MAIN BUS 30W 10A/20A","","FLOR","70","0","0","H87","0"
"100333692","B334P130A12A607","MAIN BUS AL 30W 12A/25A","","FLOR","1","0","0","H87","0"
"100333693","B334P130A15A","AL BUS 30W 15A/30A","","FLOR","4","0","0","H87","0"
"100333694","B334P135A08A","AL BUS 35W 08A/16A","","FLOR","2","0","0","H87","0"
"100333695","B334P135A08A607","MAIN BUS AL 35W 08A/16A","","FLOR","36","0","0","H87","0"
"100333697","B334P135A10A607","MAIN BUS","","FLOR","30","0","0","H87","0"
"100333698","B334P135A12A","AL BUS 35W 12A/25A","","FLOR","10","0","0","H87","0"
"100333699","B334P135A12A607","MAIN BUS AL 35W 12A/25A","","FLOR","58","0","0","H87","0"
"100333700","B334P135A15A607","MAIN BUS AL 35W 30A","","FLOR","2","0","0","H87","0"
"100333701","B334P135A20A607","MAIN BUS AL 35W 40A","","FLOR","8","0","0","H87","0"
"100333702","B334P140A08A607","BUS","","FLOR","18","0","0","H87","0"
"100333703","B334P140A10A","AL BUS 40W 10A/20A","","FLOR","1","0","0","H87","0"
"100333704","B334P140A12A607","MAIN BUS AL 40W 12A/25A","","FLOR","2","0","0","H87","0"
"100333705","B334P140A20A607","MAIN BUS AL 40W 40A","","FLOR","23","0","0","H87","0"
"100333706","B334P145A08A607","MAIN BUS AL 45W 08A/16A","","FLOR","6","0","0","H87","0"
"100333707","B334P145A10A971","MAIN BUS AL 45W 10A/20A","","FLOR","24","0","0","H87","0"
"100333708","B334P145A12A607","MAIN BUS AL 45W 12A/25A","","FLOR","2","0","0","H87","0"
"100333709","B334P145A15A607","MAIN BUS AL 45W 30A","","FLOR","12","0","0","H87","0"
"100333710","B334P150A08A607","MAIN BUS AL 50W 08A/16A","","FLOR","3","0","0","H87","0"
"100333711","B334P150A15A607","MAIN BUS AL 50W 30A","","FLOR","10","0","0","H87","0"
"100333712","B336P23540A","BUS BAR 35W 40A CU","","FLOR","7","0","0","H87","0"
"100333713","B336P24040A","BUS BAR 40W 40A CU","","FLOR","1","0","0","H87","0"
"100333714","B336P25040A","BUS BAR 50W 40A CU","","FLOR","2","0","0","H87","0"
"100333715","B336P26140A","BUS BAR SPLICE","","FLOR","35","0","0","H87","0"
"100333716","B336P41540A","BUS BAR 15W 40A CU","","FLOR","2","0","0","H87","0"
"100333717","B336P43040A","BUS BAR 30W 40A CU","","FLOR","14","0","0","H87","0"
"100333718","B336P43540A","GND BUS","","FLOR","5","0","0","H87","0"
"100333719","B336P44030A","GND BUS 40W 30A CU","","FLOR","8","0","0","H87","0"
"100333720","B336P44030AX","GROUND BUS 40W 30A CU","","FLOR","2","0","0","H87","0"
"100333721","B336P44540A","BUS BAR","","FLOR","2","0","0","H87","0"
"100333722","B336P45040A","GND BUS","","FLOR","29","0","0","H87","0"
"100333723","B336P63030A","30W 30A EU GND BUS CU.","","FLOR","1","0","0","H87","0"
"100333724","B336P63040A","30W 40A EU GND BUS CU.","","FLOR","1","0","0","H87","0"
"100333725","B336P63540A","35W 40A EU GND BUS CU.","","FLOR","4","0","0","H87","0"
"100333726","B336P64030A","BUS","","FLOR","2","0","0","H87","0"
"100333727","B336P64040A","40W 40A EU GND BUS CU.","","FLOR","8","0","0","H87","0"
"100333728","B336P65030AKT","50W 30A EU GND BUS CU.","","FLOR","13","0","0","H87","0"
"100333729","B336P65030ASM","50W 30A EU GND BUS CU.","","FLOR","1","0","0","H87","0"
"100333730","B336P65040A","50W 40A EU GND BUS CU.","","FLOR","2","0","0","H87","0"
"100333731","B337P215A30A","BUS BAR 15W 25A-30A AL","","FLOR","1","0","0","H87","0"
"100333732","B337P220A30A","BUS BAR 20W 25A-30A AL","","FLOR","1","0","0","H87","0"
"100333733","B337P245A30A","BUS BAR 45W 25A-30A AL","","FLOR","2","0","0","H87","0"
"100333734","B337P261A20A","BUS BAR 08A-20A AL","","FLOR","57","0","0","H87","0"
"100333735","B337P261A40A","GND SPLICE","","FLOR","70","0","0","H87","0"
"100333736","B337P415A30A","BUS BAR 15W 25A-30A AL","","FLOR","2","0","0","H87","0"
"100333737","B337P420A20A","GND BUS 20W 20A AL","","FLOR","4","0","0","H87","0"
"100333738","B337P420A30A","BUS BAR 20W 25A-30A AL","","FLOR","4","0","0","H87","0"
"100333739","B337P420A40A","BUS BAR 20W 40A AL","","FLOR","1","0","0","H87","0"
"100333740","B337P430A30A","BUS BAR 30W 25A-30A AL","","FLOR","23","0","0","H87","0"
"100333741","B337P430A40A","BUSBARS","","FLOR","1","0","0","H87","0"
"100333742","B337P435A20A","GND BUS","","FLOR","49","0","0","H87","0"
"100333743","B337P435A30A","BUS BAR 35W 25A-30A AL","","FLOR","43","0","0","H87","0"
"100333744","B337P440A40A","BUS BAR 40W 40A AL","","FLOR","4","0","0","H87","0"
"100333745","B337P460A30A","GROUND BUS","","FLOR","8","0","0","H87","0"
"100333746","B337P630A30A","30W 30A EU GND BUS AL.","","FLOR","2","0","0","H87","0"
"100333747","B337P635A30A","35W 30A EU GND BUS AL.","","FLOR","17","0","0","H87","0"
"100333748","B337P640A30A","40W 30A EU GND BUS AL.","","FLOR","24","0","0","H87","0"
"100333749","B337P650A30A","50W 30A EU GND BUS AL.","","FLOR","1","0","0","H87","0"
"100333750","B338P14015A900","MAIN BUS CU 40W 30A","","FLOR","3","0","0","H87","0"
"100333751","B338P14020A900","MAIN BUS CU 40W 40A","","FLOR","1","0","0","H87","0"
"100333752","B339P145A20A900","MAIN BUS AL 45W 40A","","FLOR","6","0","0","H87","0"
"100333753","B562P101700","TIER SUPPORT","","FLOR","76","0","0","H87","0"
"100333754","B562P102600","BUS SUPPORT","","FLOR","1","0","0","H87","0"
"100333755","B562P102700","BUS SUPPORT","","FLOR","56","0","0","H87","0"
"100333756","B562P103600","BUS SUPPORT","","FLOR","1","0","0","H87","0"
"100333757","B562P103700","BUS SUPPORT","","FLOR","1","0","0","H87","0"
"100333758","B563P44540A110T","CU MILLED 45W 40A","","FLOR","4","0","0","H87","0"
"100333759","B56535W23H401","COVER 35W","","FLOR","1","0","0","H87","0"
"100333760","B79935W13H","COVER 35W MAN OP","","FLOR","1","0","0","H87","0"
"100333761","B962P26135W","HOOD-BOLT ON NEMA3","","FLOR","6","0","0","H87","0"
"100333762","B962P26145W","HOOD BOLT ON NEMA3","","FLOR","1","0","0","H87","0"
"100333763","B962P26245W","HOOD NEMA 3 BOLT ON","","FLOR","1","0","0","H87","0"
"100333764","B962P26250W","HOOD-BOLT ON NEMA 3 SWBD","","FLOR","1","0","0","H87","0"
"100333765","B962P45030W","SM HOOD SLOPED N3 N/O 35D 30W","","FLOR","4","0","0","H87","0"
"100333766","B962P45050W","SM HOOD SLOPED N3 N/O 35D 50W","","FLOR","1","0","0","H87","0"
"100333767","b962p45535w","SM HOOD SLOPED N3 N/O 60D 35W","","FLOR","20","0","0","H87","0"
"100333768","B962P45650W","ROOF ASM","","FLOR","1","0","0","H87","0"
"100333769","B962P45720W","SM HOOD SLOPED N3 N/O 70D 20W","","FLOR","13","0","0","H87","0"
"100333770","B962P45735W","SM HOOD SLOPED N3 N/O 70D 35W","","FLOR","138","0","0","H87","0"
"100333771","B962P45750W","SM HOOD SLOPED N3 N/O 70D 50W","","FLOR","10","0","0","H87","0"
"100333772","B962P45915W","SM HOOD SLOPED N3 N","","FLOR","5","0","0","H87","0"
"100333773","B963P12320W","DOOR","","FLOR","3","0","0","H87","0"
"100333774","B963P12330W","DOOR","","FLOR","2","0","0","H87","0"
"100333775","B963P12335W","DOOR, SINGLE NEMA 3 SWBD","","FLOR","9","0","0","H87","0"
"100333776","B963P12550W","DOOR","","FLOR","1","0","0","H87","0"
"100333777","B963P12570W","DOOR R.H. DBL WIDE","","FLOR","8","0","0","H87","0"
"100333778","B963P12590W","DOOR L.H. DBL WIDE","","FLOR","1","0","0","H87","0"
"100333779","B963P127100W","DOOR R.H. DBL WIDE","","FLOR","1","0","0","H87","0"
"100333780","B963P12750W","DOOR","","FLOR","1","0","0","H87","0"
"100333781","B963P12760W","DOOR","","FLOR","1","0","0","H87","0"
"100333782","B963P12770W","DOOR R.H. DBL WIDE","","FLOR","9","0","0","H87","0"
"100333783","B963P12790W","DOOR R.H. DBL WIDE","","FLOR","1","0","0","H87","0"
"100333784","B966P10130W","DOOR SINGLE REAR NEMA 3 SWBD","","FLOR","5","0","0","H87","0"
"100333785","B997P504A40D","NEUT OUT STRAP AL 16A 40D S18","","FLOR","1","0","0","H87","0"
"100333786","B997P507A40D","NEUT INN STRAP AL 16A 40D S18","","FLOR","1","0","0","H87","0"
"100333787","B998P20440D","NEUT OUT STRAP CU 20A 40D S18","","FLOR","1","0","0","H87","0"
"100333788","B998P21050D","NEUT OUT STRAP CU 40A 50D S18","","FLOR","1","0","0","H87","0"
"100333789","B998P21140D","NEUT INN STRAP CU 30A 40D S18","","FLOR","1","0","0","H87","0"
"100333790","CA02-BU-1017SM","BUS BAR CONNECTOR 40W","","FLOR","4","0","0","H87","0"
"100333791","CA02-BU-1018SM","CA02 CABLE IN CABLE OUT CONNECTOR","","FLOR","4","0","0","H87","0"
"100333792","CA02-BU-1019SM","SA VERT RISER DISC AL 40A","","FLOR","4","0","0","H87","0"
"100333793","CA02-BU-1020SM","SA RSB NEUTRAL DISCONNECT 40A","","FLOR","4","0","0","H87","0"
"100333794","CA02-BU-1041-P01SM","AUX NEUT BUS E42 25A BL-TR OUT","","FLOR","1","0","0","H87","0"
"100333795","CA02-BU-1041-P02SM","AUX NEUT BUS E42 25A BL-TR IN","","FLOR","1","0","0","H87","0"
"100333796","CA02-BU-1069SM","C/T STRAP UPPER AL 12-40 A","","FLOR","9","0","0","H87","0"
"100333797","CA02-BU-1070-P01SM","SC C/T STRAP UPPER AL 12-40A","","FLOR","9","0","0","H87","0"
"100333798","CA02-BU-1070-P02SM","SC C/T STRAP UPPER AL 12-40A","","FLOR","9","0","0","H87","0"
"100333799","CA02-BU-1071SM","SC C/T STRAP UPPER AL 12-40A","","FLOR","6","0","0","H87","0"
"100333800","CA02-BU-1072-P01SM","EU ADAPTER 25A AL PH B&C","","FLOR","12","0","0","H87","0"
"100333801","CA02-BU-1072-P02SM","EU ADAPTER 25A AL PH B&C","","FLOR","6","0","0","H87","0"
"100333802","CA02-BU-1073-P02SM","TIER STRAP OFFSET AL","","FLOR","4","0","0","H87","0"
"100333803","CA02-BU-1073-P03SM","TIER STRAP OFFSET AL","","FLOR","4","0","0","H87","0"
"100333804","CA02-BU-1074SM","RISER AL","","FLOR","12","0","0","H87","0"
"100333805","CA02-BU-1075-P02SM","RSB EVO NEUT BUS 20A AL 35W","","FLOR","13","0","0","H87","0"
"100333806","CA02-BU-1077-P04SM","RSB EVO NEUT BUS 40A AL 30W SM","","FLOR","8","0","0","H87","0"
"100333807","CA02-BU-1077-P07SM","RSB EVO NEUT BUS 40A AL 45W SM","","FLOR","20","0","0","H87","0"
"100333808","CA02-BU-1077-P08SM","RSB EVO NEUT BUS 40A AL 50W SM","","FLOR","2","0","0","H87","0"
"100333809","CA02-BU-1078-P04SM","RSB EVO NEUT BUS 30A AL 30W SM","","FLOR","12","0","0","H87","0"
"100333810","CA02-BU-1078-P05SM","RSB EVO NEUT BUS 30A AL 35W SM","","FLOR","35","0","0","H87","0"
"100333811","CA02-BU-1078-P06SM","RSB EVO NEUT BUS 30A AL 40W SM","","FLOR","4","0","0","H87","0"
"100333812","CA02-BU-1078-P07SM","RSB EVO NEUT BUS 30A AL 45W SM","","FLOR","25","0","0","H87","0"
"100333813","CA02-BU-1078-P08SM","RSB EVO NEUT BUS 30A AL 50W SM","","FLOR","6","0","0","H87","0"
"100333814","CA02-BU-1080-P01SM","AUX NEUT BUS E42 30A BL-TR IN","","FLOR","1","0","0","H87","0"
"100333815","CA02-BU-1080-P02SM","AUX NEUT BUS E42 30A BL-TR MID","","FLOR","1","0","0","H87","0"
"100333816","CA02-BU-1080-P03SM","AUX NEUT BUS E42 30A BL-TR OUT","","FLOR","1","0","0","H87","0"
"100333817","CA02-BU-1081-P04SM","RSB EVO NEUT BUS 12/25A AL 30W","","FLOR","5","0","0","H87","0"
"100333818","CA02-BU-1083SM","RSB EVO NEUT BUS 30A AL 45W SM","","FLOR","2","0","0","H87","0"
"100333819","CA02-BU-1085SM","E22 20A AL TIERS LEFT T20_SM","","FLOR","3","0","0","H87","0"
"100333820","CA02-BU-1086SM","E22 20A AL TIERS RIGHT 2 T20_SM","","FLOR","3","0","0","H87","0"
"100333821","CA02-BU-1087-P04SM","RSB EVO NEUT BUS 10A AL 30W","","FLOR","25","0","0","H87","0"
"100333822","CA02-BU-1087-P07SM","RSB EVO NEUT BUS 10A AL 45W","","FLOR","18","0","0","H87","0"
"100333823","CA02-BU-1087-P14SM","RSB EVO NEUT BUS 20A AL 30W","","FLOR","17","0","0","H87","0"
"100333824","CA02-BU-1087-P17SM","RSB EVO NEUT BUS 20A AL 45W","","FLOR","13","0","0","H87","0"
"100333825","CA02-BU-1088-P05SM","RSB EVO NEUT BUS 16A AL 35W","","FLOR","5","0","0","H87","0"
"100333826","CA02-BU-1088-P06SM","RSB EVO NEUT BUS 16A AL 40W","","FLOR","3","0","0","H87","0"
"100333827","CA02-BU-1088-P16SM","RSB EVO NEUT BUS 08A AL 40W_SM","","FLOR","4","0","0","H87","0"
"100333828","CA02-BU-1095-P01SM","SPLICE AL 16A 5 OFF 1","","FLOR","3","0","0","H87","0"
"100333829","CA02-BU-1095-P02SM","SPLICE AL 16A 5 OFF 2","","FLOR","3","0","0","H87","0"
"100333830","CA02-BU-1095-P03SM","SPLICE AL 16A 5 OFF 3","","FLOR","3","0","0","H87","0"
"100333831","CA02-BU-1095-P04SM","SPLICE AL 16A 5 OFF 4","","FLOR","3","0","0","H87","0"
"100333832","CA02-BU-1101SM","SA NEUT AUX BUS LINK 20A","","FLOR","21","0","0","H87","0"
"100333833","CA02-BU-1103SM","SA NEUT AUX BUS 20A TR/BL","","FLOR","4","0","0","H87","0"
"100333834","CA02-BU-1104SM","SA NEUT AUX BUS 20A TR/BL","","FLOR","41","0","0","H87","0"
"100333835","CA02-BU-1114SM","SA NEUT AUX BUS LINK 30A IN","","FLOR","16","0","0","H87","0"
"100333836","CA02-BU-1115SM","SA NEUT AUX BUS LINK 30A MID","","FLOR","15","0","0","H87","0"
"100333837","CA02-BU-1116SM","SA NEUT AUX BUS LINK 30A OUT","","FLOR","17","0","0","H87","0"
"100333838","CA02-BU-1117SM","SA NEUT AUX BUS 30A TR/BL IN","","FLOR","16","0","0","H87","0"
"100333839","CA02-BU-1118SM","SA NEUT AUX BUS 30A TR/BL MID","","FLOR","15","0","0","H87","0"
"100333840","CA02-BU-1119SM","SA NEUT AUX BUS 30A TR/BL OUT","","FLOR","14","0","0","H87","0"
"100333841","CA02-BU-1120-P01SM","XT5 A/C PHASE AL 1.2K TIER 25D","","FLOR","2","0","0","H87","0"
"100333842","CA02-BU-1120-P03SM","XT5 B PHASE AL 1.2K TIER 25D","","FLOR","2","0","0","H87","0"
"100333843","CA02-BU-1126SM","AL LUG STRAP E22 OUT PHASE A_SM","","FLOR","1","0","0","H87","0"
"100333844","CA02-BU-1127SM","AL LUG STRAP E22 IN PHASE A_SM","","FLOR","1","0","0","H87","0"
"100333845","CA02-BU-1128SM","AL LUG STRAP E22 OUT PHASE B_SM","","FLOR","1","0","0","H87","0"
"100333846","CA02-BU-1129SM","AL LUG STRAP E22 IN PHASE B_SM","","FLOR","1","0","0","H87","0"
"100333847","CA02-BU-1130SM","AL LUG STRAP E22 OUT PHASE C_SM","","FLOR","1","0","0","H87","0"
"100333848","CA02-BU-1131SM","AL LUG STRAP E22 IN PHASE C_SM","","FLOR","1","0","0","H87","0"
"100333849","CA02-BU-1132SM","AUXILIARY NEUT BUS AL 20A TR/BL_SM","","FLOR","1","0","0","H87","0"
"100333850","CA02-BU-1133SM","AUXILIARY NEUT BUS AL 20A TR/BL_SM","","FLOR","1","0","0","H87","0"
"100333851","CA02-BU-1135SM","AUXILILARY NEUT BUS AL 12A GMM_SM","","FLOR","1","0","0","H87","0"
"100333852","CA02-BU-1139SM","CA02 RSB E1.2 F TIERS 3P AL 1.2K 40D","","FLOR","1","0","0","H87","0"
"100333853","CA02-BU-1140SM","CA02 RSB E1.2 F TIERS 3P AL 1.2K 40D","","FLOR","1","0","0","H87","0"
"100333854","CA02-BU-1141SM","CA02 RSB E1.2 F TIERS 3P AL 1.2K 40D","","FLOR","6","0","0","H87","0"
"100333855","CA02-BU-1142SM","CA02 RSB E1.2 F TIERS 3P AL 1.2K 40D","","FLOR","2","0","0","H87","0"
"100333856","CA02-BU-1144SM","CA02 RSB E1.2 F TIERS 3P AL 1.2K 40D","","FLOR","1","0","0","H87","0"
"100333857","CA02-BU-1146SM","CA02 RSB E1.2 F TIERS 3P AL 1.2K 30D","","FLOR","4","0","0","H87","0"
"100333858","CA02-BU-1147SM","CA02 RSB E1.2 F TIERS 3P AL 1.2K 30D","","FLOR","4","0","0","H87","0"
"100333859","CA02-BU-1148SM","CA02 RSB E1.2 F TIERS 3P AL 1.2K 30D","","FLOR","4","0","0","H87","0"
"100333860","CA02-BU-1149SM","CA02 RSB E1.2 F TIERS 3P AL 1.2K 30D","","FLOR","3","0","0","H87","0"
"100333861","CA02-BU-1150SM","CA02 RSB E1.2 F TIERS 3P AL 1.2K 30D","","FLOR","4","0","0","H87","0"
"100333862","CA02-BU-1151SM","CA02 RSB E1.2 F TIERS 3P AL 1.2K 30D","","FLOR","4","0","0","H87","0"
"100333863","CA02-BU-1152SM","CA02 RSB E1.2 F TIERS 3P AL 1.2K 25D","","FLOR","4","0","0","H87","0"
"100333864","CA02-BU-1153SM","CA02 RSB E1.2 F TIERS 3P AL 1.2K 25D","","FLOR","7","0","0","H87","0"
"100333865","CA02-BU-1154SM","CA02 RSB E1.2 F TIERS 3P AL 1.2K 25D","","FLOR","1","0","0","H87","0"
"100333866","CA02-BU-1155SM","CA02 RSB E1.2 F TIERS 3P AL 1.2K 25D","","FLOR","3","0","0","H87","0"
"100333867","CA02-BU-1156SM","CA02 RSB E1.2 F TIERS 3P AL 1.2K 25D","","FLOR","5","0","0","H87","0"
"100333868","CA02-BU-1157SM","CA02 RSB E1.2 F TIERS 3P AL 1.2K 25D","","FLOR","5","0","0","H87","0"
"100333869","CA02-BU-1162-P03SM","1.2 UTILITY TIER LINE 3 13D 1.2KA_SM","","FLOR","1","0","0","H87","0"
"100333870","CA02-BU-1162-P06SM","1.2 UTIL TIER LOAD 3 13D T20 1.2KA_SM","","FLOR","1","0","0","H87","0"
"100333871","CA02-BU-1163SM","PHASE RISER LINE A-C_SM","","FLOR","1","0","0","H87","0"
"100333872","CA02-BU-1165-P01SM","PHA RSR LD UTIL 1.2KA MID T20_SM","","FLOR","1","0","0","H87","0"
"100333873","CA02-BU-1167-P03SM","CA02 NEUT RSR TOP/BOT 12/25A_SM","","FLOR","3","0","0","H87","0"
"100333874","CA02-BU-1169-P02SM","PH RSR LD UTIL 25A MID T30 B 1_SM","","FLOR","2","0","0","H87","0"
"100333875","CA02-BU-1169-P03SM","PH RSR LD UTIL 25A MID T30 C-A 1_SM","","FLOR","2","0","0","H87","0"
"100333876","CA02-BU-1169-P05SM","PH RSR LD UTIL 25A MID T30 B 2_SM","","FLOR","2","0","0","H87","0"
"100333877","CA02-BU-1169-P06SM","PH RSR LD UTIL 25A MID T30 C-A 2_SM","","FLOR","2","0","0","H87","0"
"100333878","CA02-BU-1171-P01SM","PHASE A-C TIER 30A EMAX 4_2 A1_SM","","FLOR","1","0","0","H87","0"
"100333879","CA02-BU-1171-P02SM","PHASE A-C TIER 30A EMAX 4_2 A2_SM","","FLOR","1","0","0","H87","0"
"100333880","CA02-BU-1171-P03SM","PHASE A-C TIER 30A EMAX 4_2 A3_SM","","FLOR","1","0","0","H87","0"
"100333881","CA02-BU-1171-P04SM","PHASE A-C TIER 30A EMAX 4_2 A4_SM","","FLOR","1","0","0","H87","0"
"100333882","CA02-BU-1171-P05SM","PHASE A-C TIER 30A EMAX 4_2 C1_SM","","FLOR","1","0","0","H87","0"
"100333883","CA02-BU-1171-P06SM","PHASE A-C TIER 30A EMAX 4_2 C2_SM","","FLOR","1","0","0","H87","0"
"100333884","CA02-BU-1171-P07SM","PHASE A-C TIER 30A EMAX 4_2 C3_SM","","FLOR","1","0","0","H87","0"
"100333885","CA02-BU-1172SM","PHASE RSR 30A STRAIGH_SM","","FLOR","12","0","0","H87","0"
"100333886","CA02-BU-1173-P02SM","PHASE RSR 30A OFFSET RH_SM","","FLOR","6","0","0","H87","0"
"100333887","CA02-BU-1174-P01SM","25A UTILITY TIER A-C LINE 1_SM","","FLOR","1","0","0","H87","0"
"100333888","CA02-BU-1174-P07SM","25A UTILITY TIER A-C LOAD 1_SM","","FLOR","2","0","0","H87","0"
"100333889","CA02-BU-1174-P08SM","25A UTILITY TIER A-C LOAD 2_SM","","FLOR","2","0","0","H87","0"
"100333890","CA02-BU-1174-P10SM","25A UTILITY TIER A-C LOAD 4_SM","","FLOR","2","0","0","H87","0"
"100333891","CA02-BU-1174-P11SM","25A UTILITY TIER A-C LOAD 5_SM","","FLOR","2","0","0","H87","0"
"100333892","CA02-BU-1175-P01SM","25A UTILITY TIER B GEN LINE 1_SM","","FLOR","2","0","0","H87","0"
"100333893","CA02-BU-1175-P02SM","25A UTILITY TIER B GEN LINE 2_SM","","FLOR","1","0","0","H87","0"
"100333894","CA02-BU-1177SM","CA02 UTIL BUS JUMPER AL 4X250_SM","","FLOR","24","0","0","H87","0"
"100333895","CA02-BU-1179SM","E42 AL 30A 30 OUT TIER_SM","","FLOR","12","0","0","H87","0"
"100333896","CA02-BU-1180SM","E42 AL 30A 30 IN TIER_SM","","FLOR","12","0","0","H87","0"
"100333897","CA02-BU-1181-P01SM","CA02 OFF 10 SPLICE BUS 25A BACK 1_SM","","FLOR","12","0","0","H87","0"
"100333898","CA02-BU-1181-P03SM","CA02 OFF 10 SPLICE BUS 25A FRONT 1_SM","","FLOR","2","0","0","H87","0"
"100333899","CA02-BU-1236-P04SM","20A LOAD RSR TIER 1 18D_SM","","FLOR","2","0","0","H87","0"
"100333900","CA02-BU-1236-P05SM","20A LOAD RSR TIER 2 18D_SM","","FLOR","2","0","0","H87","0"
"100333901","CA02-BU-1255-P02KT","LUGSTRAP CU R1 E6.2 4K","","FLOR","1","0","0","H87","0"
"100333902","CA02-FR-1078-P66","SM DOOR L 40W 6H","","FLOR","3","0","0","H87","0"
"100333904","CDECR250075144","0.25 X 0.75 X 144 CR","","FLOR","896.67","0","0","DB","0"
"100333908","CDEGA07148110","0.071 X 48 X 110 GA (Cal. 15)","","FLOR","0","0","0","DB","0"
"100333918","CDEH1138K","0.25 X 3 X 144 SE TIN","","FLOR","1514.9","0","0","DB","0"
"100333929","CDEH1153KT","SQ .250X8.000X12 7.7 SILV","","FLOR","2055.77","0","0","DB","0"
"100333931","CDEH1161K","0.335 X 4 X 144 SE TIN","","FLOR","327.42","0","0","DB","0"
"100333936","CDEH1167AK","0.42 X 6 X 144 SE TIN","","FLOR","2.04","0","0","DB","0"
"100333938","CDEH1175AC","0.25 X 0.75 X 144 SE SILVER","","FLOR","2209.32","0","0","DB","0"
"100317041","CDEH1175AK","0.25 X 0.75 X 144 SE TIN","","FLOR","0.82","0","0","DB","0"
"100333940","CDEH1786-6","A19B13E .125 X 36 X 83 GPO-3 W","","FLOR","50","0","0","H87","0"
"100333943","CDEHR05348105","0.053 X 48 X 105 HR","","FLOR","3968","0","0","DB","0"
"100333944","CDEHR0534896","0.053 X 48 X 96 HR","","FLOR","301","0","0","DB","0"
"100333945","CDEHR0536096","0.053 X 60 X 96 HR","","FLOR","2974.16","0","0","DB","0"
"100333946","CDEHR0974860","0.097 X 48 X 60 HR","","FLOR","1952.47","0","0","DB","0"
"100333959","CSHR110X480X980","ASTM A1011","","FLOR","798.13","0","0","DB","0"
"100333961","EAL08ATRUTP003SM","PHA & C TIER BUS 11CL T1","","FLOR","8","0","0","H87","0"
"100333962","ECU10ATRUTP008KT","SC TIER PHA &C T2","","FLOR","1","0","0","H87","0"
"100333963","ECU12ATRUTP008KT","PH A & C TIER 11 CL T2","","FLOR","2","0","0","H87","0"
"100333964","ECU30ATRUTP005SM","PHB TIER 11 CL T2","","FLOR","4","0","0","H87","0"
"100333965","ECU30ATRUTP006SM","PHB TIER 11 CL T2","","FLOR","4","0","0","H87","0"
"100333966","ECU30ATRUTP007SM","PHAC TIER 11 CL T2","","FLOR","4","0","0","H87","0"
"100333967","ECU30ATRUTP008SM","PHAC TIER 11 CL T2","","FLOR","4","0","0","H87","0"
"100333968","ECU40ATRC3NYP001KT","BOT NEUT NYC 700PSI 40A T1","","FLOR","1","0","0","H87","0"
"100333969","ECU40ATRC3NYP073KT","LUG STRAP NYC 700 PSI 40A","","FLOR","1","0","0","H87","0"
"100333970","ESM45DFHTMP026","EU FHB TM30 N77 G67","","FLOR","1","0","0","H87","0"
"100333971","FBAUXC35WN3R","FOXBAT TEST AUX COVER 35W N3R","","FLOR","22","0","0","H87","0"
"100333972","FBAUXC40W27HN3R","FOXBAT TEST AUX COVER 40W N3R 27H","","FLOR","34","0","0","H87","0"
"100333973","FBMBSPC60AP1KT","FOXBAT MB SPLICES 60A_INST","","FLOR","65","0","0","H87","0"
"100333974","FBMBSPC60AP1SM","FOXBAT MB SPLICES 60A_INST","","FLOR","8","0","0","H87","0"
"100333975","FBMBSPC60AP3KT","FOXBAT MB SPLICES 60A_INST2","","FLOR","50","0","0","H87","0"
"100333976","FBMBSPC60AP5KT","FOXBAT MB SPLICES 60A_INST4","","FLOR","47","0","0","H87","0"
"100333977","FBMBSPC60AP6KT","FOXBAT MB SPLICES 60A_INST5","","FLOR","8","0","0","H87","0"
"100333978","FBRRC35WN3R","FOXBAT TEST REAR COVER 35W N3R","","FLOR","1","0","0","H87","0"
"100333979","FBRRC40WN3R","FOXBAT TEST REAR COVER 40W N3R","","FLOR","2","0","0","H87","0"
"100333980","FBSRET27HN3R","FOXBAT TEST SCREEN RETAINER N3R 27H","","FLOR","62","0","0","H87","0"
"100333981","FBSRET40WN3R","FOXBAT TEST SCREEN RET 40W N3R","","FLOR","33","0","0","H87","0"
"100333982","GA16RB12","MALLA ACERO PLANCHADA 16","","FLOR","30","0","0","H87","0"
"100323979","IN3208SC3B31S","IN","","FLOR","1","0","0","H87","0"
"100323973","IN3220SC3B31S","IN","","FLOR","1","0","0","H87","0"
"100323989","IN3240SC3B31S","IN","","FLOR","1","0","0","H87","0"
"100324066","IN4012SU3B31S","IN","","FLOR","1","0","0","H87","0"
"100323965","IN4016SL3B31S","IN","","FLOR","1","0","0","H87","0"
"100324028","IN4016SL3B32S","IN","","FLOR","1","0","0","H87","0"
"100323966","IN4020SL3B31S","IN","","FLOR","1","0","0","H87","0"
"100323974","IN4020SU3B31S","IN","","FLOR","1","0","0","H87","0"
"100324022","IN4020SU3B32S","IN","","FLOR","1","0","0","H87","0"
"100324036","IN4030SL3B31S","IN","","FLOR","1","0","0","H87","0"
"100323962","IN4030SL3B32S","IN","","FLOR","1","0","0","H87","0"
"100324037","IN4030SU3B31S","IN","","FLOR","1","0","0","H87","0"
"100323963","IN4030SU3B32S","IN","","FLOR","1","0","0","H87","0"
"100323987","IN4040SL3B31S","IN","","FLOR","1","0","0","H87","0"
"100323967","IN4040SL3B32S","IN","","FLOR","1","0","0","H87","0"
"100324063","IN4040SU3B31S","IN","","FLOR","1","0","0","H87","0"
"100323991","IN4840SU3B31S","IN","","FLOR","1","0","0","H87","0"
"100324026","IN5640SC3B31S","IN","","FLOR","1","0","0","H87","0"
"100323981","IN5640SC3B32S","IN","","FLOR","3","0","0","H87","0"
"100333983","K40430W12HD126","COVER","","FLOR","3","0","0","H87","0"
"100333984","K40440W08HD115","COVER 40W 08H D115","","FLOR","1","0","0","H87","0"
"100333985","K40440W08HD117","COVER 40W 08H D117","","FLOR","2","0","0","H87","0"
"100333986","LIS1098P1T","RBA CONNECTION TIN BUS","","FLOR","3","0","0","H87","0"
"100333987","LISMTY075P31","Full Door 35W","","FLOR","1","0","0","H87","0"
"100333988","LISMTY087P1","BARRIER FOR ARRESTOR PASS TRH","","FLOR","1","0","0","H87","0"
"100333989","LISMTY087P3","REAR VERTICAL BARRIER TOP PPL","","FLOR","7","0","0","H87","0"
"100333990","LISMTY1027P1","TOP COVERSTRIP PROLEC TRANSFOR","","FLOR","11","0","0","H87","0"
"100333991","LISMTY1031P3","COVER 35 IR HWK100CL","","FLOR","2","0","0","H87","0"
"100333992","LISMTY1031P5","COVER 40W IR HWK100CL","","FLOR","1","0","0","H87","0"
"100333993","LISMTY1212P1","COVER 55 BUSHING 50D TOP- R","","FLOR","4","0","0","H87","0"
"100333994","LISMTY1212P11","COVER 55 BUSHING 60D TOP- R","","FLOR","1","0","0","H87","0"
"100333995","LISMTY1212P12","COVER 61 BUSHING 60D TOP - R","","FLOR","1","0","0","H87","0"
"100333996","LISMTY1212P14","COVER 55 BUSHING 60D MID- R","","FLOR","1","0","0","H87","0"
"100333997","LISMTY1212P15","COVER 61 BUSHING 60D MID- R","","FLOR","1","0","0","H87","0"
"100333998","LISMTY1212P17","COV 55 BUSHING 60D TOP-R N3R","","FLOR","4","0","0","H87","0"
"100333999","LISMTY1212P18","COV 61 BUSHING 60D TOP-R N3R","","FLOR","2","0","0","H87","0"
"100334000","LISMTY1212P19","COV 55 BUSHING 60D MID-R N3R","","FLOR","4","0","0","H87","0"
"100334001","LISMTY1212P20","COV 61 BUSHING 60D MID-R N3R","","FLOR","2","0","0","H87","0"
"100334002","LISMTY1212P21","COVER 55 BUSHING 50D TOP- L","","FLOR","1","0","0","H87","0"
"100334003","LISMTY1212P24","COVER 55 BUSHING 50D MID-L","","FLOR","1","0","0","H87","0"
"100334004","LISMTY1212P31","COVER 55 BUSHING 60D TOP-L","","FLOR","1","0","0","H87","0"
"100334005","LISMTY1212P34","COVER 55 BUSHING 60D MID-L","","FLOR","1","0","0","H87","0"
"100334006","LISMTY1212P4","COVER 55 BUSHING 50D MID- R","","FLOR","4","0","0","H87","0"
"100334007","LISMTY1218P1","STD THROAT PLATE 44X42.75-SIDE","","FLOR","20","0","0","H87","0"
"100334008","LISMTY1218P2","STD THROAT PLATE 44X42.75-TOP","","FLOR","20","0","0","H87","0"
"100334009","LISMTY1219P1","RODENT BARRIER","","FLOR","6","0","0","H87","0"
"100334010","LISMTY1234P1","PROLEC INSULATING BARRIER","","FLOR","6","0","0","H87","0"
"100334011","LISMTY123P1","CPT MOUNTING PLATE FOR 35","","FLOR","1","0","0","H87","0"
"100334012","LISMTY1242P21","FULL HEIGHT DOOR","","FLOR","2","0","0","H87","0"
"100334013","LISMTY1271P4S","LUG STRAP, RBA, FUSES","","FLOR","6","0","0","H87","0"
"100334014","LISMTY1372P1","COVER","","FLOR","4","0","0","H87","0"
"100334015","LISMTY1437P1","THERMOSTAT BRACKET","","FLOR","95","0","0","H87","0"
"100334016","LISMTY1470P1","COLLAR PART,SHORT, PROLEC","","FLOR","4","0","0","H87","0"
"100334017","LISMTY1470P4","90 COLLAR PART","","FLOR","6","0","0","H87","0"
"100334018","LISMTY1470P5","77 COLLAR PART,LONG, PROLEC","","FLOR","4","0","0","H87","0"
"100334019","LISMTY1491P1","PT MTG PLATE","","FLOR","1","0","0","H87","0"
"100334020","LISMTY1516P1","MTG PLATE LV BOX COMPARTMENT","","FLOR","21","0","0","H87","0"
"100319052","LISMTY1536P1","DOOR UPPER FOR MOTOR W/PADLOCK","","FLOR","5","0","0","H87","0"
"100334022","LISMTY1633P1T","OUTGOING BUS LS24605","","FLOR","1","0","0","H87","0"
"100334023","LISMTY1633P2T","OUTGOING BUS LS24605","","FLOR","1","0","0","H87","0"
"100334024","LISMTY1633P3S","OUTGOING BUS LS24054","","FLOR","1","0","0","H87","0"
"100334025","LISMTY1633P3T","OUTGOING BUS LS24605","","FLOR","1","0","0","H87","0"
"100334026","LISMTY2089P1","REAR INSULATOR SUPPORT SELC","","FLOR","1","0","0","H87","0"
"100334027","LISMTY212P1","STRINGER SUPPORT REAR SIDE CT","","FLOR","4","0","0","H87","0"
"100334028","LISMTY3118P1T","GROUND BUS","","FLOR","18","0","0","H87","0"
"100334029","LISMTY3218P2S","N1 Bus Liquid 61H","","FLOR","3","0","0","H87","0"
"100334030","LISMTY3274P1T","LUG STRAP 2 LUGS","","FLOR","3","0","0","H87","0"
"100334031","LISMTY3274P2S","Lug strap 2 lugs","","FLOR","15","0","0","H87","0"
"100334032","LISMTY3344P1","Cover with barrier cutout","","FLOR","3","0","0","H87","0"
"100334033","LISMTY3347P1","GND Riser Bracket","","FLOR","6","0","0","H87","0"
"100334034","LISMTY3396P1","TB Bracket Short","","FLOR","1","0","0","H87","0"
"100334035","LISMTY3432P1","Bracket Humidistat W43A-14C","","FLOR","17","0","0","H87","0"
"100334036","LISMTY3457P1","Barrier incoming","","FLOR","6","0","0","H87","0"
"100334037","LISMTY3529P1S","RUN BACK GROUND BUS","","FLOR","1","0","0","H87","0"
"100334038","LISMTY3530P1S","GND BUS EXT STRAP","","FLOR","2","0","0","H87","0"
"100334039","LISMTY3551P1S","RUN BACK GROUND BUS","","FLOR","1","0","0","H87","0"
"100334040","LISMTY3574P1","ATS upper front door STD","","FLOR","2","0","0","H87","0"
"100334041","LISMTY3597P1","SEL751","","FLOR","7","0","0","H87","0"
"100334042","LISMTY3609P9S","Inv RBB Rear Bus","","FLOR","3","0","0","H87","0"
"100334043","LISMTY3615P2","Versa Inv RBB SW/Ph Barriers","","FLOR","2","0","0","H87","0"
"100334044","LISMTY3615P3","Versa Inv RBB SW/Ph Barriers","","FLOR","20","0","0","H87","0"
"100334045","LISMTY3636P7S","Ext Inv RBB Rear Bus","","FLOR","2","0","0","H87","0"
"100334046","LISMTY3640P1S","Inv RBGB Front","","FLOR","1","0","0","H87","0"
"100334047","LISMTY3640P2S","Inv RBGB Rear","","FLOR","1","0","0","H87","0"
"100334048","LISMTY3643P1","SM HOOD CAP LH END 60D","","FLOR","7","0","0","H87","0"
"100334049","LISMTY3644P1","SM HOOD CAP LH END 40D","","FLOR","8","0","0","H87","0"
"100334050","LISMTY3645P1","SM HOOD SLOPED 40D","","FLOR","18","0","0","H87","0"
"100334051","LISMTY3647P1","SM CENTER CAP 60D","","FLOR","20","0","0","H87","0"
"100334052","LISMTY3649P1","SM CENTER CAP 40D","","FLOR","19","0","0","H87","0"
"100334053","LISMTY3651P1","TRANSITION COVER","","FLOR","8","0","0","H87","0"
"100334054","LISMTY3657P1T","1200A","","FLOR","4","0","0","H87","0"
"100334055","LISMTY3659P1T","1200A","","FLOR","2","0","0","H87","0"
"100334056","LISMTY3662P1","SM HOOD CAP LH END 60D SIDE","","FLOR","7","0","0","H87","0"
"100334057","LISMTY3663P1","SM HOOD CAP LH END 60D SIDE","","FLOR","6","0","0","H87","0"
"100334058","LISMTY3665P1","SM HOOD CAP LH END 40D SIDE","","FLOR","7","0","0","H87","0"
"100334059","LISMTY3686P1","EDGECORE Roof 60D","","FLOR","18","0","0","H87","0"
"100334060","LISMTY3696P1","Split Door SB Frame","","FLOR","1","0","0","H87","0"
"100334061","LISMTY3703P1","Up Door","","FLOR","1","0","0","H87","0"
"100334062","LISMTY3710P1T","Bus Strap Special PSS 2","","FLOR","4","0","0","H87","0"
"100334063","LISMTY3710P2T","Bus Strap Special PSS 2","","FLOR","4","0","0","H87","0"
"100334064","LISMTY3760P1T","Special Out Bus Ph A","","FLOR","1","0","0","H87","0"
"100334065","LISMTY3760P5T","Special Out Bus Ph A 2","","FLOR","1","0","0","H87","0"
"100334066","LISMTY3760P6T","Special Out Bus Ph B 2","","FLOR","1","0","0","H87","0"
"100334067","LISMTY3761P1","Insulator Bracket","","FLOR","3","0","0","H87","0"
"100334068","LISMTY3802P1T","Bus Ph A VD4 Lft","","FLOR","1","0","0","H87","0"
"100334069","LISMTY386P1","MOUNTING BRACKET (ACERO INOX","","FLOR","1","0","0","H87","0"
"100334070","LISMTY462P1","BRACKETS DE AMM. Y VOLT.","","FLOR","2","0","0","H87","0"
"100334071","LISMTY467P2","PQM LV BRACKET N3","","FLOR","12","0","0","H87","0"
"100334072","LISMTY550P4S","S/C LUG STRAP","","FLOR","63","0","0","H87","0"
"100334074","LISMTY741P2","OUTDOOR SIDE MEMBER COLLAR","","FLOR","20","0","0","H87","0"
"100334075","LISMTY742P1","OUTDOOR BOTTOM MEMBER COLLAR","","FLOR","11","0","0","H87","0"
"100334076","LISMTY760P5S","35W TRANSITION SECTION RISER BUS./SILV/","","FLOR","12","0","0","H87","0"
"100334077","LISMTY771P13","LOWER DOOR IR PORTS100 W/KK","","FLOR","1","0","0","H87","0"
"100334078","LISMTY854P1","DOOR","","FLOR","4","0","0","H87","0"
"100334079","LISMTY854P2","UPPER DOOR IR W/PADLOCK","","FLOR","5","0","0","H87","0"
"100334080","LISMTY854P3","UPPER DOOR IR PORTS 100","","FLOR","9","0","0","H87","0"
"100334081","LISMTY880P1S","GROUND STUD SUPPORT","","FLOR","31","0","0","H87","0"
"100334082","LISMTY880P1T","GROUND STUD SUPPORT","","FLOR","67","0","0","H87","0"
"100334083","LISMTY982P1","TOP VERTICAL BARRIER 35W","","FLOR","7","0","0","H87","0"
"100334084","LISMTY987P3","COVER 20W IR PORTS HWK100CL","","FLOR","2","0","0","H87","0"
"100334085","LISMTYROOF","N3R Roof Cover Bracket","","FLOR","200","0","0","H87","0"
"100334086","M796P102CUL24","24 NEUTRAL RISER","","FLOR","1","0","0","H87","0"
"100334087","RSB-12-12-10-108","RSB E1.2 BASEPLATE-W-30W","","FLOR","12","0","0","H87","0"
"100334088","RSB-12-12-10-109","RSB E1.2 BASEPLATE-W-35W","","FLOR","50","0","0","H87","0"
"100334089","RSB-12-12-20-101","RSB E1.2 COVER-F-3P-30W","","FLOR","1","0","0","H87","0"
"100334090","RSB-12-12-20-108","RSB E1.2 COVER-F-3P-30W-RELT","","FLOR","2","0","0","H87","0"
"100334091","RSB-12-12-20-109","RSB E1.2 COVER-F-3P-35W-RELT","","FLOR","2","0","0","H87","0"
"100334092","RSB-12-12-20-129","RSB E1.2 COVER-W-3P-30W","","FLOR","2","0","0","H87","0"
"100334093","RSB-12-12-20-130","RSB E1.2 COVER-W-3P-35W","","FLOR","25","0","0","H87","0"
"100334094","RSB-12-12-20-131","RSB E1.2 COVER-W-3/4P-40W","","FLOR","152","0","0","H87","0"
"100334095","RSB-12-12-20-136","RSB E1.2 COVER-W-3P-30W-RELT","","FLOR","8","0","0","H87","0"
"100334096","RSB-12-12-20-137","RSB E1.2 COVER-W-3P-35W-RELT","","FLOR","1","0","0","H87","0"
"100334097","RSB-22-20-10-101","EMAX 2.2 BASEPLATE F 3P 30W","","FLOR","77","0","0","H87","0"
"100334098","RSB-22-20-10-103","EMAX 2.2 BASEPLATE F 3P/4P 40W","","FLOR","8","0","0","H87","0"
"100334099","RSB-22-20-10-104","EMAX 2.2 BASEPLATE F 3P/4P 45W","","FLOR","1","0","0","H87","0"
"100334100","RSB-22-20-10-105","EMAX 2.2 BASEPLATE F 3P/4P 50W","","FLOR","4","0","0","H87","0"
"100334101","RSB-22-20-10-108","EMAX 2.2 BASEPLATE W 3P 30W","","FLOR","4","0","0","H87","0"
"100334102","RSB-22-20-10-109","EMAX 2.2 BASEPLATE W 3P/4P 35W","","FLOR","43","0","0","H87","0"
"100334103","RSB-22-20-20-102","RSB E2.2 COVER-F-3P-35W","","FLOR","3","0","0","H87","0"
"100334104","RSB-22-20-20-108","RSB E2.2 COVER-F-3P-30W-RELT","","FLOR","31","0","0","H87","0"
"100334105","RSB-22-20-20-109","RSB E2.2 COVER-F-3P-35W-RELT","","FLOR","1","0","0","H87","0"
"100334106","RSB-22-20-20-110","RSB E2.2 COVER-F-3P/4P-40W-RELT","","FLOR","19","0","0","H87","0"
"100334107","RSB-22-20-20-111","RSB E2.2 COVER-F-3P/4P-45W-RELT","","FLOR","2","0","0","H87","0"
"100334108","RSB-22-20-20-114","RSB E2.2 COVER-F-3P/4P-60W-RELT","","FLOR","1","0","0","H87","0"
"100334109","RSB-22-20-20-130","RSB E2.2 COVER-W-3P-35W","","FLOR","2","0","0","H87","0"
"100334110","RSB-22-20-20-136","RSB E2.2 COVER-W-3P-30W-RELT","","FLOR","6","0","0","H87","0"
"100334111","RSB-22-20-20-137","RSB E2.2 COVER-W-3P-35W-RELT","","FLOR","5","0","0","H87","0"
"100334112","RSB-22-20-3A-103SM","31022751662p003.prt","","FLOR","1","0","0","H87","0"
"100334113","RSB-22-20-3A-104SM","31022751662p004.prt","","FLOR","1","0","0","H87","0"
"100334114","RSB-22-20-3A-107SM","31022751662P007.PRT","","FLOR","24","0","0","H87","0"
"100334115","RSB-22-20-3A-108SM","31022751662P008.PRT","","FLOR","25","0","0","H87","0"
"100334116","RSB-22-20-3A-109SM","31022751662P009.PRT","","FLOR","29","0","0","H87","0"
"100334117","RSB-22-20-3A-110SM","31022751662P010.PRT","","FLOR","21","0","0","H87","0"
"100334118","RSB-22-20-3A-111SM","31022751662P011.PRT","","FLOR","19","0","0","H87","0"
"100334119","RSB-22-20-3A-112SM","31022751662P012.PRT","","FLOR","27","0","0","H87","0"
"100334120","RSB-22-20-3A-113SM","31022751662P013.PRT","","FLOR","9","0","0","H87","0"
"100334121","RSB-22-20-3A-114SM","31022751662P014.PRT","","FLOR","18","0","0","H87","0"
"100334122","RSB-22-20-3A-115SM","31022751662P015.PRT","","FLOR","30","0","0","H87","0"
"100334123","RSB-22-20-3A-116SM","31022751662P016.PRT","","FLOR","28","0","0","H87","0"
"100334124","RSB-22-20-3A-117SM","31022751662P017.PRT","","FLOR","25","0","0","H87","0"
"100334125","RSB-22-20-3A-118SM","31022751662P018.PRT","","FLOR","21","0","0","H87","0"
"100334126","RSB-22-20-3A-119SM","31022751662p019.prt","","FLOR","3","0","0","H87","0"
"100334127","RSB-22-20-3A-120SM","31022751662p020.prt","","FLOR","3","0","0","H87","0"
"100334128","RSB-22-20-3A-121SM","31022751662p021.prt","","FLOR","2","0","0","H87","0"
"100334129","RSB-22-20-3A-122SM","31022751662p022.prt","","FLOR","2","0","0","H87","0"
"100334130","RSB-22-20-3A-123SM","31022751662p023.prt","","FLOR","3","0","0","H87","0"
"100334131","RSB-22-20-3A-124SM","31022751662p024.prt","","FLOR","1","0","0","H87","0"
"100334132","RSB-22-20-3A-155SM","31022751662P055.prt","","FLOR","3","0","0","H87","0"
"100334133","RSB-22-20-3A-156SM","31022751662P056.prt","","FLOR","3","0","0","H87","0"
"100334134","RSB-22-20-3A-157SM","31022751662P057.prt","","FLOR","3","0","0","H87","0"
"100334135","RSB-22-20-3A-158SM","31022751662P058.prt","","FLOR","3","0","0","H87","0"
"100334136","RSB-22-20-3A-159SM","31022751662P059.prt","","FLOR","2","0","0","H87","0"
"100334137","RSB-22-20-3A-160SM","31022751662P060.prt","","FLOR","2","0","0","H87","0"
"100334138","RSB-22-20-3A-185SM","31022751662P085.prt","","FLOR","1","0","0","H87","0"
"100334139","RSB-22-20-3A-186SM","31022751662P086.prt","","FLOR","1","0","0","H87","0"
"100334140","RSB-22-20-3A-187SM","31022751662P087.prt","","FLOR","1","0","0","H87","0"
"100334141","RSB-22-20-3A-188SM","31022751662P088.prt","","FLOR","1","0","0","H87","0"
"100334142","RSB-22-20-3A-189SM","31022751662P089.prt","","FLOR","1","0","0","H87","0"
"100334143","RSB-22-20-3A-190SM","31022751662P090.prt","","FLOR","1","0","0","H87","0"
"100334144","RSB-22-20-3C-104KT","RSB E2.2 TIERS 3P CU-F-16","","FLOR","39","0","0","H87","0"
"100334145","RSB-22-20-3C-104SM","RSB E2.2 TIERS 3P CU-F-16","","FLOR","4","0","0","H87","0"
"100334146","RSB-22-20-3C-105SM","RSB E2.2 TIERS 3P CU-F-16","","FLOR","4","0","0","H87","0"
"100334147","RSB-22-20-3C-106SM","RSB E2.2 TIERS 3P CU-F-16","","FLOR","4","0","0","H87","0"
"100334148","RSB-22-20-3C-107KT","RSB E2.2 TIERS 3P CU-F-16,20,25,40A-40D","","FLOR","15","0","0","H87","0"
"100334149","RSB-22-20-3C-108KT","RSB E2.2 TIERS 3P CU-F-16,20,25,40A-40D","","FLOR","12","0","0","H87","0"
"100334150","RSB-22-20-3C-109KT","RSB E2.2 TIERS 3P CU-F-16,20,25,40A-40D","","FLOR","8","0","0","H87","0"
"100334151","RSB-22-20-3C-110KT","RSB E2.2 TIERS 3P CU-F-16","","FLOR","6","0","0","H87","0"
"100334152","RSB-22-20-3C-111KT","RSB E2.2 TIERS 3P CU-F-16","","FLOR","3","0","0","H87","0"
"100334153","RSB-22-20-3C-112KT","RSB E2.2 TIERS 3P CU-F-16","","FLOR","6","0","0","H87","0"
"100334154","RSB-22-20-3C-113KT","RSB E2.2 TIERS 3P CU-F-16","","FLOR","4","0","0","H87","0"
"100334155","RSB-22-20-3C-114KT","RSB E2.2 TIERS 3P CU-F-16","","FLOR","4","0","0","H87","0"
"100334156","RSB-22-20-3C-115KT","RSB E2.2 TIERS 3P CU-F-16","","FLOR","4","0","0","H87","0"
"100334157","RSB-22-20-3C-149KT","RSB E2.2 TIERS 3P CU-F-50/60 100%A-45D","","FLOR","4","0","0","H87","0"
"100334158","RSB-22-20-3C-149SM","RSB E2.2 TIERS 3P CU-F-50/60 100%A-45D","","FLOR","8","0","0","H87","0"
"100334159","RSB-22-20-3C-150KT","RSB E2.2 TIERS 3P CU-F-50/60 100%A-45D","","FLOR","6","0","0","H87","0"
"100334160","RSB-22-20-3C-150SM","RSB E2.2 TIERS 3P CU-F-50/60 100%A-45D","","FLOR","8","0","0","H87","0"
"100334161","RSB-22-20-3C-151KT","RSB E2.2 TIERS 3P CU-F-50/60 100%A-45D","","FLOR","6","0","0","H87","0"
"100334162","RSB-22-20-3C-151SM","RSB E2.2 TIERS 3P CU-F-50/60 100%A-45D","","FLOR","8","0","0","H87","0"
"100334163","RSB-22-20-3C-152SM","RSB E2.2 TIERS 3P CU-F-50/60 100%A-50D","","FLOR","2","0","0","H87","0"
"100334164","RSB-22-20-3C-153SM","RSB E2.2 TIERS 3P CU-F-50/60 100%A-50D","","FLOR","2","0","0","H87","0"
"100334165","RSB-22-20-3C-157KT","RSB E2.2 TIERS 3P CU-F-50/60 100%A-55D","","FLOR","16","0","0","H87","0"
"100334166","RSB-22-20-3C-161SM","RSB E2.2 TIERS 3P CU-W-16","","FLOR","6","0","0","H87","0"
"100334167","RSB-22-20-3C-162SM","RSB E2.2 TIERS 3P CU-W-16","","FLOR","2","0","0","H87","0"
"100334168","RSB-22-20-3C-163SM","RSB E2.2 TIERS 3P CU-W-16","","FLOR","2","0","0","H87","0"
"100334169","RSB-22-20-3C-164KT","RSB E2.2 TIERS 3P CU-W-16","","FLOR","4","0","0","H87","0"
"100334170","RSB-22-20-3C-165KT","RSB E2.2 TIERS 3P CU-W-16","","FLOR","4","0","0","H87","0"
"100334171","RSB-22-20-3C-166KT","RSB E2.2 TIERS 3P CU-W-16","","FLOR","4","0","0","H87","0"
"100334172","RSB-22-20-3C-167KT","RSB E2.2 TIERS 3P CU-W-16","","FLOR","2","0","0","H87","0"
"100334173","RSB-22-20-3C-169KT","RSB E2.2 TIERS 3P CU-W-16","","FLOR","2","0","0","H87","0"
"100334174","RSB-22-20-3C-182KT","RSB E2.2 TIERS 3P CU-W-3-5","","FLOR","2","0","0","H87","0"
"100334175","RSB-22-20-3C-203KT","RSB E2.2 TIERS 3P CU-W-50/60 100%A-50D","","FLOR","22","0","0","H87","0"
"100334176","RSB-22-20-3C-203SM","RSB E2.2 TIERS 3P CU-W-50/60 100%A-50D","","FLOR","12","0","0","H87","0"
"100334177","RSB-22-20-3C-204KT","RSB E2.2 TIERS 3P CU-W-50/60 100%A-50D","","FLOR","22","0","0","H87","0"
"100334178","RSB-22-20-3C-204SM","RSB E2.2 TIERS 3P CU-W-50/60 100%A-50D","","FLOR","12","0","0","H87","0"
"100334179","RSB-22-20-3C-205KT","RSB E2.2 TIERS 3P CU-W-50/60 100%A-50D","","FLOR","22","0","0","H87","0"
"100334180","RSB-22-20-3C-205SM","RSB E2.2 TIERS 3P CU-W-50/60 100%A-50D","","FLOR","12","0","0","H87","0"
"100334181","RSB-22-20-3C-206KT","RSB E2.2 TIERS 3P CU-W-50/60 100%A-55D","","FLOR","4","0","0","H87","0"
"100334182","RSB-22-20-3C-207KT","RSB E2.2 TIERS 3P CU-W-50/60 100%A-55D","","FLOR","32","0","0","H87","0"
"100334183","RSB-22-20-3C-208KT","RSB E2.2 TIERS 3P CU-W-50/60 100%A-55D","","FLOR","23","0","0","H87","0"
"100334184","RSB-22-20-3C-209SM","RSB E2.2 TIERS 3P CU-W-50/60 100%A-60D","","FLOR","2","0","0","H87","0"
"100334185","RSB-22-20-3C-210SM","RSB E2.2 TIERS 3P CU-W-50/60 100%A-60D","","FLOR","2","0","0","H87","0"
"100334186","RSB-22-20-3C-211SM","RSB E2.2 TIERS 3P CU-W-50/60 100%A-60D","","FLOR","2","0","0","H87","0"
"100334187","RSB-62-50-10-101","RSB E6.2 BASEPLATE-F-40W-3P","","FLOR","1","0","0","H87","0"
"100334188","RSB-62-50-10-104","RSB E6.2 BASEPLATE-F-55W-3P","","FLOR","1","0","0","H87","0"
"100334189","RSB-62-50-10-106","RSB E6.2 BASEPLATE-W-40W-3P","","FLOR","16","0","0","H87","0"
"100334190","RSB-62-50-10-107","RSB E6.2 BASEPLATE-W-45W-3P","","FLOR","3","0","0","H87","0"
"100334191","RSB-62-50-10-110","RSB E6.2 BASEPLATE-W-60W-3P","","FLOR","31","0","0","H87","0"
"100334192","RSB-62-50-10-114","RSB E6.2 BASEPLATE-W-50W-4P","","FLOR","35","0","0","H87","0"
"100334193","RSB-62-50-10-116","RSB E6.2 BASEPLATE-W-60W-4P","","FLOR","36","0","0","H87","0"
"100334194","RSB-62-50-20-101","RSB E6.2 COVER-F-3P-40W","","FLOR","3","0","0","H87","0"
"100334195","RSB-62-50-20-111","RSB E6.2 COVER-F-3P-40W RELT","","FLOR","17","0","0","H87","0"
"100334196","RSB-62-50-20-113","RSB E6.2 COVER-F-3P/4P-50W","","FLOR","2","0","0","H87","0"
"100334197","RSB-62-50-20-114","RSB E6.2 COVER-F-3P/4P-55W","","FLOR","2","0","0","H87","0"
"100334198","RSB-62-50-20-122","RSB E6.2 COVER-W-3P-45W","","FLOR","1","0","0","H87","0"
"100334199","RSB-CV053P15W28H2V","053THK COVER 15W 28H DB VENTED","","FLOR","2","0","0","H87","0"
"100334200","RSB-CV053P15W28HN","053THK COVER 15W 28H NO VENTED","","FLOR","1","0","0","H87","0"
"100334201","RSB-CV053P15W30HN","053THK COVER 15W 30H NO VENTED","","FLOR","2","0","0","H87","0"
"100334202","RSB-CV053P30W06HN","053THK COVER 30W 06H NO VENTED","","FLOR","1","0","0","H87","0"
"100334203","RSB-CV053P30W12HN","053THK COVER 30W 12H NO VENTED","","FLOR","16","0","0","H87","0"
"100334204","RSB-CV053P30W14HN","053THK COVER 30W 14H NO VENTED","","FLOR","5","0","0","H87","0"
"100334205","RSB-CV053P30W20HN","053THK COVER 30W 20H NO VENTED","","FLOR","38","0","0","H87","0"
"100334206","RSB-CV053P30W28HN","053THK COVER 30W 28H NO VENTED","","FLOR","11","0","0","H87","0"
"100334207","RSB-CV053P35W02HN","053THK COVER 35W 02H NO VENTED","","FLOR","1","0","0","H87","0"
"100334208","RSB-CV053P35W04HN","053THK COVER 35W 04H NO VENTED","","FLOR","17","0","0","H87","0"
"100334209","RSB-CV053P35W08HN","053THK COVER 35W 08H NO VENTED","","FLOR","39","0","0","H87","0"
"100334210","RSB-CV053P35W16HN","053THK COVER 35W 16H NO VENTED","","FLOR","31","0","0","H87","0"
"100334211","RSB-CV053P35W20HN","053THK COVER 35W 20H NO VENTED","","FLOR","12","0","0","H87","0"
"100334212","RSB-CV053P35W28HN","053THK COVER 35W 28H NO VENTED","","FLOR","4","0","0","H87","0"
"100334213","RSB-CV071P40W02HN","071THK COVER 40W 02H NO VENTED","","FLOR","4","0","0","H87","0"
"100334214","RSB-CV071P40W08HN","071THK COVER 40W 08H NO VENTED","","FLOR","1","0","0","H87","0"
"100334215","RSB-CV071P40W16HN","071THK COVER 40W 16H NO VENTED","","FLOR","4","0","0","H87","0"
"100334216","RSB-CV071P40W18HN","071THK COVER 40W 18H NO VENTED","","FLOR","7","0","0","H87","0"
"100334217","RSB-CV071P40W28HN","071THK COVER 40W 28H NO VENTED","","FLOR","11","0","0","H87","0"
"100334218","RSB-CV080P45W28H2V","090THK COVER 45W 28H DB VENTED","","FLOR","6","0","0","H87","0"
"100334219","RSB-CV090P45W10HN","090THK COVER 45W 10H NO VENTED","","FLOR","1","0","0","H87","0"
"100334220","RSB-CV090P45W12HN","090THK COVER 45W 12H NO VENTED","","FLOR","1","0","0","H87","0"
"100334221","RSB-CV090P45W28HN","090THK COVER 45W 28H NO VENTED","","FLOR","2","0","0","H87","0"
"100334222","RSB-CV105P35W32HN","105THK COVER 35W 32H NO VENTED","","FLOR","12","0","0","H87","0"
"100334223","RSB-CV105P50W06HN","105THK COVER 50W 06H NO VENTED","","FLOR","18","0","0","H87","0"
"100334224","RSB-CV105P50W14HN","105THK COVER 50W 14H NO VENTED","","FLOR","19","0","0","H87","0"
"100334225","RSB-CV105P50W28H2V","105THK COVER 50W 28H DB VENTED","","FLOR","28","0","0","H87","0"
"100334226","RSB-CV105P50W28HN","105THK COVER 50W 28H NO VENTED","","FLOR","15","0","0","H87","0"
"100334227","RSB-CV105P50W32HN","105THK COVER 50W 32H NO VENTED","","FLOR","2","0","0","H87","0"
"100334228","RSB-SC-00-20-102","RSB ASM XT5 Vertical Bracing CU 35W","","FLOR","2","0","0","H87","0"
"100334229","RSB-SC-00-20-108","RSB ASM XT5 VERTICAL BRACING AL 30W","","FLOR","2","0","0","H87","0"
"100334230","RSB-SC-00-20-109","RSB ASM XT5 Vertical Bracing AL 35W","","FLOR","1","0","0","H87","0"
"100334231","RSB-SC-00-20-207","XT7 VERTICAL BRACING CHANNEL CU 60W","","FLOR","1","0","0","H87","0"
"100334232","RSB-SC-00-20-209","XT7 VERTICAL BRACING CHANNEL AL 35W","","FLOR","1","0","0","H87","0"
"100334233","RSB-SC-00-20-210","XT7 VERTICAL BRACING CHANNEL AL 40W","","FLOR","2","0","0","H87","0"
"100334234","RSB-SC-00-20-308","E1.2 VMB BRACING CHANNEL AL 30W","","FLOR","3","0","0","H87","0"
"100334235","RSB-SC-00-20-315","E1.2 VMB BRACING CHANNEL CU 4P 40W","","FLOR","4","0","0","H87","0"
"100334236","RSB-SC-00-20-403","E2.2 VMB BRACING CHANNEL CU 40W","","FLOR","14","0","0","H87","0"
"100334237","RSB-SC-00-20-405","E2.2 VMB BRACING CHANNEL CU 50W","","FLOR","4","0","0","H87","0"
"100334238","RSB-SC-00-20-409","E2.2 VMB BRACING CHANNEL AL 35W","","FLOR","2","0","0","H87","0"
"100334239","RSB-SC-00-20-414","E2.2 VMB BRACING CHANNEL AL 60W","","FLOR","1","0","0","H87","0"
"100334240","RSB-SC-00-20-502","Emax 4.2 Vert Bracing Channel CU 40W","","FLOR","1","0","0","H87","0"
"100334241","RSB-SC-00-20-504","Emax 4.2 Vert Bracing Channel CU 50W","","FLOR","2","0","0","H87","0"
"100334242","RSB-SC-00-20-507","EMAX 4.2 VERT BRACING CHANNEL AL 35W","","FLOR","1","0","0","H87","0"
"100334243","RSB-SC-00-20-603","E6.2 4K VMB BRACING CHANNEL CU 50W","","FLOR","1","0","0","H87","0"
"100334244","RSB-SC-00-20-604","E6.2 4K VMB BRACING CHANNEL CU 55W","","FLOR","4","0","0","H87","0"
"100334245","RSB-SC-00-20-605","E6.2 4K VMB BRACING CHANNEL CU 60W","","FLOR","1","0","0","H87","0"
"100334246","RSB-SC-00-20-611","E6.2 5K VMB BRACING CHANNEL CU 40W","","FLOR","3","0","0","H87","0"
"100334247","RSB-SC-00-20-613","E6.2 5K VMB BRACING CHANNEL CU 50W","","FLOR","2","0","0","H87","0"
"100334248","RSB-SC-00-20-621","E6.2 6K VMB BRACING CHANNEL CU 50W","","FLOR","3","0","0","H87","0"
"100334249","RSB-SC-00-20-627","SI EMAX SWBD VERTBUS C-CHNL BRCNG","","FLOR","4","0","0","H87","0"
"100334250","RSB-SC-00-20-629","SI EMAX SWBD VERTBUS C-CHNL BRCNG","","FLOR","66","0","0","H87","0"
"100334251","RSB-SE-00-10-P001","REAR SE BARRIER 30W","","FLOR","10","0","0","H87","0"
"100334252","RSB-SE-00-10-P011","REAR SE BARRIER 45W MB 16","","FLOR","1","0","0","H87","0"
"100334253","RSB-SE-00-10-P015","REAR SE BARRIER 30W MB 30A","","FLOR","6","0","0","H87","0"
"100334254","RSB-SE-00-20-P003","RSB SE BARRIER 2 30W 10H","","FLOR","1","0","0","H87","0"
"100334255","RSB-SE-00-20-P008","RSB SE BARRIER 2 30W 20H","","FLOR","4","0","0","H87","0"
"100334256","RSB-SE-00-20-P085","RSB SE BARRIER 2 45W 18H","","FLOR","1","0","0","H87","0"
"100334257","RSBFHP235CB10N","FULL HEIGHT BARRIER 35 DEEP","","FLOR","1","0","0","H87","0"
"100334258","RSBFHP240BB25N","FULL HEIGHT BARRIER 40 DEEP","","FLOR","1","0","0","H87","0"
"100323970","SBUNT-0010003P","SWITCHBOARD UNIT","","FLOR","1","0","0","H87","0"
"100334259","SC50AOSPC15P1KT","SC 50A OFFSET SPLICE 15IN","","FLOR","6","0","0","H87","0"
"100334260","SC50AOSPC15P2KT","SC 50A OFFSET SPLICE 15IN","","FLOR","6","0","0","H87","0"
"100334261","SC50AOSPC15P3KT","SC 50A OFFSET SPLICE 15IN","","FLOR","6","0","0","H87","0"
"100334262","SC50AOSPC15P4KT","SC 50A OFFSET SPLICE 15IN","","FLOR","6","0","0","H87","0"
"100334263","SC50AOSPC15P5KT","SC 50A OFFSET SPLICE 15IN","","FLOR","6","0","0","H87","0"
"100334264","SFHBTM34N67G30D","SM FHB TM 34N 67G 30D","","FLOR","2","0","0","H87","0"
"100334265","SIFILL25D","SI FHB FILLER 25D","","FLOR","2","0","0","H87","0"
"100334266","SIFILL50D","SI FHB FILLER 50D","","FLOR","4","0","0","H87","0"
"100334267","SIHZBPNL30W25D","SI HZB PNL 30W 25D","","FLOR","1","0","0","H87","0"
"100334268","SIHZBPNL35W40D","SI HZB PNL 35W 40D","","FLOR","1","0","0","H87","0"
"100334269","SIHZBPNL35W45D","SI HZB PNL 35W 45D","","FLOR","2","0","0","H87","0"
"100334270","SIHZBPNL40W40D","SI HZB PNL 40W 40D","","FLOR","1","0","0","H87","0"
"100334271","SIHZBPNL50W30D","SI HZB PNL 50W 30D","","FLOR","1","0","0","H87","0"
"100334272","SIHZBPNLT","SI HZB PNL 50W 25D","","FLOR","2","0","0","H87","0"
"100334273","SITBS1030W","SI TRAY BARRIER S10 30W","","FLOR","2","0","0","H87","0"
"100334274","SITBS1035W","SI TRAY BARRIER S10 35W","","FLOR","3","0","0","H87","0"
"100334275","SITBS1545W","SI TRAY BARRIER S15 45W","","FLOR","2","0","0","H87","0"
"100334276","SMC35W8H3FLK75CL9","SM COVER 35W 9CL IR HWK-075-CLKT (3)","","FLOR","5","0","0","H87","0"
"100334277","SMC40W8H3FLK75CL9","SM COVER 40W 9CL IR HWK-075-CLKT (3)","","FLOR","2","0","0","H87","0"
"100334278","SMC8H30WFLK75CL6","SM COVER 30W 6CL IR HWK-075-CLKT (2)","","FLOR","2","0","0","H87","0"
"100334279","SMC8H30WVPT75","SM COVER 30W IR VPT-075","","FLOR","3","0","0","H87","0"
"100334280","SMC8H35WVPT75","SM COVER 35W IR VPT-075 (1)","","FLOR","2","0","0","H87","0"
"100334281","SMD30W8H3FLK75CL6","SM COVER HINGED 30W 6CL IR HWK-075-CLKT","","FLOR","4","0","0","H87","0"
"100334282","SMD35W8H3FLK75CL6","SM COVER HINGED 35W 6CL IR HWK-075-CLKT","","FLOR","8","0","0","H87","0"
"100334283","SMD35W8HFLK75CL6","SM COVER HINGED 35W 6CL IR HWK-075-CLKT","","FLOR","2","0","0","H87","0"
"100334284","SMD40W8H3FLK75CL6","SM COVER HINGED 40W 6CL IR HWK-075-CLKT","","FLOR","2","0","0","H87","0"
"100334285","SMD40W8H3FLK75CL9","SM COVER HINGED 40W 9CL IR HWK-075-CLKT","","FLOR","16","0","0","H87","0"
"100334286","SMD40W8HFLK75CL6","SM COVER HINGED 40W 6CL IR HWK-075-CLKT","","FLOR","1","0","0","H87","0"
"100334287","SMD8H30WVPT75","SM COVER HINGED 30W 8H IR VPT-075 (1)","","FLOR","1","0","0","H87","0"
"100334288","SMD8H40WVPT75","SM COVER HINGED 40W 8H IR VPT-075 (1)","","FLOR","3","0","0","H87","0"
"100334289","SMTBS1030W","SM TRAY BARRIER S10 30W","","FLOR","1","0","0","H87","0"
"100334290","SMTBS1035W","SM TRAY BARRIER S10 35W","","FLOR","2","0","0","H87","0"
"100334291","SMTBS1040W","SM TRAY BARRIER S10 40W","","FLOR","13","0","0","H87","0"
"100334292","SMTBS1530W","SM TRAY BARRIER S15 30W","","FLOR","73","0","0","H87","0"
"100334293","SMTBS1535W","SM TRAY BARRIER S15 35W","","FLOR","5","0","0","H87","0"
"100334294","SMTBS1545W","SM TRAY BARRIER S15 45W","","FLOR","2","0","0","H87","0"
"100334295","SPC50AOFF20SM","SPC50AOFF20","","FLOR","12","0","0","H87","0"
"100334296","SPSA480","POWER SUPPLY PLATE","","FLOR","29","0","0","H87","0"
"100334297","ST35WPWJP1F5","SM Stringer Plate WJP1F5 35W","","FLOR","3","0","0","H87","0"
"100334298","UMCMTY0009P2","UMC Vented Cover","","FLOR","2","0","0","H87","0"
"100334299","UMCMTY0182P1S","EUSERC ITC MB Long Riser PH A/C","","FLOR","2","0","0","H87","0"
"100334300","UMCMTY0184P1S","EUSERC ITC GND Strap","","FLOR","1","0","0","H87","0"
"100334301","UMCMTY0466P4S","Main Bus","","FLOR","1","0","0","H87","0"
"100334302","VRS38KV705P1","CT mounting support Back","","FLOR","1","0","0","H87","0"
"100334303","VRS38KV705P2","CT mounting support_Front","","FLOR","1","0","0","H87","0"
"100334304","W131P103HL16","FPL SIDE COVER","","FLOR","5","0","0","H87","0"
"100334305","W131P105HL16","FPL BOTTOM COVER","","FLOR","7","0","0","H87","0"
"100334306","W131P106HL16","FPL TOP COVER","","FLOR","1","0","0","H87","0"
"100334307","W131P541HL16","N TIER BUS","","FLOR","2","0","0","H87","0"
"100334308","W131P542HL16","N TIER BUS","","FLOR","2","0","0","H87","0"
"100334309","W131P543HL16","A PH / C PH","","FLOR","1","0","0","H87","0"
"100334310","W131P544HL16","A PH / C PH","","FLOR","2","0","0","H87","0"
"100334311","W131P547HL16","C PH / A PH","","FLOR","2","0","0","H87","0"
"100334312","W131P548HL16","C PH / A PH","","FLOR","2","0","0","H87","0"
"100334313","W131P631HL16","NEUTRAL TIER BUS","","FLOR","4","0","0","H87","0"
"100334314","W131P632HL16","NEUTRAL TIER BUS","","FLOR","4","0","0","H87","0"
"100334315","W131P634HL16","FP&L A PHASE/C PHASE","","FLOR","4","0","0","H87","0"
"100334316","W131P635HL16","B PHASE","","FLOR","3","0","0","H87","0"
"100334317","W131P636HL16","B PHASE","","FLOR","3","0","0","H87","0"
"100334318","W131P637HL16","C PHASE/A PHASE","","FLOR","4","0","0","H87","0"
"100334319","W131P638HL16","FP&L C/PH A/PH","","FLOR","4","0","0","H87","0"
"100334320","W15540W47HP153","FP&L 40W 50D BOTTOM COV","","FLOR","2","0","0","H87","0"
"100334321","YCCFT002505","SM N3R CENTER CAP FT DOORS","","FLOR","1","0","0","H87","0"
"100334322","YCCFT003505","SM N3R CENTER CAP FT DOORS","","FLOR","46","0","0","H87","0"
"100334323","YCCFT003510","SM N3R CENTER CAP FT DOORS","","FLOR","10","0","0","H87","0"
"100334324","YCCFT003540","SM N3R CENTER CAP F","","FLOR","2","0","0","H87","0"
"100334325","YCCFT004010","SM N3R CENTER CAP FT DOORS","","FLOR","13","0","0","H87","0"
"100334326","YCCFT004510","SM N3R CENTER CAP FT DOORS","","FLOR","9","0","0","H87","0"
"100334327","YCCFT006005","SM N3R CENTER CAP FT DOORS","","FLOR","1","0","0","H87","0"
"100334328","YCCFT006010","SM N3R CENTER CAP FT DOORS","","FLOR","1","0","0","H87","0"
"100334329","YCCWR006005","SM N3R CENTER CAP W/REAR DOOR","","FLOR","5","0","0","H87","0"
"100334330","YCOVR150084","SM N3R 15W X 84H COVER","","FLOR","3","0","0","H87","0"
"100334331","YCOVR250084","SM N3R 25W X 84H COVER","","FLOR","10","0","0","H87","0"
"100334332","YCOVR300084","SM N3R 30W X 84H COVER","","FLOR","91","0","0","H87","0"
"100334333","YCOVR300084D","ASM REAR COVR W/SCREEN DBV","","FLOR","3","0","0","H87","0"
"100334334","YCOVR350084","SM N3R 35W X 84H COVER","","FLOR","183","0","0","H87","0"
"100334335","YCOVR450084D","ASM REAR COVR W/SCREEN DBV","","FLOR","1","0","0","H87","0"
"100334336","YDDLF450086","SM FRONT DOUBLE DOOR (LH) 90H","","FLOR","11","0","0","H87","0"
"100334337","YDDLF500086","SM FRONT DOUBLE DOOR (LH) 90H","","FLOR","23","0","0","H87","0"
"100334338","YDDLF550086","SM FRONT DOUBLE DOOR (LH) 90H","","FLOR","4","0","0","H87","0"
"100334339","YDDLF600086","SM FRONT DOUBLE DOOR (LH) 90H","","FLOR","3","0","0","H87","0"
"100334340","YDDLF700086","SM FRONT DOUBLE DOOR (LH) 90H","","FLOR","12","0","0","H87","0"
"100334341","YDDLF750086","SM FRONT DOUBLE DOOR (LH) 90H","","FLOR","11","0","0","H87","0"
"100334342","YDDLF900086","SM FRONT DOUBLE DOOR (LH) 90H","","FLOR","8","0","0","H87","0"
"100334343","YDDLR500086","SM N3R 50W X 86H LEFT REAR DR","","FLOR","2","0","0","H87","0"
"100334344","YDDRF450086","SM N3R 45W X 86H FRONT DOOR","","FLOR","17","0","0","H87","0"
"100334345","YDDRF500086","SM N3R 50W X 86H FRONT DOOR","","FLOR","4","0","0","H87","0"
"100334346","YDDRF550086","SM N3R 55W X 86H FRONT DOOR","","FLOR","5","0","0","H87","0"
"100334347","YDDRF600086","SM N3R 60W X 86H FRONT DOOR","","FLOR","3","0","0","H87","0"
"100334348","YDDRF6500867","SM N3R 65W x 86H FR","","FLOR","1","0","0","H87","0"
"100334349","YDDRF700086","SM N3R 70W X 86H FRONT DOOR","","FLOR","12","0","0","H87","0"
"100334350","YDDRF7000867","SM N3R 70W X 86H FRNT DR 170","","FLOR","4","0","0","H87","0"
"100334351","YDDRF750086","SM N3R 75W X 86H FRONT DOOR","","FLOR","19","0","0","H87","0"
"100334352","YDDRF8000867","SM N3R 80W X 86H FRNT DR 170","","FLOR","1","0","0","H87","0"
"100334353","YDDRF900086","SM N3R 90W X 86H FRONT DOOR","","FLOR","7","0","0","H87","0"
"100334354","YDDRR500086","SM N3R 50W X 86H RGHT REAR DR","","FLOR","2","0","0","H87","0"
"100334355","YECLF002505","LH END CAP","","FLOR","8","0","0","H87","0"
"100334356","YECLF003005","30 DEEP WITH 05EXTENSION","","FLOR","4","0","0","H87","0"
"100334357","YECLF003505","35 DEEP WITH 05EXTENSION","","FLOR","14","0","0","H87","0"
"100334358","YECLF003540","35 DEEP WITH 40EXT","","FLOR","1","0","0","H87","0"
"100334359","YECLF004005","40 DEEP WITH 05EXTENSION","","FLOR","8","0","0","H87","0"
"100334360","YECLF004010","40 DEEP WITH 10EXTENSION","","FLOR","10","0","0","H87","0"
"100334361","YECLF004510","45 DEEP WITH 10EXTENSION","","FLOR","19","0","0","H87","0"
"100334362","YECLF005005","50 DEEP WITH 05EXTENSION","","FLOR","5","0","0","H87","0"
"100334363","YECLR004505","45 DEEP WITH 05EXTENSION","","FLOR","2","0","0","H87","0"
"100334364","YECLR006005","60 DEEP WITH 05EXTENSION","","FLOR","1","0","0","H87","0"
"100334365","YECRF002505","25 DEEP WITH 05EXTENSION","","FLOR","6","0","0","H87","0"
"100334366","YECRF003010","30 DEEP WITH 10EXTENSION","","FLOR","3","0","0","H87","0"
"100334367","YECRF003505","35 DEEP WITH 05EXTENSION","","FLOR","103","0","0","H87","0"
"100334368","YECRF003510","35 DEEP WITH 10EXTENSION","","FLOR","2","0","0","H87","0"
"100334369","YECRF003540","35 DEEP WITH 40EXT","","FLOR","1","0","0","H87","0"
"100334370","YECRF004005","40 DEEP WITH 05EXTENSION","","FLOR","8","0","0","H87","0"
"100334371","YECRF004010","40 DEEP WITH 10EXTENSION","","FLOR","2","0","0","H87","0"
"100334372","YECRF004510","45 DEEP WITH 10EXTENSION","","FLOR","14","0","0","H87","0"
"100334373","YECRF005010","50 DEEP WITH 10EXTENSION","","FLOR","2","0","0","H87","0"
"100334374","YECRF005505","55 DEEP WITH 05EXTENSION","","FLOR","1","0","0","H87","0"
"100334375","YECRR006005","60 DEEP WITH 05EXTENSION","","FLOR","1","0","0","H87","0"
"100334376","YHDFT152505","15WIDE X 25DEEP WITH 05 EXT","","FLOR","4","0","0","H87","0"
"100334377","YHDFT153005","15WIDE X 30DEEP WITH 05 EXT","","FLOR","1","0","0","H87","0"
"100334378","YHDFT155010","15WIDE X 50DEEP WITH 10EXT","","FLOR","1","0","0","H87","0"
"100334379","YHDFT203010","20WIDE X 30DEEP WITH 10EXT","","FLOR","1","0","0","H87","0"
"100334380","YHDFT203510","20WIDE X 35DEEP WITH 10EXT","","FLOR","1","0","0","H87","0"
"100334381","YHDFT205010","20WIDE X 50DEEP WITH 10EXT","","FLOR","1","0","0","H87","0"
"100334382","YHDFT252505","25WIDE X 25DEEP WITH 05 EXT","","FLOR","1","0","0","H87","0"
"100334383","YHDFT253010","25WIDE X 30DEEP WITH 10EXT","","FLOR","1","0","0","H87","0"
"100334384","YHDFT253510","25WIDE X 35DEEP WITH 10EXT","","FLOR","1","0","0","H87","0"
"100334385","YHDFT254005","25WIDE X 40DEEP WITH 05 EXT","","FLOR","1","0","0","H87","0"
"100334386","YHDFT254010","25WIDE X 40DEEP WITH 10EXT","","FLOR","3","0","0","H87","0"
"100334387","YHDFT254510","25WIDE X 45DEEP WITH 10EXT","","FLOR","1","0","0","H87","0"
"100334388","YHDFT302505","30WIDE X 25DEEP WITH 05 EXT","","FLOR","3","0","0","H87","0"
"100334389","YHDFT303510","30WIDE X 35DEEP WITH 10EXT","","FLOR","4","0","0","H87","0"
"100334390","YHDFT303540","30WIDE X 35DEEP WI","","FLOR","1","0","0","H87","0"
"100334391","YHDFT304005","30WIDE X 40DEEP WITH 05 EXT","","FLOR","15","0","0","H87","0"
"100334392","YHDFT304010","30WIDE X 40DEEP WITH 10EXT","","FLOR","4","0","0","H87","0"
"100334393","YHDFT304505","30WIDE X 45DEEP WITH 05 EXT","","FLOR","1","0","0","H87","0"
"100334394","YHDFT304510","30WIDE X 45DEEP WITH 10EXT","","FLOR","1","0","0","H87","0"
"100334395","YHDFT305005","30WIDE X 50DEEP WITH 05 EXT","","FLOR","4","0","0","H87","0"
"100334396","YHDFT305010","30WIDE X 50DEEP WITH 10EXT","","FLOR","1","0","0","H87","0"
"100334397","YHDFT306005","30WIDE X 60DEEP WITH 05 EXT","","FLOR","1","0","0","H87","0"
"100334398","YHDFT352505","35WIDE X 25DEEP WITH 05 EXT","","FLOR","1","0","0","H87","0"
"100334399","YHDFT353005","35WIDE X 30DEEP WITH 05 EXT","","FLOR","4","0","0","H87","0"
"100334400","YHDFT353010","35WIDE X 30DEEP WITH 10EXT","","FLOR","1","0","0","H87","0"
"100334401","YHDFT353505","35W X 35D W/05 EXTRAINPROOF","","FLOR","7","0","0","H87","0"
"100334402","YHDFT353510","35WIDE X 35DEEP WITH 10EXT","","FLOR","1","0","0","H87","0"
"100334403","YHDFT354005","35WIDE X 40DEEP WITH 05 EXT","","FLOR","9","0","0","H87","0"
"100334404","YHDFT354010","35 WIDE X 40 DEEP WITH 10EXTENSION","","FLOR","1","0","0","H87","0"
"100334405","YHDFT354510","35WIDE X 45DEEP WITH 10EXT","","FLOR","12","0","0","H87","0"
"100334406","YHDFT355010","35WIDE X 50DEEP WITH 10EXT","","FLOR","5","0","0","H87","0"
"100334407","YHDFT355505","35WIDE X 55DEEP WITH 05 EXT","","FLOR","3","0","0","H87","0"
"100334408","YHDFT402505","40WIDE X 25DEEP WITH 05 EXT","","FLOR","2","0","0","H87","0"
"100334409","YHDFT403005","40WIDE X 30DEEP WITH 05 EXT","","FLOR","15","0","0","H87","0"
"100334410","YHDFT403010","40WIDE X 30DEEP WITH 10EXT","","FLOR","8","0","0","H87","0"
"100334411","YHDFT403505","40WIDE X 35DEEP WITH 05 EXT","","FLOR","4","0","0","H87","0"
"100334412","YHDFT403510","40WIDE X 35DEEP WITH 10EXT","","FLOR","13","0","0","H87","0"
"100334413","YHDFT403540","40WIDE X 35DEEP WI","","FLOR","1","0","0","H87","0"
"100334414","YHDFT404010","40WIDE X 40DEEP WITH 10EXT","","FLOR","8","0","0","H87","0"
"100334415","YHDFT404510","40WIDE X 45DEEP WITH 10EXT","","FLOR","20","0","0","H87","0"
"100334416","YHDFT404510BD","40WIDE X 45DEEP WITH 10EXT","","FLOR","1","0","0","H87","0"
"100334417","YHDFT405005","40WIDE X 50DEEP WITH 05 EXT","","FLOR","1","0","0","H87","0"
"100334418","YHDFT405010","40WIDE X 50DEEP WITH 10EXT","","FLOR","3","0","0","H87","0"
"100334419","YHDFT405505","40WIDE X 55DEEP WITH 05 EXT","","FLOR","1","0","0","H87","0"
"100334420","YHDFT406005","40WIDE X 60DEEP WITH 05 EXT","","FLOR","1","0","0","H87","0"
"100334421","YHDFT452505","45WIDE X 25DEEP WITH 05 EXT","","FLOR","4","0","0","H87","0"
"100334422","YHDFT453505","45WIDE X 35DEEP WITH 05 EXT","","FLOR","7","0","0","H87","0"
"100334423","YHDFT453510","45WIDE X 35DEEP WITH 10EXT","","FLOR","1","0","0","H87","0"
"100334424","YHDFT455005","45WIDE X 50DEEP WITH 05 EXT","","FLOR","1","0","0","H87","0"
"100334425","YHDFT503505","50WIDE X 35DEEP WITH 05 EXT","","FLOR","11","0","0","H87","0"
"100334426","YHDFT503510","50WIDE X 35DEEP WITH 10EXT","","FLOR","2","0","0","H87","0"
"100334427","YHDFT504010","50WIDE X 40DEEP WITH 10EXT","","FLOR","2","0","0","H87","0"
"100334428","YHDFT504505","50WIDE X 45DEEP WITH 05 EXT","","FLOR","4","0","0","H87","0"
"100334429","YHDFT504510","50WIDE X 45DEEP WITH 10EXT","","FLOR","2","0","0","H87","0"
"100334430","YHDFT505010","50WIDE X 50DEEP WITH 10EXT","","FLOR","1","0","0","H87","0"
"100334431","YHDFT505505","50WIDE X 55DEEP WI","","FLOR","1","0","0","H87","0"
"100334432","YHDFT553005","55WIDE X 30DEEP WI","","FLOR","1","0","0","H87","0"
"100334433","YHDFT554005","55WIDE X 40DEEP WI","","FLOR","1","0","0","H87","0"
"100334434","YHDFT554010","55WIDE X 40DEEP WITH 10EXT","","FLOR","4","0","0","H87","0"
"100334435","YHDFT554505","55WIDE X 45DEEP WI","","FLOR","2","0","0","H87","0"
"100334436","YHDFT555505","55WIDE X 55DEEP WI","","FLOR","1","0","0","H87","0"
"100334437","YHDFT603505","60WIDE X 35DEEP WITH 05 EXT","","FLOR","1","0","0","H87","0"
"100334438","YHDFT604505","60WIDE X 45DEEP WI","","FLOR","21","0","0","H87","0"
"100334439","YHDWR304505","30WIDE X 45DEEP WITH 05EXT","","FLOR","6","0","0","H87","0"
"100334440","YHDWR404005","40WIDE X 40DEEP WITH 05EXT","","FLOR","1","0","0","H87","0"
"100334441","YHDWR404010","HOOD W/OVERHANG","","FLOR","2","0","0","H87","0"
"100334442","YHDWR406005","40WIDE X 60DEEP WITH 05EXT","","FLOR","2","0","0","H87","0"
"100334443","YHDWR506005","50 WIDE X 60 DEEP WITH 05EXTENSION","","FLOR","1","0","0","H87","0"
"100334444","YSDFD400086","SM N3R 40W X 86H FR","","FLOR","2","0","0","H87","0"


